Name;Author;GITHUB Link;MEGA Link;Publication Year;SYNC Link;Topics;Type;cover page
The Prolongation of Life;A. A. Bogomolets;https://raw.githubusercontent.com/peatysharing/bibliography/main/Aleksandr%20Bogomolets/1946%20-%20A.%20A.%20Bogomolets%20-%20The%20Prolongation%20of%20Life.pdf;https://mega.nz/file/h1xCFA5Y#NVcTrKQfjVEZE9PtA_kBOV7hb6Dd63rMEbl6etx0Hlg;1946;;;;img/cover page/Aleksandr Bogomolets/1946 - The Prolongation of Life.webp
The Growth Process In Animals;A. E. Needham;https://raw.githubusercontent.com/peatysharing/bibliography/main/A.%20E.%20Needham/1964%20-%20A.%20E.%20Needham%20-%20The%20Growth%20Process%20In%20Animals.pdf;https://mega.nz/file/NhBRVRgZ#yqfAZaDoqodBVpqUIO_m2MPGapsFS4hMPcDS9T3RmFU;1964;;;Book;img/cover page/A. E. Needham/1964 - The Growth Process In Animals.webp
Influence Of The Blood Serum Of Schizophrenics On Carbohydrate Exchange In The Eythyrocytes Of Chickens;A. I. Krasnova;https://raw.githubusercontent.com/peatysharing/bibliography/main/A.%20I.%20Krasnova/1965%20-%20A.%20I.%20Krasnova%20-%20Influence%20Of%20The%20Blood%20Serum%20Of%20Schizophrenics%20On%20Carbohydrate%20Exchange%20In%20The%20Eythyrocytes%20Of%20Chickens.pdf;https://mega.nz/file/4tpG0CoC#xXAeZobzQ8pXnMrcl1jxvuBDCCVlkKeLRocKEQd5MFQ;1965;;;Article;img/cover page/A. I. Krasnova/1965 - Influence Of The Blood Serum Of Schizophrenics On Carbohydrate Exchange In The Eythyrocytes Of Chickens.webp
Kinetics Of Deterioration Of Pineapple Concentrate;A. J. Fontana, L. Howard, R. S. Criddle, L. D. Hansen, E. Wilhelmsen;https://raw.githubusercontent.com/peatysharing/bibliography/main/A.%20J.%20Fontana/1993%20-%20A.%20J.%20Fontana%3B%20L.%20Howard%3B%20R.%20S.%20Criddle%3B%20L.%20D.%20Hansen%3B%20E.%20Wilhelmsen%20-%20Kinetics%20Of%20Deterioration%20Of%20Pineapple%20Concentrate.pdf;https://mega.nz/file/QhpQwQQD#kEr--qxhefZi29W2aPV8ZYahefc_ExcaD7v125rwIPk;1993;;;Article;img/cover page/A. J. Fontana/1993 - Kinetics Of Deterioration Of Pineapple Concentrate.webp
Induction Of Free radicals In Seeds By High Intensive Flashes And The Relevant Phosphorus Metablism In The Seeding;A. K. Srivastava, A. G. Chetverikov, S. A. Stanko, G. V. Novikova;https://raw.githubusercontent.com/peatysharing/bibliography/main/A.%20K.%20Srivastava/1984%20-%20A.%20K.%20Srivastava%3B%20A.%20G.%20Chetverikov%3B%20S.%20A.%20Stanko%3B%20G.%20V.%20Novikova%20-%20Induction%20Of%20Free%20radicals%20In%20Seeds%20By%20High%20Intensive%20Flashes%20And%20The%20Relevant%20Phosphorus%20Metablism%20In%20The%20Seeding.pdf;https://mega.nz/file/hgJ1GDKB#EKCNT5pq7pE1E6wazGpzH35ttLZSZEH0H_H6k3RSPks;1984;;;Article;img/cover page/A. K. Srivastava/1984 - Induction Of Free radicals In Seeds By High Intensive Flashes And The Relevant Phosphorus Metablism In The Seeding.webp
Sounds And Signs;A. Kondratov;https://raw.githubusercontent.com/peatysharing/bibliography/main/A.%20Kondratov/1969%20-%20A.%20Kondratov%20-%20Sounds%20And%20Signs.pdf;https://mega.nz/file/104EkA5D#4F5D0opC_Qc3ni9KtKFuws8KfhrFbXm3ZMyFCUbUadY;1969;;;Book;img/cover page/A. Kondratov/1969 - Sounds And Signs.webp
Spectroscopy with Tunable Lasers in the Visible Region;A. L. Schawlow;https://raw.githubusercontent.com/peatysharing/bibliography/main/A.%20L.%20Schawlow/1973%20-%20A.%20L.%20Schawlow%20-%20Spectroscopy%20with%20Tunable%20Lasers%20in%20the%20Visible%20Region.pdf;https://mega.nz/file/N4ADiSgA#RfymiuqbXuBn1-js1jsaml44R62qto-FOVYDnoBAKBY;1973;;;;img/cover page/A. L. Schawlow/1973 - Spectroscopy with Tunable Lasers in the Visible Region.webp
Freudianism, Microsiocology, And Existentialism;A. M. Khaletskii;https://raw.githubusercontent.com/peatysharing/bibliography/main/A.%20M.%20Khaletskii/1965%20-%20A.%20M.%20Khaletskii%20-%20Freudianism%2C%20Microsiocology%2C%20And%20Existentialism.pdf;https://mega.nz/file/d8ZhHS7I#TcJi2rVFRb0HSZF4cOVWXV7jkIl4kvQwrRQ9jDlGMEo;1965;;;Article;img/cover page/A. M. Khaletskii/1965 - Freudianism, Microsiocology, And Existentialism.webp
The Cell And Environmental Temperature. Proceedings Of The International Symposium On Cytoecology;A. S. Troshin;https://raw.githubusercontent.com/peatysharing/bibliography/main/A.S.%20Troshin/1967%20-%20A.%20S.%20Troshin%20-%20The%20Cell%20And%20Environmental%20Temperature.%20Proceedings%20Of%20The%20International%20Symposium%20On%20Cytoecology.pdf;https://mega.nz/file/wkxTnSbQ#UNtPU-Y8QsYpaKaejrwRRUmiPwzf7hd38S10gWv2LtQ;1967;;;Book;img/cover page/A. S. Troshin/1967 - The Cell And Environmental Temperature. Proceedings Of The International Symposium On Cytoecology.webp
Problems Of Cell Permeability;A. S. Troshin, P. Alexander And Z. M. Bacq;https://raw.githubusercontent.com/peatysharing/bibliography/main/A.S.%20Troshin/1966%20-%20A.s.%20Troshin%2C%20P.%20Alexander%20And%20Z.%20M.%20Bacq%20-%20Problems%20Of%20Cell%20Permeability.pdf;https://mega.nz/file/JtZlXDSZ#iFfnVkPw_EiiI9XZqMYQUJIhirOFmhSyLDynjoevWB4;1966;https://ln5.sync.com/dl/0d0e325b0/3krzw5cw-kqbb6ev4-vm7ja9pr-xai2za3a;Biology;Book;img/cover page/A. S. Troshin/1966 - Problems Of Cell Permeability.webp
Androgenicity In Vitamins;A. Sharaf, N. Gomaa;https://raw.githubusercontent.com/peatysharing/bibliography/main/A.%20Sharaf/1970%20-%20A.%20Sharaf%3B%20N.%20Gomaa%20-%20Androgenicity%20In%20Vitamins.pdf;https://mega.nz/file/515zFTiK#CCHr7ZBgVwfceWtQztjsPzY_UDQnIZGcDbSbgfO1xV4;1970;;;Article;img/cover page/A. Sharaf/1970 - Androgenicity In Vitamins.webp
Problems Of The Biochemistry Of The Nervous System;A. V. Palladin;https://raw.githubusercontent.com/peatysharing/bibliography/main/A.%20V.%20Palladin/1964%20-%20A.%20V.%20Palladin%20-%20Problems%20Of%20The%20Biochemistry%20Of%20The%20Nervous%20System.pdf;https://mega.nz/file/h4oQgYCQ#4sJiGHWmQzwsa0g-oA39ahdfgGx-JnveXPWngfx0kzI;1964;;;Book;img/cover page/A. V. Palladin/1964 - Problems Of The Biochemistry Of The Nervous System.webp
Motivation And Personality;Abraham Harold Maslow;https://raw.githubusercontent.com/peatysharing/bibliography/main/Abraham%20Harold%20Maslow/1954%20-%20Abraham%20Harold%20Maslow%20-%20Motivation%20And%20Personality.pdf;https://mega.nz/file/owY3Eb7S#cGweZ9TBEEijfVWN7DEmJ8ZGOKzFvOeOChw6EyPKrQQ;1954;;;Book;img/cover page/Abraham Harold Maslow/1954 - Motivation And Personality.webp
The Farther Reaches Of Human Nature;Abraham Harold Maslow;https://raw.githubusercontent.com/peatysharing/bibliography/main/Abraham%20Harold%20Maslow/1971%20-%20Abraham%20Harold%20Maslow%20-%20The%20Farther%20Reaches%20Of%20Human%20Nature.pdf;https://mega.nz/file/lkYQ1ACY#B8EKMQT5TAb7PZ8CatWYfD1YjOvNc5LjGH4uGNf9aok;1971;;;Book;img/cover page/Abraham Harold Maslow/1971 - The Farther Reaches Of Human Nature.webp
Symposium On Steroids In Experimental And Clinical Practice;Abraham White;https://raw.githubusercontent.com/peatysharing/bibliography/main/Abraham%20White/1951%20-%20Abraham%20White%20-%20Symposium%20On%20Steroids%20In%20Experimental%20And%20Clinical%20Practice.pdf;https://mega.nz/file/NlZSCC7D#M6Ll2lrkQhg5l0-Xe0LsCPOhg2vht5PcrNMU8WlmU-o;1951;;;Book;img/cover page/Abraham White/1951 - Symposium On Steroids In Experimental And Clinical Practice.webp
How To Live With Schizophrenia;Abram Hoffer;https://raw.githubusercontent.com/peatysharing/bibliography/main/Abram%20Hoffer/1966%20-%20Abram%20Hoffer%20-%20How%20To%20Live%20With%20Schizophrenia.pdf;https://mega.nz/file/pxxRmJzT#6yMp5fiHRvkDEV2ePwsO8jaKquRsOiCecO9pd_60Hmk;1966;;;Book;img/cover page/Abram Hoffer/1966 - How To Live With Schizophrenia.webp
Orthomolecular Medicine For Everyone, Megavitamin Therapeutics For Families And Physicians;Abram Hoffer;https://raw.githubusercontent.com/peatysharing/bibliography/main/Abram%20Hoffer/2008%20-%20Abram%20Hoffer%20-%20Orthomolecular%20Medicine%20For%20Everyone%2C%20Megavitamin%20Therapeutics%20For%20Families%20And%20Physicians.pdf;https://mega.nz/file/Z15jzIQI#CUrywJWf0pRPD8nlNewKwsWKFddZDi2uQ3M6bakq5fk;2008;;;Book;img/cover page/Abram Hoffer/2008 - Orthomolecular Medicine For Everyone, Megavitamin Therapeutics For Families And Physicians.webp
The Chemical Basis Of Clinical Psychiatry;Abram Hoffer, Humphrey Osmond;https://raw.githubusercontent.com/peatysharing/bibliography/main/Abram%20Hoffer/1960%20-%20Abram%20Hoffer%3B%20Humphrey%20Osmond%20-%20The%20Chemical%20Basis%20Of%20Clinical%20Psychiatry.pdf;https://mega.nz/file/c4RlyASS#Extpx6OnBKEr-z06j3p7QFOch9ULdCaGTt7PZg7kfGs;1960;;;Book;img/cover page/Abram Hoffer/1960 - The Chemical Basis Of Clinical Psychiatry.webp
The Hallucinogens;Abram Hoffer, Humphry Fortescue Osmond;https://raw.githubusercontent.com/peatysharing/bibliography/main/Abram%20Hoffer/1967%20-%20Abram%20Hoffer%3B%20Humphry%20Fortescue%20Osmond%20-%20The%20Hallucinogens.pdf;https://mega.nz/file/lg4URJYB#hrfwOuwlpEcQWgwvSSpGwo8SMngK8cr3OBEWU_QxG-c;1967;;;Book;img/cover page/Abram Hoffer/1967 - The Hallucinogens.webp
Orthomolecular Nutrition, New Lifestyle For Super Good Health;Abram Hoffer, Morton Walker;https://raw.githubusercontent.com/peatysharing/bibliography/main/Abram%20Hoffer/1978%20-%20Abram%20Hoffer%3B%20Morton%20Walker%20-%20Orthomolecular%20Nutrition%2C%20New%20Lifestyle%20For%20Super%20Good%20Health.pdf;https://mega.nz/file/IgoQTYIR#QH3-WKcik9a4A8x6nuk24R7q9v0psyiMgrQUtDVfca0;1978;;;Book;img/cover page/Abram Hoffer/1978 - Orthomolecular Nutrition, New Lifestyle For Super Good Health.webp
Nutrients To Age Without Senility;Abram Hoffer, Morton Walker;https://raw.githubusercontent.com/peatysharing/bibliography/main/Abram%20Hoffer/1980%20-%20Abram%20Hoffer%3B%20Morton%20Walker%20-%20Nutrients%20To%20Age%20Without%20Senility.pdf;https://mega.nz/file/o9pmhbYL#LRQrIJx26FWXAeK8KP9ibXF_gcNhzMNVnxqkrNkG9xs;1980;;;Book;img/cover page/Abram Hoffer/1980 - Nutrients To Age Without Senility.webp
Optimum Health;Adelle Davis;https://raw.githubusercontent.com/peatysharing/bibliography/main/Adelle%20Davis/1935%20-%20Adelle%20Davis%20-%20Optimum%20Health.pdf;https://mega.nz/file/I0YEhAwZ#ZnN4MDiaZqRx50Hj7baz6-7_Fg7FVgVuY75568gfwjA;1935;;;Book;img/cover page/Adelle Davis/1935 - Optimum Health.webp
Let's Cook It Right;Adelle Davis;https://raw.githubusercontent.com/peatysharing/bibliography/main/Adelle%20Davis/1947%20-%20Adelle%20Davis%20-%20Let%27s%20Cook%20It%20Right.pdf;https://mega.nz/file/dhAkUC5J#xc_kpJcfofXQu4V7eXQQ4FEavfO1iogQysW3cxV1C_k;1947;;;Book;img/cover page/Adelle Davis/1947 - Let's Cook It Right.webp
Vitality Through Planned Nutrition;Adelle Davis;https://raw.githubusercontent.com/peatysharing/bibliography/main/Adelle%20Davis/1949%20-%20Adelle%20Davis%20-%20Vitality%20Through%20Planned%20Nutrition.pdf;https://mega.nz/file/08JmyYDB#N30eio91JnhLl2wFk3Cx1pLWlfFsJjcYDYunXSby8zs;1949;;;Book;img/cover page/Adelle Davis/1949 - Vitality Through Planned Nutrition.webp
Let's Eat Right To Keep Fit;Adelle Davis;https://raw.githubusercontent.com/peatysharing/bibliography/main/Adelle%20Davis/1954%20-%20Adelle%20Davis%20-%20Let%27s%20Eat%20Right%20To%20Keep%20Fit.pdf;https://mega.nz/file/EtpyXZZK#dVFb84cAu5c9j9xVVuEu91T-jYoDmJjKeXMJgTXOQ0M;1954;;;;img/cover page/Adelle Davis/1954 - Let's Eat Right To Keep Fit.webp
Let's Have Healthy Children;Adelle Davis;https://raw.githubusercontent.com/peatysharing/bibliography/main/Adelle%20Davis/1959%20-%20Adelle%20Davis%20-%20Let%27s%20Have%20Healthy%20Children.pdf;https://mega.nz/file/x1RDkDhJ#bgb31Qplb2Y5POGNa9xoGQjEn9wh_debwhVSVLuNOQs;1959;;;Book;img/cover page/Adelle Davis/1959 - Let's Have Healthy Children.webp
Let's Get Well;Adelle Davis;https://raw.githubusercontent.com/peatysharing/bibliography/main/Adelle%20Davis/1965%20-%20Adelle%20Davis%20-%20Let%27s%20Get%20Well.pdf;https://mega.nz/file/llwh2JbZ#kTMYDdsrlQu4ivD0pmBZavL4Eoo2l4Jf7YtiK7IjZfQ;1965;;;Book;img/cover page/Adelle Davis/1965 - Let's Get Well.webp
Science in the USSR (Part 1);Akademiia nauk SSSR;https://raw.githubusercontent.com/peatysharing/bibliography/main/Multiple%20Researchers/1973%20-%20Akademiia%20nauk%20SSSR%20-%20Science%20in%20the%20USSR%20%28Part%201%29.pdf;https://mega.nz/file/s4pDRQhA#GWojjQdIGK97hPivUn3TrLG7jHEPXbp7rPKn8GbbXwk;1973;;;;img/cover page/Multiple Researchers/1973 - Science in the USSR.webp
Science in the USSR (Part 2);Akademiia nauk SSSR;https://raw.githubusercontent.com/peatysharing/bibliography/main/Multiple%20Researchers/1973%20-%20Akademiia%20nauk%20SSSR%20-%20Science%20in%20the%20USSR%20%28Part%202%29.pdf;https://mega.nz/file/s4pDRQhA#GWojjQdIGK97hPivUn3TrLG7jHEPXbp7rPKn8GbbXwk;1973;;;;img/cover page/Multiple Researchers/1973 - Science in the USSR.webp
Vitamin E;Albert B. Vogelsang, Wilfred E. Whute, Evan Shute;https://raw.githubusercontent.com/peatysharing/bibliography/main/Albert%20B.%20Vogelsang/1948%20-%20Albert%20B.%20Vogelsang%3B%20Wilfred%20E.%20Whute%3B%20Evan%20Shute%20-%20Vitamin%20E.pdf;https://mega.nz/file/MpQFnBLZ#OHUARLIEEz2VGjx5-dVp2eHh7cFlGWR50RW-HTPP2fM;1948;;;;img/cover page/Albert B. Vogelsang/1948 - Vitamin E.webp
Concerning An Heuristic Point Of View Toward The Emission And Transformation Of Light;Albert Einstein;https://raw.githubusercontent.com/peatysharing/bibliography/main/Albert%20Einstein/1965%20-%20Albert%20Einstein%20-%20Concerning%20An%20Heuristic%20Point%20Of%20View%20Toward%20The%20Emission%20And%20Transformation%20Of%20Light.pdf;https://mega.nz/file/ckZmABKa#pI2xYKCiUxVYz791MEfBHwuQ8F5JDe4YLb7QhWTBZCo;1965;;;Article;img/cover page/Albert Einstein/1965 - Concerning An Heuristic Point Of View Toward The Emission And Transformation Of Light.webp
Role Of Sugars In Human Neutrophilic Phagocytosis;Albert Sanchez, J. L. Reeser, H. S. Lau, P. Y. Yahiku, R.e. Willard, P. J. Mcmillan, S. Y. Cho, A. R. Magie, U. D. Register;https://raw.githubusercontent.com/peatysharing/bibliography/main/Albert%20Sanchez/1973%20-%20Albert%20Sanchez%3B%20J.%20L.%20Reeser%3B%20H.%20S.%20Lau%3B%20P.%20Y.%20Yahiku%3B%20R.e.%20Willard%3B%20P.%20J.%20Mcmillan%3B%20S.%20Y.%20Cho%3B%20A.%20R.%20Magie%3B%20U.%20D.%20Register%20-%20Role%20Of%20Sugars%20In%20Human%20Neutrophilic%20Phagocytosis.pdf;https://mega.nz/file/A0RmBYBI#KQwStj69L-RYv5iKQTn7UQTRSrf-xz1QY2qEkYYa9bQ;1973;;;Article;img/cover page/Albert Sanchez/1973 - Role Of Sugars In Human Neutrophilic Phagocytosis.webp
Out Of My Life And Thought - An Autobiography;Albert Schweitzer, Antje Bultmann Lemke;https://raw.githubusercontent.com/peatysharing/bibliography/main/Albert%20Schweitzer/1998%20-%20Albert%20Schweitzer%2C%20Antje%20Bultmann%20Lemke%20-%20Out%20Of%20My%20Life%20And%20Thought%20-%20An%20Autobiography.pdf;https://mega.nz/file/Q0hR1DzT#8MB9SHhuaAicqJELyw2jbHx_AbTRILihvcaDzCAZ_Mk;1998;https://ln5.sync.com/dl/0a5f48db0/e9e3fktc-i2udntnp-3fxj4zk4-8qqzw9am;Philosophy;Book;img/cover page/Albert Schweitzer/1998 - Out Of My Life And Thought - An Autobiography.webp
Horizons In Biochemistry;Albert Szent-Gyorgi;https://raw.githubusercontent.com/peatysharing/bibliography/main/Albert%20Szent-Gyorgyi/1962%20-%20Albert%20Szent-Gyorgi%20-%20Horizons%20In%20Biochemistry.pdf;https://mega.nz/file/I1ogXS5B#ftrCHhoAjR9WN_L2_UlxHA4succk_AZibMxa2ADSf9k;1962;https://ln5.sync.com/dl/3631c1be0/nztp35ba-uemfd6py-hiww56dz-7rpiwbvr;Biochemistry;Book;img/cover page/Albert Szent-Gyorgyi/1962 - Horizons In Biochemistry.webp
On the Function of Hexuronic Acid in the Respiration of the Cabbage Leaf;Albert Szent-Gyorgyi;https://raw.githubusercontent.com/peatysharing/bibliography/main/Albert%20Szent-Gyorgyi/1931%20-%20Albert%20Szent-Gyorgyi%20-%20On%20the%20Function%20of%20Hexuronic%20Acid%20in%20the%20Respiration%20of%20the%20Cabbage%20Leaf%20.pdf;https://mega.nz/file/8hhmnAzY#FAsLKdAR9RSZBfq7BtWFQ3RjM8yGsgKeI4RqDgf9cf4;1931;;;;img/cover page/Albert Szent-Gyorgyi/1931 - On the Function of Hexuronic Acid in the Respiration of the Cabbage Leaf.webp
On Oxidation, Fermentation, Vitamins, Health and Disease;Albert Szent-Gyorgyi;https://raw.githubusercontent.com/peatysharing/bibliography/main/Albert%20Szent-Gyorgyi/1939%20-%20Albert%20Szent-Gyorgyi%20-%20On%20Oxidation%2C%20Fermentation%2C%20Vitamins%2C%20Health%20and%20Disease.pdf;https://mega.nz/file/ZsJnAKib#VnytFotS7AdRDFjo-ndWL-WAtlFpxW3tRv2kNWoNQ3o;1939;;;;img/cover page/Albert Szent-Gyorgyi/1939 - On Oxidation, Fermentation, Vitamins, Health and Disease.webp
Chemistry Of Muscular Contraction;Albert Szent-Gyorgyi;https://raw.githubusercontent.com/peatysharing/bibliography/main/Albert%20Szent-Gyorgyi/1947%20-%20Albert%20Szent-Gyorgyi%20-%20Chemistry%20Of%20Muscular%20Contraction.pdf;https://mega.nz/file/dxpHRZBY#GyInF-LISxJdH6ViytnDQ2gIVJa6MT-yTJerJMGYeWY;1947;;;Book;img/cover page/Albert Szent-Gyorgyi/1947 - Chemistry Of Muscular Contraction.webp
Nature Of Life, A Study On Muscle;Albert Szent-Gyorgyi;https://raw.githubusercontent.com/peatysharing/bibliography/main/Albert%20Szent-Gyorgyi/1948%20-%20Albert%20Szent-Gyorgyi%20-%20Nature%20Of%20Life%2C%20A%20Study%20On%20Muscle.pdf;https://mega.nz/file/8hQAGKgD#uXLdZSl5YdnXclF9dawZFH5MMcmxhVmYZWG_ZMlcek4;1948;;;Book;img/cover page/Albert Szent-Gyorgyi/1948 - Nature Of Life, A Study On Muscle.webp
Bioenergetics;Albert Szent-Gyorgyi;https://raw.githubusercontent.com/peatysharing/bibliography/main/Albert%20Szent-Gyorgyi/1957%20-%20Albert%20Szent-Gyorgyi%20-%20Bioenergetics.pdf;https://mega.nz/file/4sgCnCyD#NlP3SDi4J3RxEfJMatPIR0uoLdpeCGKeo7TTgWYN3NI;1957;https://ln5.sync.com/dl/c2c2b1490/a92zne24-sk9xhe5s-rgbmitrx-gj6wqw4p;Biochemistry;Book;img/cover page/Albert Szent-Gyorgyi/1957 - Bioenergetics.webp
Introduction To A Submolecular Biology;Albert Szent-Gyorgyi;https://raw.githubusercontent.com/peatysharing/bibliography/main/Albert%20Szent-Gyorgyi/1960%20-%20Albert%20Szent-Gyorgyi%20-%20Introduction%20To%20A%20Submolecular%20Biology.pdf;https://mega.nz/file/t4gTQJzL#QohIljD49IiZpxebMUMGI3cbLoc9VQVdDf6rJ6QKpZ4;1960;https://ln5.sync.com/dl/3c1985a30/qiiutsbf-8fvmdwtf-w5aenwmh-ecuv4nzi;Biology;Book;img/cover page/Albert Szent-Gyorgyi/1960 - Introduction To A Submolecular Biology.webp
Science, Ethics And Politics;Albert Szent-Gyorgyi;https://raw.githubusercontent.com/peatysharing/bibliography/main/Albert%20Szent-Gyorgyi/1963%20-%20Albert%20Szent-Gyorgyi%20-%20Science%2C%20Ethics%20And%20Politics.pdf;https://mega.nz/file/swZz3bgb#F86Cwl_QZVTFLmPCArU3wr2iK4_Csu2eD6YHHiFqLT4;1963;;;Book;img/cover page/Albert Szent-Gyorgyi/1963 - Science, Ethics And Politics.webp
Bioelectronics. A Study In Cellular Regulations, Defense, And Cancer;Albert Szent-Gyorgyi;https://raw.githubusercontent.com/peatysharing/bibliography/main/Albert%20Szent-Gyorgyi/1968%20-%20Albert%20Szent-Gyorgyi%20-%20Bioelectronics.%20A%20Study%20In%20Cellular%20Regulations%2C%20Defense%2C%20And%20Cancer.pdf;https://mega.nz/file/t5pBgK7T#GBcSmr0UCwYNpxiMLe6ob9rCcXCVIVtNMCsnaHdOGfU;1968;;;;img/cover page/Albert Szent-Gyorgyi/1968 - Bioelectronics. A Study In Cellular Regulations, Defense, And Cancer.webp
The Crazy Ape;Albert Szent-Gyorgyi;https://raw.githubusercontent.com/peatysharing/bibliography/main/Albert%20Szent-Gyorgyi/1970%20-%20Albert%20Szent-Gyorgyi%20-%20The%20Crazy%20Ape.pdf;https://mega.nz/file/98Q3WKhZ#jcVLGJakaajF-CjQnoZkqjViWRu_r7VuqGf2FcFKrW8;1970;https://ln5.sync.com/dl/ce2df4950/cez4y7ge-jznjserz-jmjs38wx-8y5zy3v7;Philosophy;Book;img/cover page/Albert Szent-Gyorgyi/1970 - The Crazy Ape.webp
What Next !;Albert Szent-Gyorgyi;https://raw.githubusercontent.com/peatysharing/bibliography/main/Albert%20Szent-Gyorgyi/1971%20-%20Albert%20Szent-Gyorgyi%20-%20What%20Next%20%21.pdf;https://mega.nz/file/x4B31ZSb#-DHd1ZsxeBDkk73h8NH9Ynr8o7HTjPAtDoUeoqrBwNA;1971;;;;img/cover page/Albert Szent-Gyorgyi/1971 - What Next !.webp
The Living State. With Observations On Cancer;Albert Szent-Gyorgyi;https://raw.githubusercontent.com/peatysharing/bibliography/main/Albert%20Szent-Gyorgyi/1972%20-%20Albert%20Szent-Gyorgyi%20-%20The%20Living%20State.%20With%20Observations%20On%20Cancer.pdf;https://mega.nz/file/htQAVKCR#XyvoqNgA4W-wxU6p_jlXZtww6Wz10YBIYIegJ-GLLEY;1972;;;;img/cover page/Albert Szent-Gyorgyi/1972 - The Living State. With Observations On Cancer.webp
Electronic Biology And Cancer, A New Theory Of Cancer;Albert Szent-Gyorgyi;https://raw.githubusercontent.com/peatysharing/bibliography/main/Albert%20Szent-Gyorgyi/1976%20-%20Albert%20Szent-Gyorgyi%20-%20Electronic%20Biology%20And%20Cancer%2C%20A%20New%20Theory%20Of%20Cancer.pdf;https://mega.nz/file/xt5hDAhI#GfQy3mFOTxYUd-UVvmeOnPXdB3I1kykvcgqT6xnnJZo;1976;;;Book;img/cover page/Albert Szent-Gyorgyi/1976 - Electronic Biology And Cancer, A New Theory Of Cancer.webp
The Chemical Nature of Vitamin C;Albert Szent-Gyorgyi, Joseph Louis Svirbely;https://raw.githubusercontent.com/peatysharing/bibliography/main/Albert%20Szent-Gyorgyi/1932%20-%20Albert%20Szent-Gyorgyi%3B%20Joseph%20Louis%20Svirbely%20-%20The%20Chemical%20Nature%20of%20Vitamin%20C.pdf;https://mega.nz/file/d0Jx1Z7Z#imXoKbWsSqlHT_42EnT1BT0e6kw_8wn_AY-LWNnVarM;1932;;;;img/cover page/Albert Szent-Gyorgyi/1932 - The Chemical Nature of Vitamin C.webp
The Chemical Nature of Vitamin C;Albert Szent-Gyorgyi, Joseph Louis Svirbely;https://raw.githubusercontent.com/peatysharing/bibliography/main/Albert%20Szent-Gyorgyi/1933%20-%20Albert%20Szent-Gyorgyi%3B%20Joseph%20Louis%20Svirbely%20-%20The%20Chemical%20Nature%20of%20Vitamin%20C.pdf;https://mega.nz/file/x9BARZYK#oHkEZzbAcwm0cWOF40ogFkIX9fANz9kVK4ws-vJtONM;1933;;;;img/cover page/Albert Szent-Gyorgyi/1933 - The Chemical Nature of Vitamin C.webp
Action Of Digitalis Glucosides On Isolated Frog Heart;Albert Szent-Gyorgyi, S. Hajdu;https://raw.githubusercontent.com/peatysharing/bibliography/main/Albert%20Szent-Gyorgyi/1951%20-%20Albert%20Szent-Gyorgyi%3B%20S.%20Hajdu%20-%20Action%20Of%20Digitalis%20Glucosides%20On%20Isolated%20Frog%20Heart.pdf;https://mega.nz/file/EwwXURoD#IWz0Xv6IjX6Lr4Csu4xdelYndztoKGfazOGq2xy4tKI;1951;;;Article;img/cover page/Albert Szent-Gyorgyi/1951 - Action Of Digitalis Glucosides On Isolated Frog Heart.webp
Steroid Hormones And Tumors, Tumorigenic And Antitumorigenic Actions Of Steroid Hormones And The Steroid Homeostatis;Alejandro Lipschutz;https://raw.githubusercontent.com/peatysharing/bibliography/main/Alejandro%20Lipschutz/1950%20-%20Alejandro%20Lipschutz%20-%20Steroid%20Hormones%20And%20Tumors%2C%20Tumorigenic%20And%20Antitumorigenic%20Actions%20Of%20Steroid%20Hormones%20And%20The%20Steroid%20Homeostatis.pdf;https://mega.nz/file/51YXkDAa#XMCQceTmMw4kNzjUUTvxxGXj-d84prNcujRc9rDDP_k;1950;;;Book;img/cover page/Alejandro Lipschutz/1950 - Steroid Hormones And Tumors, Tumorigenic And Antitumorigenic Actions Of Steroid Hormones And The Steroid Homeostatis.webp
L'Analyse Mitogénétique Spectrale;Alexander Ivanovich Oparin;https://raw.githubusercontent.com/peatysharing/bibliography/main/Alexander%20Ivanovich%20Oparin/1934%20-%20Alexander%20Ivanovich%20Oparin%20-%20L%27Analyse%20Mitog%C3%A9n%C3%A9tique%20Spectrale.pdf;https://mega.nz/file/Y8xlHTwT#HmzTO0OdBDb8O62VfNUXCTGrKXiySBaBUxjJd5BHKks;1934;;;Book;img/cover page/Alexander Ivanovich Oparin/1934 - L'Analyse Mitogénétique Spectrale.webp
The Origin Of Life;Alexander Ivanovich Oparin;https://raw.githubusercontent.com/peatysharing/bibliography/main/Alexander%20Ivanovich%20Oparin/1955%20-%20Alexander%20Ivanovich%20Oparin%20-%20The%20Origin%20Of%20Life.pdf;https://mega.nz/file/V9ZhwTpB#D_Y_-NPSsST-txKwFZfQopXey53fScLzI1jT9Yg2Hpg;1955;;;Book;img/cover page/Alexander Ivanovich Oparin/1955 - The Origin Of Life.webp
Science In Russian Culture;Alexander Vucinich;https://raw.githubusercontent.com/peatysharing/bibliography/main/Alexander%20Vucinich/1963%20-%20Alexander%20Vucinich%20-%20Science%20In%20Russian%20Culture.pdf;https://mega.nz/file/BgBlGCTT#_iQFkMOyp8K-3_lZHonzq1McJutPK8niYjHmgBxEZXA;1963;;;Book;img/cover page/Alexander Vucinich/1963 - Science In Russian Culture.webp
Brain And Mind;Alexandre R. Luria;https://raw.githubusercontent.com/peatysharing/bibliography/main/Alexandre%20R.%20Luria/1966%20-%20Alexandre%20R.%20Luria%20-%20Brain%20And%20Mind.pdf;https://mega.nz/file/A0oTWIKD#6sLRhLNoRPCQRH5Nqxz9uuIiUQagvII1taSM0YDvsAI;1966;;;Article;img/cover page/Alexandre R. Luria/1966 – Brain And Mind.webp
The Working Brain, An Introduction To Neuropsychology;Alexandre R. Luria;https://raw.githubusercontent.com/peatysharing/bibliography/main/Alexandre%20R.%20Luria/1973%20-%20Alexandre%20R.%20Luria%20-%20The%20Working%20Brain%2C%20An%20Introduction%20To%20Neuropsychology.pdf;https://mega.nz/file/IsxTCCyb#7Z-eNUrKVp0Uf5TYhdcFKF1cKuQj3EFQi-EBTYfAsQA;1973;;;Book;img/cover page/Alexandre R. Luria/1973 - The Working Brain, An Introduction To Neuropsychology.webp
The Mind Of A Mnemonist, A Little Book About A Vast Memory;Alexandre R. Luria, Lynn Solotaroff;https://raw.githubusercontent.com/peatysharing/bibliography/main/Alexandre%20R.%20Luria/1968%20-%20Alexandre%20R.%20Luria%3B%20Lynn%20Solotaroff%20-%20The%20Mind%20Of%20A%20Mnemonist%2C%20A%20Little%20Book%20About%20A%20Vast%20Memory.pdf;https://mega.nz/file/lx5XAKKL#TunO_m-i_pyqfkMfNiOcXTzG27WzzrR6dex9vsuLSCo;1968;;;Book;img/cover page/Alexandre R. Luria/1968 - The Mind Of A Mnemonist, A Little Book About A Vast Memory.webp
On The Permanent Life Of Tissues Outside Of The Organism;Alexis Carrel;https://raw.githubusercontent.com/peatysharing/bibliography/main/Alexis%20Carrel/1912%20-%20Alexis%20Carrel%20-%20On%20The%20Permanent%20Life%20Of%20Tissues%20Outside%20Of%20The%20Organism.pdf;https://mega.nz/file/Eh4EWZ4T#bLWITmD4f9wTwJTADsmWG1T7mtIP8hA4hQJjB5l8rK4;1912;;;Article;img/cover page/Alexis Carrel/1912 - On The Permanent Life Of Tissues Outside Of The Organism.webp
Contributions To The Study Of The Mechanism Of The Growth Of Connective Tissue;Alexis Carrel;https://raw.githubusercontent.com/peatysharing/bibliography/main/Alexis%20Carrel/1913%20-%20Alexis%20Carrel%20-%20Contributions%20To%20The%20Study%20Of%20The%20Mechanism%20Of%20The%20Growth%20Of%20Connective%20Tissue.pdf;https://mega.nz/file/NpZUAJiJ#S1DuoShmzdCJHsM8w8-xzLBswR8p5VXGG7o1sqYeHVU;1913;;;Article;img/cover page/Alexis Carrel/1913 - Contributions To The Study Of The Mechanism Of The Growth Of Connective Tissue.webp
Process And Reality;Alfred North Whitehead;https://raw.githubusercontent.com/peatysharing/bibliography/main/Alfred%20North%20Whitehead/1928%20-%20Alfred%20North%20Whitehead%20-%20Process%20And%20Reality.pdf;https://mega.nz/file/40AHwboJ#S47djRW5lN143kk4Faery3OdWpXdJKUFfMYgPYSYsVI;1928;;;Book;img/cover page/Alfred North Whitehead/1928 - Process And Reality.webp
Process And Reality;Alfred North Whitehead;https://raw.githubusercontent.com/peatysharing/bibliography/main/Alfred%20North%20Whitehead/1929%20-%20Alfred%20North%20Whitehead%20-%20Process%20And%20Reality.pdf;https://mega.nz/file/Eh4FwaQR#aNh9noNFDpnlLP39e8JwWWeE4fTWVDoESRt10ukR1V8;1929;https://ln5.sync.com/dl/2ab19b240/yw94gvxm-7vw8u24y-ryj9yqig-smc4t6hv;Philosophy;Book;img/cover page/Alfred North Whitehead/1929 - Process And Reality.webp
Modes Of Thought;Alfred North Whitehead;https://raw.githubusercontent.com/peatysharing/bibliography/main/Alfred%20North%20Whitehead/1938%20-%20Alfred%20North%20Whitehead%20-%20Modes%20Of%20Thought.pdf;https://mega.nz/file/90YASY6Z#phpx5VrRUOvSjiiqyaBirjkUDY5gUGpQQcI5PcgCc8E;1938;;;Book;img/cover page/Alfred North Whitehead/1938 - Modes Of Thought_2.webp
Avoidance By Rats Of Illumination With Low Power Nonionizing Electromagntic Energy;Allan H. Frey, Sondra R. Feld;https://raw.githubusercontent.com/peatysharing/bibliography/main/Allan%20H.%20Frey/1975%20-%20Allan%20H.%20Frey%3B%20Sondra%20R.%20Feld%20-%20Avoidance%20By%20Rats%20Of%20Illumination%20With%20Low%20Power%20Nonionizing%20Electromagntic%20Energy.pdf;https://mega.nz/file/YtoRwCSS#jrQMdFUNY90MyRKS2BMtDM7UxidFxdPz_HZHRALC4ms;1975;;;Article;img/cover page/Allan H. Frey/1975 - Avoidance By Rats Of Illumination With Low Power Nonionizing Electromagntic Energy.webp
What Is Gerovital;Ana Aslan;https://raw.githubusercontent.com/peatysharing/bibliography/main/Ana%20Aslan/1973%20-%20Ana%20Aslan%20-%20What%20Is%20Gerovital.pdf;https://mega.nz/file/o8AWCIBK#BzVZU4rDZleDZYP0LiowPU5o_IvukMAe9oqr2-CAy80;1973;;;;img/cover page/Ana Aslan/1973 - What Is Gerovital.webp
International Handbook on Aging;Ana Aslan;https://raw.githubusercontent.com/peatysharing/bibliography/main/Ana%20Aslan/1980%20-%20Ana%20Aslan%20-%20International%20Handbook%20on%20Aging.pdf;https://mega.nz/file/JsRVkagJ#KlpnzJuUlKx-tQYpFxcutS9ynbbZJLdfYR94FzC4xFQ;1980;;;;img/cover page/Ana Aslan/1980 - International Handbook on Aging.webp
Romanian Journal of Gerontology and Geriatrics Volume 1, Issue 1 (1980);Ana Aslan;https://raw.githubusercontent.com/peatysharing/bibliography/main/Ana%20Aslan/Romanian%20Journal%20of%20Gerontology%20and%20Geriatrics/Volume%201%2C%20Issue%201%20%281980%29.pdf;https://mega.nz/file/tsR0zb7b#dMuDs7ZK37fdioia-Re6-8mrFZKMzN1GOaYJmTgV-b4;;;;;img/cover page/Ana Aslan/Romanian Journal of Gerontology and Geriatrics/Volume 1, Issue 1 (1980).webp
Romanian Journal of Gerontology and Geriatrics Volume 1, Issue 2 (1980);Ana Aslan;https://raw.githubusercontent.com/peatysharing/bibliography/main/Ana%20Aslan/Romanian%20Journal%20of%20Gerontology%20and%20Geriatrics/Volume%201%2C%20Issue%202%20%281980%29.pdf;https://mega.nz/file/opoBlSzJ#r5Ij3CIMLoSbBXeJJbvOkyNbl0DOR6A6wbbIVVaFZdI;;;;;img/cover page/Ana Aslan/Romanian Journal of Gerontology and Geriatrics/Volume 1, Issue 2 (1980).webp
The Society Of Cells, Cancer Control Of Cell Proliferation;Ana M. Soto, Carlos Sonnenschein;https://raw.githubusercontent.com/peatysharing/bibliography/main/Carlos%20Sonnenschein%20%26%20Ana%20M.%20Soto/1999%20-%20Ana%20M.%20Soto%2C%20Carlos%20Sonnenschein%20-%20The%20Society%20Of%20Cells%2C%20Cancer%20Control%20Of%20Cell%20Proliferation.pdf;https://mega.nz/file/htIjwATL#nudQ-xaOjbD4cFJVFSpxv2GPA2wexZeysIlaOPU8Vpg;1999;;;;img/cover page/Carlos Sonnenschein & Ana M. Soto/1999 - The Society Of Cells, Cancer Control Of Cell Proliferation.webp
Theories Of Carcinogenesis, An Emerging Perspective;Ana M. Soto, Carlos Sonnenschein;https://raw.githubusercontent.com/peatysharing/bibliography/main/Carlos%20Sonnenschein%20%26%20Ana%20M.%20Soto/2008%20-%20Ana%20M.%20Soto%2C%20Carlos%20Sonnenschein%20-%20Theories%20Of%20Carcinogenesis%2C%20An%20Emerging%20Perspective.pdf;https://mega.nz/file/d4gQADaA#FcVJrOGUEAoPoKE3GgOf43eTP53UPBlwsdhfIltWGjg;2008;;;;img/cover page/Carlos Sonnenschein & Ana M. Soto/2008 - Theories Of Carcinogenesis, An Emerging Perspective.webp
Environmental Causes Of Cancer;Ana M. Soto, Carlos Sonnenschein;https://raw.githubusercontent.com/peatysharing/bibliography/main/Carlos%20Sonnenschein%20%26%20Ana%20M.%20Soto/2010%20-%20Ana%20M.%20Soto%2C%20Carlos%20Sonnenschein%20-%20Environmental%20Causes%20Of%20Cancer.pdf;https://mega.nz/file/N0Bl2IiA#8_h_hPYsn_BlDOv5YFc4VJafiH2NqSfga6tu4VjrvWo;2010;;;Article;img/cover page/Carlos Sonnenschein & Ana M. Soto/2010 - Environmental Causes Of Cancer.webp
The Biology Of Human Starvation Volume 1;Ancel Keys, Josef Brožek, Austin Henschel, Olaf Mickelsen;https://raw.githubusercontent.com/peatysharing/bibliography/main/Ancel%20Keys/1950%20-%20Ancel%20Keys%2C%20Josef%20Bro%C5%BEek%2C%20Austin%20Henschel%2C%20Olaf%20Mickelsen%20-%20The%20Biology%20Of%20Human%20Starvation%20Volume%201.pdf;https://mega.nz/file/ZkhXUTaa#SKHksqAzD4MD86V-RwnMe7qnjd0TtKm5NmEOKwNy58I;1950;;;;img/cover page/Ancel Keys/1950 - The Biology Of Human Starvation Volume 1.webp
The Biology Of Human Starvation Volume 2;Ancel Keys, Josef Brožek, Austin Henschel, Olaf Mickelsen;https://raw.githubusercontent.com/peatysharing/bibliography/main/Ancel%20Keys/1950%20-%20Ancel%20Keys%2C%20Josef%20Bro%C5%BEek%2C%20Austin%20Henschel%2C%20Olaf%20Mickelsen%20-%20The%20Biology%20Of%20Human%20Starvation%20Volume%202.pdf;https://mega.nz/file/N8pxTAxT#thy7TKobpcNeU507OT2Yc5ETr7iAaBmKTpZPACxpMWo;1950;;;;img/cover page/Ancel Keys/1950 - The Biology Of Human Starvation Volume 2.webp
Components Of Hypothyalamic Obesity, Bipiperidyl-mustard Lesions Add Hyperphagia To Monosodium Glutamate-induced Hyperinsulinemia;Andrew C. Scallet, John W. Olney;https://raw.githubusercontent.com/peatysharing/bibliography/main/Andrew%20C.%20Scallet/1986%20-%20Andrew%20C.%20Scallet%3B%20John%20W.%20Olney%20-%20Components%20Of%20Hypothyalamic%20Obesity%2C%20Bipiperidyl-mustard%20Lesions%20Add%20Hyperphagia%20To%20Monosodium%20Glutamate-induced%20Hyperinsulinemia.pdf;https://mega.nz/file/NsRVkIAS#mqtstqH9qbNaOrO4ORn8ycqkxXoDpmFOlR_r_tKKvPA;1986;;;Article;img/cover page/Andrew C. Scallet/1986 - Components Of Hypothyalamic Obesity, Bipiperidyl-mustard Lesions Add Hyperphagia To Monosodium Glutamate-induced Hyperinsulinemia.webp
Traces Of Bygone Biospheres;Andrey Vitalyevich Lapo;https://raw.githubusercontent.com/peatysharing/bibliography/main/Andrey%20Vitalyevich%20Lapo/1982%20-%20Andrey%20Vitalyevich%20Lapo%20-%20Traces%20Of%20Bygone%20Biospheres.pdf;https://mega.nz/file/k5hXmYbD#5BpKwfSmkXLX-Yawbg0CSfRACDiJCZ6o37JijRiWv5o;1982;;;Book;img/cover page/Andrey Vitalyevich Lapo/1982 - Traces Of Bygone Biospheres.webp
The Sacred Mushroom, Key To The Door Of Eternity;Andrija Puharich;https://raw.githubusercontent.com/peatysharing/bibliography/main/Andrija%20Puharich/1959%20-%20Andrija%20Puharich%20-%20The%20Sacred%20Mushroom%2C%20Key%20To%20The%20Door%20Of%20Eternity.pdf;https://mega.nz/file/V9JhQC5b#3waLvCa08fZGtgszTSWAFKb_NmHxLcdpld9YNzrJStE;1959;;;;img/cover page/Andrija Puharich/1959 - The Sacred Mushroom, Key To The Door Of Eternity.webp
Beyond Telephathy, The Classic Work On The Paranormal;Andrija Puharich;https://raw.githubusercontent.com/peatysharing/bibliography/main/Andrija%20Puharich/1962%20-%20Andrija%20Puharich%20-%20Beyond%20Telephathy%2C%20The%20Classic%20Work%20On%20The%20Paranormal.pdf;https://mega.nz/file/BopVzZwT#hpAqHo2O1HCwVhviEhzu8sc0VWpqtAbBv0YvRNE-NLI;1962;;;;img/cover page/Andrija Puharich/1962 - Beyond Telephathy, The Classic Work On The Paranormal.webp
Successful Treatment of Neoplasms in Mice With Gaseous Superoxide Anion (O2-) and Ozone (O3) With a Rationale for the Effect;Andrija Puharich;https://raw.githubusercontent.com/peatysharing/bibliography/main/Andrija%20Puharich/1983%20-%20Andrija%20Puharich%20-%20Successful%20Treatment%20of%20Neoplasms%20in%20Mice%20With%20Gaseous%20Superoxide%20Anion%20%28O2-%29%20and%20Ozone%20%28O3%29%20With%20a%20Rationale%20for%20the%20Effect.pdf;https://mega.nz/file/gpJxCbQS#wbee9DppTzYXeXmxvlYrdHW8YhaJClSreQUgQ-PA1Iw;1983;;;;img/cover page/Andrija Puharich/1983 - Successful Treatment of Neoplasms in Mice With Gaseous Superoxide Anion (O2-) and Ozone (O3) With a Rationale for the Effect.webp
Elf Magnetic Model Of Matter And Mind, The Origin Of Life, And The Art Of Healing;Andrija Puharich;https://raw.githubusercontent.com/peatysharing/bibliography/main/Andrija%20Puharich/1987%20-%20Andrija%20Puharich%20-%20Elf%20Magnetic%20Model%20Of%20Matter%20And%20Mind%2C%20The%20Origin%20Of%20Life%2C%20And%20The%20Art%20Of%20Healing.pdf;https://mega.nz/file/F4gG1CyB#R30dTlKoFUPxQdo5SVVPlE1jHdtoItvK3XpEesxNkCQ;1987;https://ln5.sync.com/dl/bd0b074f0/jntu9tus-uxhyf48x-jams9mtw-4p4chqcm;EMF;Book;img/cover page/Andrija Puharich/1987 - Elf Magnetic Model Of Matter And Mind, The Origin Of Life, And The Art Of Healing.webp
New And Nonofficial Remedies;Armour;https://raw.githubusercontent.com/peatysharing/bibliography/main/Armour%20%26%20Co/1912%20-%20Armour%20%26%20Co%20-%20New%20And%20Nonofficial%20Remedies.pdf;https://mega.nz/file/845BEIqI#YX22POuWZIp0KJPbcJcJu86ANRnYpvqyGongf4pFdKQ;1912;;;Article;img/cover page/Armour & Co/1912 - New And Nonofficial Remedies.webp
Induction of Sexual Receptivity in Estrogen Conditioned Spayed Female Guinea Pigs by Orally Administered Progesterone and Pregneninolone;Arnold L. Soderwall;https://raw.githubusercontent.com/peatysharing/bibliography/main/Arnold%20L.%20Soderwall/1940%20-%20Arnold%20L.%20Soderwall%20-%20Induction%20of%20Sexual%20Receptivity%20in%20Estrogen%20Conditioned%20Spayed%20Female%20Guinea%20Pigs%20by%20Orally%20Administered%20Progesterone%20and%20Pregneninolone.pdf;https://mega.nz/file/N5QTAChR#vg0NiFfzRyWnQyaBjZQJfsqirzIvBZLEn9SAkDLE8b8;1940;;;;img/cover page/Arnold L. Soderwall/1940 - Induction of Sexual Receptivity in Estrogen Conditioned Spayed Female Guinea Pigs by Orally Administered Progesterone and Pregneninolone.webp
The Natural Superiority Of Women;Ashley Montagu;https://raw.githubusercontent.com/peatysharing/bibliography/main/Ashley%20Montagu/1953%20-%20Ashley%20Montagu%20-%20The%20Natural%20Superiority%20Of%20Women.pdf;https://mega.nz/file/V4BnBSSZ#JEVsVHrF-Ct3lY02h5LLuTWu4JyzOO6opVmRyFk99Uo;1953;;;Book;img/cover page/Ashley Montagu/1953 - The Natural Superiority Of Women.webp
Growing Young;Ashley Montagu;https://raw.githubusercontent.com/peatysharing/bibliography/main/Ashley%20Montagu/1981%20-%20Ashley%20Montagu%20-%20Growing%20Young.pdf;https://mega.nz/file/0wQUyKST#FAZLpd_s_BfNiRCHS7wNn4NGw5zqbjyTsOm2KEYc0bg;1981;;;Book;img/cover page/Ashley Montagu/1981 - Growing Young.webp
The Vacuolating Virus SV40;B. H. Sweet, M. R. Hilleman;https://raw.githubusercontent.com/peatysharing/bibliography/main/Maurice%20R.%20Hilleman/1960%20-%20B.%20H.%20Sweet%2C%20M.%20R.%20Hilleman%20-%20The%20Vacuolating%20Virus%20Sv40.pdf;https://mega.nz/file/o0xB3QAR#eMBxb7lgtNbEWTO_lsT0RnETvvY2FMnLN5j2ZONsv28;1960;;;Article;img/cover page/Maurice R. Hilleman/1960 - The Vacuolating Virus SV40.webp
Total And Free Estrogens And Androgens In Postmenopausal Women With Hip Fractures;B. J. Davidson, R. K. Ross, A. Paganini-Hill, G. D. Hammond, P. K. Siiteri, H. L. Judd;https://raw.githubusercontent.com/peatysharing/bibliography/main/B.%20J.%20Davidson/1982%20-%20B.%20J.%20Davidson%3B%20R.%20K.%20Ross%3B%20A.%20Paganini-Hill%3B%20G.%20D.%20Hammond%3B%20P.%20K.%20Siiteri%3B%20H.%20L.%20Judd%20-%20Total%20And%20Free%20Estrogens%20And%20Androgens%20In%20Postmenopausal%20Women%20With%20Hip%20Fractures.pdf;https://mega.nz/file/okwTiKLY#1-nP7wkrvyei93jzsHhTotIco7IzMADO3n2nqke19NM;1982;;;Article;img/cover page/B. J. Davidson/1982 - Total And Free Estrogens And Androgens In Postmenopausal Women With Hip Fractures.webp
Identity Of The Acetylcholine, Adrenalin And Serotonin Receptors;B. N. Manukhin, T. M. Turpaev;https://raw.githubusercontent.com/peatysharing/bibliography/main/B.%20N.%20Manukhin/1972%20-%20B.%20N.%20Manukhin%3B%20T.%20M.%20Turpaev%20-%20Identity%20Of%20The%20Acetylcholine%2C%20Adrenalin%20And%20Serotonin%20Receptors.pdf;https://mega.nz/file/E55XGC5L#3yw9VQ1FcUwELrJMNP5rbNPgfjwfhtBJ_8rnSHHAEs4;1972;;;Article;img/cover page/B. N. Manukhin/1972 - Identity Of The Acetylcholine, Adrenalin And Serotonin Receptors.webp
The Significance Of Responses Of The Genome To Challenge;Barbara McClintock;https://raw.githubusercontent.com/peatysharing/bibliography/main/Barbara%20McClintock/1984%20-%20Barbara%20McClintock%20-%20The%20Significance%20Of%20Responses%20Of%20The%20Genome%20To%20Challenge.pdf;https://mega.nz/file/Y5ZRiAbQ#bsHBKg0DTeFSN0XFgZdWZMhze-NcjRKX0TZBBptK9qw;1984;;;Article;img/cover page/Barbara McClintock/1984 - The Significance Of Responses Of The Genome To Challenge.webp
Inadequate Corpus Luteum Function, A Pathophysiological Interpretation Of Human Breast Cancer Epidemiology;Barry M. Sherman, Stanley G. Korenman;https://raw.githubusercontent.com/peatysharing/bibliography/main/Barry%20M.%20Sherman/1974%20-%20Barry%20M.%20Sherman%3B%20Stanley%20G.%20Korenman%20-%20Inadequate%20Corpus%20Luteum%20Function%2C%20A%20Pathophysiological%20Interpretation%20Of%20Human%20Breast%20Cancer%20Epidemiology.pdf;https://mega.nz/file/xpAUmApL#FNVkG_0X-E4p8sLe4nL6sOQnj_gQ5yBqTiJd7lvXRXM;1974;;;Article;img/cover page/Barry M. Sherman/1974 - Inadequate Corpus Luteum Function, A Pathophysiological Interpretation Of Human Breast Cancer Epidemiology.webp
Why Your Child Is Hyperactive;Ben F. Feingold;https://raw.githubusercontent.com/peatysharing/bibliography/main/Ben%20F.%20Feingold/1975%20-%20Ben%20F.%20Feingold%20-%20Why%20Your%20Child%20Is%20Hyperactive.pdf;https://mega.nz/file/U051mTqZ#s858uo1oRddE9O4oNXSt_1xlHz7TAuwRI8IVKgGqRus;1975;;;Book;img/cover page/Ben F. Feingold/1975 - Why Your Child Is Hyperactive.webp
Why Your Child Is Hyperactive;Ben F. Feingold;https://raw.githubusercontent.com/peatysharing/bibliography/main/Ben%20F.%20Feingold/1985%20-%20Ben%20F.%20Feingold%20-%20Why%20Your%20Child%20Is%20Hyperactive.pdf;https://mega.nz/file/cwJjkZIb#XsRVBeI38KjPmCchcjRkuGiJlTGubsGUAJniU4xyIwI;1985;;;Book;img/cover page/Ben F. Feingold/1985 - Why Your Child Is Hyperactive.webp
Medical Inquiries And Observations;Benjamin Rush;https://raw.githubusercontent.com/peatysharing/bibliography/main/Benjamin%20Rush/1805%20-%20Benjamin%20Rush%20-%20Medical%20Inquiries%20And%20Observations.pdf;https://mega.nz/file/A4BETRBJ#pM44ZgJHhwZdGFX2thNSt0kiiB04glb4RsMEfKgqiRA;1805;;;Book;img/cover page/Benjamin Rush/1805 - Medical Inquiries And Observations.webp
Medical Inquiries And Observations Upon The Diseases Of The Mind;Benjamin Rush;https://raw.githubusercontent.com/peatysharing/bibliography/main/Benjamin%20Rush/1962%20-%20Benjamin%20Rush%20-%20Medical%20Inquiries%20And%20Observations%20Upon%20The%20Diseases%20Of%20The%20Mind.pdf;https://mega.nz/file/R5x3XQBA#X-gNqWmZy5THkh6RG9zNbRTUcJIIWFmaOBKyGh6SV_o;1962;;;Book;img/cover page/Benjamin Rush/1962 - Medical Inquiries And Observations Upon The Diseases Of The Mind.webp
The Ants;Bert Hölldobler, Edward O. Wilson;https://raw.githubusercontent.com/peatysharing/bibliography/main/E.%20O.%20Wilson/1990%20-%20Bert%20Ho%CC%88lldobler%3B%20Edward%20O.%20Wilson%20-%20The%20ants.pdf;https://mega.nz/file/ghITWbKa#VUACFfj1vEA_nxYlfxcDgCjiU0iWvY5rEp7tWqtg1_g;1990;;;;img/cover page/E. O. Wilson/1990 - The Ants.webp
Dying And Death, With Special Reference To Brain Death. A Bibliography;Blair-st Giles Ba, Harold Hillman;https://raw.githubusercontent.com/peatysharing/bibliography/main/Harold%20Hillman/1983%20-%20Blair-st%20Giles%20Ba%2C%20Harold%20Hillman%20-%20Dying%20And%20Death%2C%20With%20Special%20Reference%20To%20Brain%20Death.%20A%20Bibliography.pdf;https://mega.nz/file/1lgSDBKL#_VRKqxIpslfEzVm3uvTk00Vje-LNL1YtsdDAFVr9WIM;1983;;;Article;img/cover page/Harold Hillman/1983 - Dying And Death, With Special Reference To Brain Death. A Bibliography.webp
Right-wing Authoritarianism;Bob Altemeyer;https://raw.githubusercontent.com/peatysharing/bibliography/main/Bob%20Altemeyer/1981%20-%20Bob%20Altemeyer%20-%20Right-wing%20Authoritarianism.pdf;https://mega.nz/file/k1JiQJYB#EWHSkvuK8SXGO9h3IZoEoXpyww0vpIXqDp0WT6DQ_vg;1981;https://ln5.sync.com/dl/f69d4b960/27yuze69-9f2gq94p-n3d8q22t-wsiwx8ac;Psychology;Book;img/cover page/Bob Altemeyer/1981 - Right-wing Authoritarianism.webp
On the Kyungrak System;Bong-Han Kim;https://raw.githubusercontent.com/peatysharing/bibliography/main/Bong-Han%20Kim/1964%20-%20Bong-Han%20Kim%20-%20On%20the%20Kyungrak%20System.pdf;https://mega.nz/file/pkw2XQxR#ercShjP4Q8p0QD7rol_-_Q4yOp13PC90MgPOOFxzZhM;1964;;;Book;img/cover page/Bong-Han Kim/1964 - On the Kyungrak System.webp
Developmental And comparative Biological Study Of Primo Vascular System;Bong-Han Kim;https://raw.githubusercontent.com/peatysharing/bibliography/main/Bong-Han%20Kim/2012%20-%20Bong-Han%20Kim%20-%20Developmental%20And%20comparative%20Biological%20Study%20Of%20Primo%20Vascular%20System.pdf;https://mega.nz/file/phw1TT4A#0zuYMAlDG94jRK0HsR-BbseI3dXnsupDe8_7hJEsqas;2012;;;;img/cover page/Bong-Han Kim/2012 - Developmental And comparative Biological Study Of Primo Vascular System.webp
Clinically Inactive Thyroid USP, A Preliminary Report;Boris Catz, Eli Ginsburg, Stephen Salenger;https://raw.githubusercontent.com/peatysharing/bibliography/main/Boris%20Catz/1962%20-%20Boris%20Catz%3B%20Eli%20Ginsburg%3B%20Stephen%20Salenger%20-%20Clinically%20Inactive%20Thyroid%20USP%2C%20A%20Preliminary%20Report.pdf;https://mega.nz/file/V1p0GSxD#9YzV5mTPXg-5nv3qyTNrXODisxVL-ZdqpKdn-wwGNPk;1962;;;Article;img/cover page/Boris Catz/1962 - Clinically Inactive Thyroid USP, A Preliminary Report.webp
Physiology For Everyone;Boris F. Sergeev;https://raw.githubusercontent.com/peatysharing/bibliography/main/Boris%20F.%20Sergeev/1973%20-%20Boris%20F.%20Sergeev%20-%20Physiology%20For%20Everyone.pdf;https://mega.nz/file/AlQ30ZyY#k8s5vu2enyVahvMoTfW6UCmKMB9LtoUr80sAvV16rkg;1973;;;Book;img/cover page/Boris F. Sergeev/1973 - Physiology For Everyone.webp
Summary Of Development Of The Theory Of Stability Of Colloids And Thin Films;Boris V. Derjaguin;https://raw.githubusercontent.com/peatysharing/bibliography/main/Boris%20V.%20Derjaguin/1992%20-%20Boris%20V.%20Derjaguin%20-%20Summary%20Of%20Development%20Of%20The%20Theory%20Of%20Stability%20Of%20Colloids%20And%20Thin%20Films.pdf;https://mega.nz/file/A4RQHJ5R#2Dv2Nm2gIAmgWGaQUUIS0nruWZ2qpOlNtgFbSMel0YM;1992;;;Article;img/cover page/Boris V. Derjaguin/1992 - Summary Of Development Of The Theory Of Stability Of Colloids And Thin Films.webp
Surface Forces;Boris V. Derjaguin, N. V. Churaev, V. M. Muller;https://raw.githubusercontent.com/peatysharing/bibliography/main/Boris%20V.%20Derjaguin/1987%20-%20Boris%20V.%20Derjaguin%3B%20N.%20V.%20Churaev%2C%20V.%20M.%20Muller%20-%20Surface%20Forces.pdf;https://mega.nz/file/VlZ2AIyC#MPhhB7XcJYFodUfXc0zEuqtUOvRziJg7xKY_vJPCC4k;1987;;;Book;img/cover page/Boris V. Derjaguin/1987 - Surface Forces.webp
The Creative Process, A Symposium;Brewster Ghiselin;https://raw.githubusercontent.com/peatysharing/bibliography/main/Brewster%20Ghiselin/1954%20-%20Brewster%20Ghiselin%20-%20The%20Creative%20Process%2C%20A%20Symposium.pdf;https://mega.nz/file/81xD3LZb#eZWs-jZ_Bmwzd4KRvcF1CQ6DjawXdgWsCU4rp1uM50U;1954;https://ln5.sync.com/dl/85819fdd0/z58kh2ij-fecz3afw-vh7wq9qz-4h7qurbf;Creativity;Book;img/cover page/Brewster Ghiselin/1954 - The Creative Process, A Symposium.webp
Basal Temperature Versus Basal Metabolism;Broda O. Barnes;https://raw.githubusercontent.com/peatysharing/bibliography/main/Broda%20O.%20Barnes/1942%20-%20Broda%20O.%20Barnes%20-%20Basal%20Temperature%20Versus%20Basal%20Metabolism.pdf;https://mega.nz/file/E8h1HToT#vLXw4t_LEc9wq_Ng88h5LNmkx5vUttw3RsFDSFEpFks;1942;;;;img/cover page/Broda Otto Barnes/1942 - Basal Temperature Versus Basal Metabolism.webp
Furuncolis--Etiology and Treatment;Broda O. Barnes;https://raw.githubusercontent.com/peatysharing/bibliography/main/Broda%20O.%20Barnes/1943%20-%20Broda%20O.%20Barnes%20-%20Furuncolis--Etiology%20and%20Treatment.pdf;https://mega.nz/file/JhIW2TiI#d6bXUapZHm79JPILIsr0jLVGEDSHcafO4ksjJFptNP8;1943;;;;img/cover page/Broda Otto Barnes/1943 - Furuncolis, Etiology and Treatment.webp
The Treatment of Menstrual Disorders in General Practice;Broda O. Barnes;https://raw.githubusercontent.com/peatysharing/bibliography/main/Broda%20O.%20Barnes/1949%20-%20Broda%20O.%20Barnes%20-%20The%20Treatment%20of%20Menstrual%20Disorders%20in%20General%20Practice.pdf;https://mega.nz/file/JlQ3AbwI#67HJBzhxb6Oy77UY4CSqOLVsuRe3YvEiAF82FeXN_10;1949;;;;img/cover page/Broda Otto Barnes/1949 - The Treatment of Menstrual Disorders in General Practice.webp
One Factor In Increase Of Bronchial Carcinoma;Broda O. Barnes;https://raw.githubusercontent.com/peatysharing/bibliography/main/Broda%20O.%20Barnes/1960%20-%20Broda%20O.%20Barnes%20-%20One%20Factor%20In%20Increase%20Of%20Bronchial%20Carcinoma.pdf;https://mega.nz/file/RkxBAAoD#OQVJRd8UsJHzq0xQt_6CecnAJFm_aFjQ8WhPpxdulxY;1960;;;;img/cover page/Broda Otto Barnes/1960 - One Factor In Increase Of Bronchial Carcinoma.webp
Response in JAMA;Broda O. Barnes;https://raw.githubusercontent.com/peatysharing/bibliography/main/Broda%20O.%20Barnes/1971%20-%20Broda%20O.%20Barnes%20-%20Response%20in%20JAMA.pdf;https://mega.nz/file/RwYU0ADY#IyXiEGB4TjHn_t3ofzi8h3fK8LRZUDYBS8sI8ww_-hM;1971;;;;img/cover page/Broda Otto Barnes/1971 - Response in JAMA.webp
The Coronary Drug Project;Broda O. Barnes;https://raw.githubusercontent.com/peatysharing/bibliography/main/Broda%20O.%20Barnes/1972%20-%20Broda%20O.%20Barnes%20-%20The%20Coronary%20Drug%20Project.pdf;https://mega.nz/file/01gHRDxa#P6_xMhpo7Nl55lENMxF_4Dvp5pFWUv3cEBMXw60S9GE;1972;;;;img/cover page/Broda Otto Barnes/1972 - The Coronary Drug Project.webp
On the Genesis of Atherosclerosis;Broda O. Barnes;https://raw.githubusercontent.com/peatysharing/bibliography/main/Broda%20O.%20Barnes/1973%20-%20Broda%20O.%20Barnes%20-%20On%20the%20Genesis%20of%20Atherosclerosis.pdf;https://mega.nz/file/B9pUmR6A#TKi_scGBhHtiz74y6SN_LuaNuOyialEZEIhfsoAa91Y;1973;;;;img/cover page/Broda Otto Barnes/1973 - On the Genesis of Atherosclerosis.webp
Thyroid-Adrenocortical Relationships in the Safe Treatment of Arthritis, Allergy, and Skin Disorders with Prednisone;Broda O. Barnes;https://raw.githubusercontent.com/peatysharing/bibliography/main/Broda%20O.%20Barnes/1975%20-%20Broda%20O.%20Barnes%20-%20Thyroid-Adrenocortical%20Relationships%20in%20the%20Safe%20Treatment%20of%20Arthritis%2C%20Allergy%2C%20and%20Skin%20Disorders%20with%20Prednisone.pdf;https://mega.nz/file/wgwX2KJL#7iLKNAbcN7uhQYZHs9j6PtFFRnRkiAfIZo4wViXx5ts;1975;;;;img/cover page/Broda Otto Barnes/1975 - Thyroid-Adrenocortical Relationships in the Safe Treatment of Arthritis, Allergy, and Skin Disorders with Prednisone.webp
Solved, The Riddle Of Heart Attacks [cleaned - With Index];Broda O. Barnes;https://raw.githubusercontent.com/peatysharing/bibliography/main/Broda%20O.%20Barnes/1976%20-%20Broda%20O.%20Barnes%20-%20Solved%2C%20The%20Riddle%20Of%20Heart%20Attacks%20%5Bcleaned%20-%20With%20Index%5D.pdf;https://mega.nz/file/d1YiXACY#99ERHZLlf38JgG8wDRY7-StKA8SxStz0QZUVoAwKemc;1976;;;Book;img/cover page/Broda Otto Barnes/1976 - Solved, The Riddle of Heart Attacks.webp
Solved, The Riddle Of Heart Attacks [cleaned - Without Index];Broda O. Barnes;https://raw.githubusercontent.com/peatysharing/bibliography/main/Broda%20O.%20Barnes/1976%20-%20Broda%20O.%20Barnes%20-%20Solved%2C%20The%20Riddle%20Of%20Heart%20Attacks%20%5Bcleaned%20-%20Without%20Index%5D.pdf;https://mega.nz/file/UtREnSiD#nC1jjZW1f0M3QRDRAJRMKPRnPayl-hquN3Hvo2aNBOc;1976;;;Book;img/cover page/Broda Otto Barnes/1976 - Solved, The Riddle of Heart Attacks.webp
Solved, The Riddle Of Heart Attacks [raw - Low Quality But Readable];Broda O. Barnes;https://raw.githubusercontent.com/peatysharing/bibliography/main/Broda%20O.%20Barnes/1976%20-%20Broda%20O.%20Barnes%20-%20Solved%2C%20The%20Riddle%20Of%20Heart%20Attacks%20%5Braw%20-%20Low%20Quality%20But%20Readable%5D.pdf;https://mega.nz/file/dhBT2Q7T#tot3VoqMQGCAa_chDYkXocLodiseZ5eGcEWUqO3S7fo;1976;;;Book;img/cover page/Broda Otto Barnes/1976 - Solved, The Riddle of Heart Attacks.webp
Thyroid Supplements And Breast Cancer;Broda O. Barnes;https://raw.githubusercontent.com/peatysharing/bibliography/main/Broda%20O.%20Barnes/1976%20-%20Broda%20O.%20Barnes%20-%20Thyroid%20Supplements%20And%20Breast%20Cancer.pdf;https://mega.nz/file/Rw5m3RZB#FDqdzEqKelDXHUnkODHXqpNC9QQGfPhJsELvae5N2ck;1976;;;;img/cover page/Broda Otto Barnes/1976 - Thyroid Supplements And Breast Cancer.webp
Heart Attack Rareness In Thyroid Treated Patients;Broda O. Barnes, Charlotte W. Barnes;https://raw.githubusercontent.com/peatysharing/bibliography/main/Broda%20O.%20Barnes/1972%20-%20Broda%20O.%20Barnes%3B%20Charlotte%20W.%20Barnes%20-%20Heart%20Attack%20Rareness%20In%20Thyroid%20Treated%20Patients.pdf;https://mega.nz/file/0lRkSboQ#TSeh72uxZmSjBI6lrqYVKo25kTLDCf-ZLnOL0WAsU1k;1972;;;;img/cover page/Broda Otto Barnes/1972 - Heart Attack Rareness In Thyroid Treated Patients.webp
The Role of Natural Consequences in the Changing Death Patterns;Broda O. Barnes, Max Ratzenhofer, Richard Gisi;https://raw.githubusercontent.com/peatysharing/bibliography/main/Broda%20O.%20Barnes/1974%20-%20Broda%20O.%20Barnes%3B%20Max%20Ratzenhofer%3B%20Richard%20Gisi%20-%20The%20Role%20of%20Natural%20Consequences%20in%20the%20Changing%20Death%20Patterns.pdf;https://mega.nz/file/19J2WJpQ#Jo-vLhe1NiVYehYtMhReTzUqIe0zm5LgPB55hy7Y4fc;1974;;;;img/cover page/Broda Otto Barnes/1974 - The Role of Natural Consequences in the Changing Death Patterns.webp
Androgen And The Xanthomatoses;Broda O. Barnes, Theodore Cornbleet;https://raw.githubusercontent.com/peatysharing/bibliography/main/Broda%20O.%20Barnes/1941%20-%20Broda%20O.%20Barnes%3B%20Theodore%20Cornbleet%20-%20Androgen%20And%20The%20Xanthomatoses.pdf;https://mega.nz/file/sgQDgJQK#tRGVZ8IYp1ZKW3dh3iRaIzil8N8lrhUl4-MHhyXn91o;1941;;;;img/cover page/Broda Otto Barnes/1941 - Androgen And The Xanthomatoses.webp
The Hormone And Acne Vulgaris;Broda O. Branes, Theodore Cornbleet;https://raw.githubusercontent.com/peatysharing/bibliography/main/Broda%20O.%20Barnes/1939%20-%20Broda%20O.%20Branes%3B%20Theodore%20Cornbleet%20-%20The%20Hormone%20And%20Acne%20Vulgaris.pdf;https://mega.nz/file/M85GQJaa#_9VEAhdyiD_3-EfAKTt9JPKuktL_iQmrsHcIiBtUWfE;1939;;;;img/cover page/Broda Otto Barnes/1939 - The Hormone And Acne Vulgaris.webp
Hypothyroidism The Unsuspected Illness;Broda Otto Barnes;https://raw.githubusercontent.com/peatysharing/bibliography/main/Broda%20O.%20Barnes/1976%20-%20Broda%20Otto%20Barnes%20-%20Hypothyroidism%20The%20Unsuspected%20Illness.pdf;https://mega.nz/file/IsYU0JQL#FSHg-k-oXWeSnBoR9Vd5tpw6-plHlJx-moOG8mpj_qE;1976;;;;img/cover page/Broda Otto Barnes/1976 - Hypothyroidism The Unsuspected Illness.webp
Hope For Hypoglycemia;Broda Otto Barnes;https://raw.githubusercontent.com/peatysharing/bibliography/main/Broda%20O.%20Barnes/1989%20-%20Broda%20Otto%20Barnes%20-%20Hope%20For%20Hypoglycemia.pdf;https://mega.nz/file/J54CHLSY#gbz24w4IZG4PfuKwMt8sSfDZD_FdO2s3-YOcefsVRUA;1989;;;;img/cover page/Broda Otto Barnes/1989 - Hope For Hypoglycemia.webp
Beyond Freedom And Dignity;Burrhus Frederic Skinner;https://raw.githubusercontent.com/peatysharing/bibliography/main/Burrhus%20Frederic%20Skinner/1971%20-%20Burrhus%20Frederic%20Skinner%20-%20Beyond%20Freedom%20And%20Dignity.pdf;https://mega.nz/file/gxxDTCgT#acfVyCstAHO6fl7yt3GC9w7JfKPX1Dh4SwwelB2s3iI;1971;;;Book;img/cover page/Burrhus Frederic Skinner/1971 - Beyond Freedom And Dignity.webp
Senile Dementia Of The Alzheimer Type, Early Diagnosis Neuropathlogy And Animal Models;C. Flicker, S. H. Ferris, T. Crook, R. T. Bartus, B. Reisberg, Dr. Jörg Traber, Willem Hendrik Gispen;https://raw.githubusercontent.com/peatysharing/bibliography/main/C.%20Flicker/1985%20-%20C.%20Flicker%3B%20S.%20H.%20Ferris%3B%20T.%20Crook%3B%20R.%20T.%20Bartus%3B%20B.%20Reisberg%3B%20Dr.%20J%C3%B6rg%20Traber%3B%20Willem%20Hendrik%20Gispen%20-%20Senile%20Dementia%20Of%20The%20Alzheimer%20Type%2C%20Early%20Diagnosis%20Neuropathlogy%20And%20Animal%20Models.pdf;https://mega.nz/file/J8In2TDQ#OqjENYbuqfbnYg5n-Rp7rFn7pIjb-z-E1-pqFUOheLs;1985;;;Book;img/cover page/C. Flicker/1985 - Senile Dementia Of The Alzheimer Type, Early Diagnosis Neuropathlogy And Animal Models.webp
The Nootropic Approach To The Pharmacology Of The Integrative Activity Of The Brain;C. Giurgea;https://raw.githubusercontent.com/peatysharing/bibliography/main/C.%20Giurgea/1973%20-%20C.%20Giurgea%20-%20The%20Nootropic%20Approach%20To%20The%20Pharmacology%20Of%20The%20Integrative%20Activity%20Of%20The%20Brain.pdf;https://mega.nz/file/t5gynTbJ#ceq2t_AMc_710F_YOQK3vicMoEtra39Gb04UiYVUJ_k;1973;;;Article;img/cover page/C. Giurgea/1973 - The Nootropic Approach To The Pharmacology Of The Integrative Activity Of The Brain.webp
A Unified Biosocial Theory of Personality and Its Role in the Development of Anxiety States;C. Robert Cloninger;https://raw.githubusercontent.com/peatysharing/bibliography/main/C.%20Robert%20Cloninger/1986%20-%20C.%20Robert%20Cloninger%20-%20A%20Unified%20Biosocial%20Theory%20of%20Personality%20and%20Its%20Role%20in%20the%20Development%20of%20Anxiety%20States%20.pdf;https://mega.nz/file/V9oEwYBZ#8nIVnaoj9bPtkt3jQdxJWBmt8UlDTTdGfvTPyOhPYO8;1986;;;;img/cover page/C. Robert Cloninger/1986 - A Unified Biosocial Theory of Personality and Its Role in the Development of Anxiety States.webp
The Psychobiological Regulation of Social Cooperation;C. Robert Cloninger;https://raw.githubusercontent.com/peatysharing/bibliography/main/C.%20Robert%20Cloninger/1995%20-%20C.%20Robert%20Cloninger%20-%20The%20Psychobiological%20Regulation%20of%20Social%20Cooperation.pdf;https://mega.nz/file/NlpEALpD#6VMnGn4YH7ogeajwnhgjoavq6xMpTyklpcDuR-V9MRM;1995;;;;img/cover page/C. Robert Cloninger/1995 - The Psychobiological Regulation of Social Cooperation.webp
Personality And Psychopathology;C. Robert Cloninger;https://raw.githubusercontent.com/peatysharing/bibliography/main/C.%20Robert%20Cloninger/1999%20-%20C.%20Robert%20Cloninger%20-%20Personality%20And%20Psychopathology.pdf;https://mega.nz/file/dh4URYbR#Zn2ByWczKNsyRP-TQHN_a96Tid8_2aFjFdZfy8K-EO4;1999;;;;img/cover page/C. Robert Cloninger/1999 - Personality And Psychopathology.webp
Psychogenic Movement Disorders - Neurology and Neuropsychiatry;C. Robert Cloninger.;https://raw.githubusercontent.com/peatysharing/bibliography/main/C.%20Robert%20Cloninger/2006%20-%20C.%20Robert%20Cloninger%20et%20al.%20-%20Psychogenic%20Movement%20Disorders%20-%20Neurology%20and%20Neuropsychiatry.pdf;https://mega.nz/file/Eo5FnaiA#1Di34NufRu4KClmpS1KRjAA6nGzkBcXsvyNudbeOODo;2006;;;;img/cover page/C. Robert Cloninger/2006 - Psychogenic Movement Disorders. Neurology and Neuropsychiatry.webp
The Cold War In Biology;Carl C. Lindegren;https://raw.githubusercontent.com/peatysharing/bibliography/main/Carl%20C.%20Lindegren/1966%20-%20Carl%20C.%20Lindegren%20-%20The%20Cold%20War%20In%20Biology.pdf;https://mega.nz/file/Eo41VR5R#s-_Q9dT6-gwbYMV8R1LrkXp4OXec09T4u5EzYYyPGWc;1966;https://ln5.sync.com/dl/0f7b74300/9cf22pqi-3neyspa5-dzrms6gt-gry8a4t2;Biology;Book;img/cover page/Carl C. Lindegren/1966 - The Cold War In Biology.webp
Mental And Elemental Nutrients, A Physician's Guide To Nutrition And Health Care;Carl C. Pfeiffer;https://raw.githubusercontent.com/peatysharing/bibliography/main/Carl%20C.%20Pfeiffer/1976%20-%20Carl%20C.%20Pfeiffer%20-%20Mental%20And%20Elemental%20Nutrients%2C%20A%20Physician%27s%20Guide%20To%20Nutrition%20And%20Health%20Care.pdf;https://mega.nz/file/15gDSABZ#R13YSHr-SpIsL0Q-YyQCzpBORj4QqFzikzTjeoU_qlY;1976;;;Book;img/cover page/Carl C. Pfeiffer/1976 - Mental And Elemental Nutrients, A Physician's Guide To Nutrition And Health Care.webp
Client-centered Therapy;Carl Ransom Rogers;https://raw.githubusercontent.com/peatysharing/bibliography/main/Carl%20Ransom%20Rogers/1951%20-%20Carl%20Ransom%20Rogers%20-%20Client-centered%20Therapy.pdf;https://mega.nz/file/9kYAiTzY#COUPsi5suvIUtz6KXf35VHpuEiseR4JnS3svxS508f4;1951;;;Book;img/cover page/Carl Ransom Rogers/1951 - Client-centered Therapy.webp
On Becoming A Person.  A Therapist's View Of Psychotherapy ;Carl Ransom Rogers;https://raw.githubusercontent.com/peatysharing/bibliography/main/Carl%20Ransom%20Rogers/1961%20-%20Carl%20Ransom%20Rogers%20-%20On%20Becoming%20A%20Person%3B%20A%20Therapist%27s%20View%20Of%20Psychotherapy.pdf;https://mega.nz/file/gggnRBYQ#FdssLIXNz_H0nb2Xp8sIWuWQvN3WyMXKOWeV7b_mnFQ;1961;;;;img/cover page/Carl Ransom Rogers/1961 - On Becoming A Person. A Therapist's View Of Psychotherapy.webp
On The Origin Of Species;Charles Darwin;https://raw.githubusercontent.com/peatysharing/bibliography/main/Charles%20Darwin/1859%20-%20Charles%20Darwin%20-%20On%20The%20Origin%20Of%20Species.pdf;https://mega.nz/file/FlJRFDxB#W_C3dtNJHV8-3P6p-xV3gfsLpLibTdVuwUFsszDzBZo;1859;https://ln5.sync.com/dl/dd4e225e0/x7sstqim-sxruuimb-5dzcx7hh-akia48wu;Evolution;Book;img/cover page/Charles Darwin/1859 - On The Origin Of Species.webp
The Descent Of Man;Charles Darwin;https://raw.githubusercontent.com/peatysharing/bibliography/main/Charles%20Darwin/1871%20-%20Charles%20Darwin%20-%20The%20Descent%20Of%20Man.pdf;https://mega.nz/file/t8YkBZJQ#OKLkVdqQ8j_bUpjDGb4bXGNInrrtWfOfgxIGZcrVR7A;1871;https://ln5.sync.com/dl/14908f970/gvsu6bek-nwyk44mc-qvyi3z34-simqhb22;Evolution;Book;img/cover page/Charles Darwin/1871 - The Descent Of Man.webp
On The Origin Of Species [6th edition];Charles Darwin;https://raw.githubusercontent.com/peatysharing/bibliography/main/Charles%20Darwin/1872%20-%20Charles%20Darwin%20-%20On%20The%20Origin%20Of%20Species%20%5B6th%20edition%5D.pdf;https://mega.nz/file/p5BjQLJT#Qnm-xtyyyv6DqF0uJDPMVFKF63-9zaC0wDUkv_bv630;1872;;;;img/cover page/Charles Darwin/1872 - On The Origin Of Species [6th edition].webp
Power Of Movement In Plants;Charles Darwin;https://raw.githubusercontent.com/peatysharing/bibliography/main/Charles%20Darwin/1896%20-%20Charles%20Darwin%20-%20Power%20Of%20Movement%20In%20Plants.pdf;https://mega.nz/file/ht41SagR#1I8wdLP5ivRzygWxQt-ekWE8K1dQ-aFkEJo5jVwGHQo;1896;;;Book;img/cover page/Charles Darwin/1896 - Power Of Movement In Plants.webp
Notice Sur Les Travaux Scientifiques;Charles Edouards Brown-Séquard;https://raw.githubusercontent.com/peatysharing/bibliography/main/Charles%20Edouards%20Brown-S%C3%A9quard/1878%20-%20Charles%20Edouards%20Brown-S%C3%A9quard%20-%20Notice%20Sur%20Les%20Travaux%20Scientifiques.pdf;https://mega.nz/file/JxRCSJDL#W6RelgGSLi9Moola5IPP90OfhY3jNQBDJLXI8j7I2CU;1878;;;;img/cover page/Charles Edouards Brown-Sequard/1878 - Notice Sur Les Travaux Scientifiques.webp
Exposé Des Effets Produits Chez L'homme Par Des Injections Sous-cutanées;Charles Edouards Brown-Séquard;https://raw.githubusercontent.com/peatysharing/bibliography/main/Charles%20Edouards%20Brown-S%C3%A9quard/1890%20-%20Charles%20Edouards%20Brown-S%C3%A9quard%20-%20Expos%C3%A9%20Des%20Effets%20Produits%20Chez%20L%27homme%20Par%20Des%20Injections%20Sous-cutan%C3%A9es.pdf;https://mega.nz/file/BoZg2RKL#0Ylg6hSs9YxE3V3_mWwRB2WyOd95mxEeyQwoonm32Eg;1890;;;;img/cover page/Charles Edouards Brown-Sequard/1890 - Exposé Des Effets Produits Chez L'homme Par Des Injections Sous-cutanées.webp
Mental-dental Disorders.pdf;Charles I. Cohen;https://raw.githubusercontent.com/peatysharing/bibliography/main/Charles%20I.%20Cohen/1971%20-%20Charles%20I.%20Cohen%20-%20Mental-dental%20Disorders.pdf.pdf;https://mega.nz/file/x9I3FQLY#Tq0HEPYXjSynJrX-kw-hjg8v3gm5JkSy7I-mcA0xJCo;1971;;;;img/cover page/Charles I. Cohen/1971 - Mental-dental Disorders.pdf.webp
Reasoning And The Logic Of Things;Charles Sanders Peirce;https://raw.githubusercontent.com/peatysharing/bibliography/main/Charles%20Sanders%20Peirce/1992%20-%20Charles%20Sanders%20Peirce%20-%20Reasoning%20And%20The%20Logic%20Of%20Things.pdf;https://mega.nz/file/chIgDTAS#k_fNS7CT8ApbQ0574Daykn5j7CtOq-DHtqxomJ04TMQ;1992;;;Book;img/cover page/Charles Sanders Peirce/1992 - Reasoning And The Logic Of Things.webp
Collected Papers;Charles Sanders Peirce;https://raw.githubusercontent.com/peatysharing/bibliography/main/Charles%20Sanders%20Peirce/1994%20-%20Charles%20Sanders%20Peirce%20-%20Collected%20Papers.pdf;https://mega.nz/file/RpgAEaKa#LUngLgkUnrgtgKfqIHtET_3V6PDIStta1cpItn7vnVw;1994;;;Book;img/cover page/Charles Sanders Peirce/1994 - Collected Papers.webp
The Integrative Action Of The Nervous System;Charles Sherrington;https://raw.githubusercontent.com/peatysharing/bibliography/main/Charles%20Sherrington/1948%20-%20Charles%20Sherrington%20-%20The%20Integrative%20Action%20Of%20The%20Nervous%20System.pdf;https://mega.nz/file/koYWxJTD#QJFaFTgXIj3WqJBsbxMkbSll3XvF7nM84oo7xxhUJPs;1948;;;Book;img/cover page/Charles Sherrington/1948 - The Integrative Action Of The Nervous System.webp
Rat Occipital Cortical Synapses After Ovariectomy;Christina M. Medosch, Marian C. Diamond;https://raw.githubusercontent.com/peatysharing/bibliography/main/Marian%20Diamond/1982%20-%20Christina%20M.%20Medosch%2C%20Marian%20C.%20Diamond%20-%20Rat%20Occipital%20Cortical%20Synapses%20After%20Ovariectomy.pdf;https://mega.nz/file/R1oxXAIB#iX6tkF8pr_99O6Yl7jjvOBIR0PAM1wLpN6iPE7ULb1A;1982;;;Article;img/cover page/Marian C. Diamond/1982 - Rat Occipital Cortical Synapses After Ovariectomy.webp
Stimulation Of Hair Growth By Topical Application Of Androgens;Christopher M. Papa, Albert M. Kligman;https://raw.githubusercontent.com/peatysharing/bibliography/main/Christopher%20M.%20Papa/1965%20-%20Christopher%20M.%20Papa%3B%20Albert%20M.%20Kligman%20-%20Stimulation%20Of%20Hair%20Growth%20By%20Topical%20Application%20Of%20Androgens.pdf;https://mega.nz/file/E9BW0CgZ#bVOhS1iwbT9Jt9ZoRJfpELDEVe-spjElnajDs9fakvg;1965;;;Article;img/cover page/Christopher M. Papa/1965 - Stimulation Of Hair Growth By Topical Application Of Androgens.webp
Learned Helplessness - A Theory for the Age of Personal Control;Christopher Peterson, Steven F. Maier, Martin E. P. Seligman;https://raw.githubusercontent.com/peatysharing/bibliography/main/Martin%20E.%20P.%20Seligman/1993%20-%20Christopher%20Peterson%3B%20Steven%20F.%20Maier%2C%20Martin%20E.%20P.%20Seligman%20-%20Learned%20Helplessness%20-%20A%20Theory%20for%20the%20Age%20of%20Personal%20Control.pdf;https://mega.nz/file/N5xQlRKZ#qWyOe13Wd0FVDTpcjDyXeTD4Pubu6tvi_ayYBNrPaPE;1993;;;;img/cover page/Martin E. P. Seligman/1993 - Learned Helplessness - A Theory for the Age of Personal Control.webp
The Influence Of Estrogens, Progestins, And Pregnancy On The Liver;Chull S. Song, Attalah Kappas;https://raw.githubusercontent.com/peatysharing/bibliography/main/Chull%20S.%20Song/1969%20-%20Chull%20S.%20Song%3B%20Attalah%20Kappas%20-%20The%20Influence%20Of%20Estrogens%2C%20Progestins%2C%20And%20Pregnancy%20On%20The%20Liver.pdf;https://mega.nz/file/N8ZHxZZB#Hmrwfz5IEk5oiN3Kd8Ubk7eZq919745rsLKMz_4oTU8;1969;;;Article;img/cover page/Chull S. Song/1969 - The Influence Of Estrogens, Progestins, And Pregnancy On The Liver.webp
General Endocrinology;Clarence Donnell Turner;https://raw.githubusercontent.com/peatysharing/bibliography/main/Clarence%20Donnell%20Turner/1966%20-%20Clarence%20Donnell%20Turner%20-%20General%20Endocrinology.pdf;https://mega.nz/file/R0IlkZaC#uHWNaz_KIYA1d57ZxCP6DW4Yldf3fAoJSzJk4Z1ku4I;1966;;;Book;img/cover page/Clarence Donnell Turner/1966 - General Endocrinology.webp
General Endocrinology;Clarence Donnell Turner, Joseph T. Bagnara;https://raw.githubusercontent.com/peatysharing/bibliography/main/Clarence%20Donnell%20Turner/1971%20-%20Clarence%20Donnell%20Turner%3B%20Joseph%20T.%20Bagnara%20-%20General%20Endocrinology.pdf;https://mega.nz/file/Fkh1TYYb#v6pt75BUNmT00oKRu35WTTpSL3I9a-uS186Sfg1cuHI;1971;;;Book;img/cover page/Clarence Donnell Turner/1971 - General Endocrinology.webp
Prolonging The Life Span;Clay M. Mccay, Mary F. Crowell;https://raw.githubusercontent.com/peatysharing/bibliography/main/Clay%20M.%20Mccay/1934%20-%20Clay%20M.%20Mccay%3B%20Mary%20F.%20Crowell%20-%20Prolonging%20The%20Life%20Span.pdf;https://mega.nz/file/k4JjkT7C#KCFUW6UgYHNeErZx0w3vCRad8pc3_vBZvIByzyy8ZMo;1934;;;Article;img/cover page/Clay M. Mccay/1934 - Prolonging The Life Span.webp
Textbook Of Endocrine Physiology;Constance R. Martin;https://raw.githubusercontent.com/peatysharing/bibliography/main/Constance%20R.%20Martin/1976%20-%20Constance%20R.%20Martin%20-%20Textbook%20Of%20Endocrine%20Physiology.pdf;https://mega.nz/file/htYWXJja#SPB-_7QmmmeOe-c8oOaT16r0UwkL_PJuJCZ1duh9dDI;1976;https://ln5.sync.com/dl/91d6f4000/ruzh4pzd-rhf4ajvp-f5bqvww4-c27fgi6k;Endocrinology;Book;img/cover page/Constance R. Martin/1976 - Textbook Of Endocrine Physiology.webp
Pathologic Physiology;D. Alpern;https://raw.githubusercontent.com/peatysharing/bibliography/main/D.%20Alpern/1967%20-%20D.%20Alpern%20-%20Pathologic%20Physiology.pdf;https://mega.nz/file/t1IgTJib#_EKSWtrmo-nDnWX-z36N-6KmhSKS50b5V4lHJ35dqQc;1967;;;Book;img/cover page/D. Alpern/1967 - Pathologic Physiology.webp
Modelling Temperature Effects On Growth, Respiration Relations Of Maize;D. K. Taylor, D. R. Rank, D. R. Keiser, B. N. Smith, R. S. Criddle, L. D. Hansen;https://raw.githubusercontent.com/peatysharing/bibliography/main/D.%20K.%20Taylor/1998%20-%20D.%20K.%20Taylor%3B%20D.%20R.%20Rank%3B%20D.%20R.%20Keiser%3B%20B.%20N.%20Smith%3B%20R.%20S.%20Criddle%3B%20L.%20D.%20Hansen%20-%20Modelling%20Temperature%20Effects%20On%20Growth%2C%20Respiration%20Relations%20Of%20Maize.pdf;https://mega.nz/file/UlglGQJZ#D7qnReR7NQ7jB762gbo0HnpYdB9OdZ6OyQMfkjfyNuY;1998;;;Article;img/cover page/D. K. Taylor/1998 - Modelling Temperature Effects On Growth, Respiration Relations Of Maize.webp
Resistance To Slimming, Adaptation Or Illusion;D. S. Miller, Sally Parsonage;https://raw.githubusercontent.com/peatysharing/bibliography/main/D.%20S.%20Miller/1975%20-%20D.%20S.%20Miller%3B%20Sally%20Parsonage%20-%20Resistance%20To%20Slimming%2C%20Adaptation%20Or%20Illusion.pdf;https://mega.nz/file/xx4hUTrS#Toyt0ZD6xTH-Zcxuw75mGo3c9N4clEaSydWy6pF2rjs;1975;;;Article;img/cover page/D. S. Miller/1975 - Resistance To Slimming, Adaptation Or Illusion.webp
Individuality And Determinism - Chemical And Biological Bases;Daniel E. Koshland Jr., Sidney W. Fox;https://raw.githubusercontent.com/peatysharing/bibliography/main/Multiple%20Researchers/1984%20-%20Daniel%20E.%20Koshland%20Jr.%3B%20Sidney%20W.%20Fox%20-%20Individuality%20And%20Determinism%20-%20Chemical%20And%20Biological%20Bases.pdf;https://mega.nz/file/5opXHSYZ#pFvZSwCFx_3y7Ssjv8NkZY3TL7j76DYY_DDDD3RdBbU;1984;https://ln5.sync.com/dl/3337d61a0/yks6mky3-9upqevrd-dcdkywah-dvwegstp;Biology;Book;img/cover page/Multiple Researchers/1984 - Individuality And Determinism - Chemical And Biological Bases.webp
Wholeness and the implicate order;David Bohm;https://raw.githubusercontent.com/peatysharing/bibliography/main/David%20Bohm/1981%20-%20David%20Bohm%20-%20Wholeness%20and%20the%20implicate%20order.pdf;https://mega.nz/file/ggJSQCaD#TDBf6qcTD9xTzopLflIZ-lhEcJPCxdM7HCHPrJMzoTs;1981;;;;img/cover page/David Bohm/1981 - Wholeness and the implicate order.webp
Learning Deficits In Rats With Malnourished Grandmothers;David E. Bresler, Gaylord Ellison, Stephen Zamenhof;https://raw.githubusercontent.com/peatysharing/bibliography/main/David%20E.%20Bresler/1975%20-%20David%20E.%20Bresler%3B%20Gaylord%20Ellison%3B%20Stephen%20Zamenhof%20-%20Learning%20Deficits%20In%20Rats%20With%20Malnourished%20Grandmothers.pdf;https://mega.nz/file/x4phGSyI#GEx7pfJco5ddUuJ6G0__N0MvIyeyw3HpDJeSnW9_SaA;1975;;;Article;img/cover page/David E. Bresler/1975 - Learning Deficits In Rats With Malnourished Grandmothers.webp
Plasma Precursors Of Estrogen. Ii. Correlation Of The Extent Of Conversion Of Plasma Androstenedione To Estrone With Age;David L. Hemsell, J. M. Grodin, P. F. Brenner, Pentii K. Siiteri, P. C. Macdonald;https://raw.githubusercontent.com/peatysharing/bibliography/main/David%20L.%20Hemsell/1974%20-%20David%20L.%20Hemsell%3B%20J.%20M.%20Grodin%3B%20P.%20F.%20Brenner%3B%20Pentii%20K.%20Siiteri%3B%20P.%20C.%20Macdonald%20-%20Plasma%20Precursors%20Of%20Estrogen.%20Ii.%20Correlation%20Of%20The%20Extent%20Of%20Conversion%20Of%20Plasma%20Androstenedione%20To%20Estrone%20With%20Age.pdf;https://mega.nz/file/09oiyK6Y#Xlk8OyPhEGtp_K1vXwDMk-67mHyPC0fP3g24JMsj2z4;1974;;;Article;img/cover page/David L. Hemsell/1974 - Plasma Precursors Of Estrogen. Ii. Correlation Of The Extent Of Conversion Of Plasma Androstenedione To Estrone With Age.webp
Biochemical Predestination;Dean H. Kenton, Gary Steinman;https://raw.githubusercontent.com/peatysharing/bibliography/main/Dean%20H.%20Kenton/1969%20-%20Dean%20H.%20Kenton%3B%20Gary%20Steinman%20-%20Biochemical%20Predestination.pdf;https://mega.nz/file/pxQA0SRT#ThxlZ1sEHHNdL5rqoybZHoKh23yPfGOVCjiLD7s67RY;1969;;;Book;img/cover page/Dean H. Kenton/1969 - Biochemical Predestination.webp
On The Origins Of Oil;Dmitri Ivanovich Mendeleev;https://raw.githubusercontent.com/peatysharing/bibliography/main/Dmitri%20Ivanovich%20Mendeleev/2008%20-%20Dmitri%20Ivanovich%20Mendeleev%20-%20On%20The%20Origins%20Of%20Oil.pdf;https://mega.nz/file/4k4iXTLb#JCaW4n8tSlHGPU9zoFKjec_Pfn8fHHRxLFh-0gbWxEI;2008;;;Article;img/cover page/Dmitri Ivanovich Mendeleev/2008 - On The Origins Of Oil.webp
Changes Induced In The Adrenal Cortical Zones By Ovarian Hormones;Donald J. Kimeldorf, A. L. Soderwall;https://raw.githubusercontent.com/peatysharing/bibliography/main/Donald%20J.%20Kimeldorf/1947%20-%20Donald%20J.%20Kimeldorf%3B%20A.%20L.%20Soderwall%20-%20Changes%20Induced%20In%20The%20Adrenal%20Cortical%20Zones%20By%20Ovarian%20Hormones.pdf;https://mega.nz/file/gg5mWaDL#D9V6hDgNZWJtlajhGLDFa4E3zt7bxJ1SNkLwhz0k08Q;1947;;;Article;img/cover page/Donald J. Kimeldorf/1947 - Changes Induced In The Adrenal Cortical Zones By Ovarian Hormones.webp
Changes Induced In The Adrenal Cortical Zones By Ovarian Hormones;Donald J. Kimeldorf, A. L. Soderwall;https://raw.githubusercontent.com/peatysharing/bibliography/main/Arnold%20L.%20Soderwall/1947%20-%20Donald%20J.%20Kimeldorf%3B%20A.%20L.%20Soderwall%20-%20Changes%20Induced%20In%20The%20Adrenal%20Cortical%20Zones%20By%20Ovarian%20Hormones.pdf;https://mega.nz/file/gg5mWaDL#D9V6hDgNZWJtlajhGLDFa4E3zt7bxJ1SNkLwhz0k08Q;1947;;;Article;img/cover page/Donald J. Kimeldorf/1947 - Changes Induced In The Adrenal Cortical Zones By Ovarian Hormones.webp
The Effect Of Mass On Frequency;Dror S. Sadeh;https://raw.githubusercontent.com/peatysharing/bibliography/main/Dror%20S.%20Sadeh/1968%20-%20Dror%20S.%20Sadeh%20-%20%20The%20Effect%20Of%20Mass%20On%20Frequency.pdf;https://mega.nz/file/c0ZwWRbQ#5SAC5cm4tQ6oUYK8wss5P84ieXUEEY8JfgyfS-4_PSk;1968;;;Article;img/cover page/Dror S. Sadeh/1968 - The Effect Of Mass On Frequency.webp
Life Extension A Practical Scientific Approach;Durk Pearson, Sandy Shaw;https://raw.githubusercontent.com/peatysharing/bibliography/main/Durk%20Pearson/1982%20-%20Durk%20Pearson%3B%20Sandy%20Shaw%20-%20Life%20Extension%20A%20Practical%20Scientific%20Approach.pdf;https://mega.nz/file/UgwBybSC#Aix0RafDgZXELeD-24cgJmIfy1SwI9CYjHiJx9ijx-s;1982;;;;img/cover page/Durk Pearson/1982 - Life Extension A Practical Scientific Approach.webp
Maternal Pattern Of Reproduction And Risk Of Breast Cancer In Daughters, Results From The Utah Population Database;Dwight T. Janerich, W. Douglas Thompson, Geraldine P. Mineau;https://raw.githubusercontent.com/peatysharing/bibliography/main/Dwight%20T.%20Janerich/1994%20-%20Dwight%20T.%20Janerich%3B%20W.%20Douglas%20Thompson%3B%20Geraldine%20P.%20Mineau%20-%20Maternal%20Pattern%20Of%20Reproduction%20And%20Risk%20Of%20Breast%20Cancer%20In%20Daughters%2C%20Results%20From%20The%20Utah%20Population%20Database.pdf;https://mega.nz/file/FxJQnQQY#8K8fD49gsfZpX4oumHSjcgkr6VfOk8K82Hiurh8pe4Y;1994;;;Article;img/cover page/Dwight T. Janerich/1994 - Maternal Pattern Of Reproduction And Risk Of Breast Cancer In Daughters, Results From The Utah Population Database.webp
How Reliable Is The Brain;E. Asratyan, P. Simonov;https://raw.githubusercontent.com/peatysharing/bibliography/main/E.%20Asratyan/1960%20-%20E.%20Asratyan%3B%20P.%20Simonov%20-%20How%20Reliable%20Is%20The%20Brain.pdf;https://mega.nz/file/o0QRlbDR#Fz7BSUUlWzxV5fSxM-jID1xQ-m_DdYMm3xowWlFC-w4;1960;;;Book;img/cover page/E. Asratyan/1960 - How Reliable Is The Brain.webp
Arthritis, Cause And Control (the Pantothenic Acid Theory);E. C. Barton-wright;https://raw.githubusercontent.com/peatysharing/bibliography/main/E.%20C.%20Barton-Wright/1986%20-%20E.%20C.%20Barton-wright%20-%20Arthritis%2C%20Cause%20And%20Control%20%28the%20Pantothenic%20Acid%20Theory%29.pdf;https://mega.nz/file/Uo52gTyL#aTS_LhXohXpUV42fyTjiBxpyPv4q3l6bKw_rrCJq7hE;1986;;;Book;img/cover page/E. C. Barton-Wright/1986 - Arthritis, Cause And Control (the Pantothenic Acid Theory).webp
The Pantothenic Acid Metabolism Of Rheumatoid Arthritis;E. C. Barton-Wright, W. A. Elliott;https://raw.githubusercontent.com/peatysharing/bibliography/main/E.%20C.%20Barton-Wright/1963%20-%20E.%20C.%20Barton-Wright%3B%20W.%20A.%20Elliott%20-%20The%20Pantothenic%20Acid%20Metabolism%20Of%20Rheumatoid%20Arthritis.pdf;https://mega.nz/file/ppoBEDCS#WuduJbuWYaM42-xg4GZ94BdG7z-ZvTsFHKBt2sWAEcE;1963;;;Article;img/cover page/E. C. Barton-Wright/1963 - The Pantothenic Acid Metabolism Of Rheumatoid Arthritis.webp
Metabolism Of Free And Conjugated Steroids By Intact And Hemolysed Mammalian Erythrocytes;E. Mulder, G. J. M. Lamers-Stahlhofen, H. J. Van Der Molen;https://raw.githubusercontent.com/peatysharing/bibliography/main/E.%20Mulder/1972%20-%20E.%20Mulder%3B%20G.%20J.%20M.%20Lamers-Stahlhofen%3B%20H.%20J.%20Van%20Der%20Molen%20-%20Metabolism%20Of%20Free%20And%20Conjugated%20Steroids%20By%20Intact%20And%20Hemolysed%20Mammalian%20Erythrocytes.pdf;https://mega.nz/file/k5QjQTIC#C6cWQTq3_e0V_7tAMQ3XcWy73saTWHcVgiJMOaaDpNw;1972;;;Article;img/cover page/E. Mulder/1972 - Metabolism Of Free And Conjugated Steroids By Intact And Hemolysed Mammalian Erythrocytes.webp
The Role Of The Image In Problem Solving;E. N. Kabanova-Melle;https://raw.githubusercontent.com/peatysharing/bibliography/main/E.%20N.%20Kabanova-Melle/1971%20-%20E.%20N.%20Kabanova-Melle%20-%20The%20Role%20Of%20The%20Image%20In%20Problem%20Solving.pdf;https://mega.nz/file/s4Q0nS6Y#me8d8YDtUAHT3HrF1y2bh9XKKVs3PDmeL1-EClHwEZw;1971;;;Article;img/cover page/E. N. Kabanova-Melle/1971 - The Role Of The Image In Problem Solving.webp
Parenteral Toxicity Studies With Benzyl Alcohol;E. T. Kimura, T. D. Darby, R. A Krause, H. D. Brondyk;https://raw.githubusercontent.com/peatysharing/bibliography/main/E.%20T.%20Kimura/1971%20-%20E.%20T.%20Kimura%3B%20T.%20D.%20Darby%3B%20R.%20A%20Krause%3B%20H.%20D.%20Brondyk%20-%20Parenteral%20Toxicity%20Studies%20With%20Benzyl%20Alcohol.pdf;https://mega.nz/file/h8JRGZCL#3-zLArKFww21cDk_ePFzB05WzmYGrFPC9MALSlJmjpQ;1971;;;Article;img/cover page/E. T. Kimura/1971 - Parenteral Toxicity Studies With Benzyl Alcohol.webp
Enhancement Of Prenatal Development In The Rat By Operative Restriction Of Litter Size;E. Van Marthens, L. Grauel, S. Zamenhhof;https://raw.githubusercontent.com/peatysharing/bibliography/main/E.%20Van%20Marthens/1974%20-%20E.%20Van%20Marthens%3B%20L.%20Grauel%3B%20S.%20Zamenhhof%20-%20Enhancement%20Of%20Prenatal%20Development%20In%20The%20Rat%20By%20Operative%20Restriction%20Of%20Litter%20Size.pdf;https://mega.nz/file/tgIGgS5K#kPt0BR485GHxpxpGEympcxKA6c9ay1PgQt4R8BoP05U;1974;;;Article;img/cover page/E. Van Marthens/1974 - Enhancement Of Prenatal Development In The Rat By Operative Restriction Of Litter Size.webp
The Effect Of Progesterone On Fetal And Placental Development In Ormal And Protein-energy-restricted Rats;E. Van Marthens, S. Zamenhof, C. Firestone;https://raw.githubusercontent.com/peatysharing/bibliography/main/E.%20Van%20Marthens/1979%20-%20E.%20Van%20Marthens%3B%20S.%20Zamenhof%3B%20C.%20Firestone%20-%20The%20Effect%20Of%20Progesterone%20On%20Fetal%20And%20Placental%20Development%20In%20Ormal%20And%20Protein-energy-restricted%20Rats.pdf;https://mega.nz/file/AlxyHArY#vEkilASmzqe8GeWcV94qZR1ECItBDb04EJcDovntTOY;1979;;;Article;img/cover page/E. Van Marthens/1979 - The Effect Of Progesterone On Fetal And Placental Development In Ormal And Protein-energy-restricted Rats.webp
Effect Of Age And Enrichment On Certain Brain Dimensions In Brattleboro Rats Deficient In Vasopressin;E.rosalie Greer, Marian C. Diamond, Julie M.w. Tang;https://raw.githubusercontent.com/peatysharing/bibliography/main/Marian%20Diamond/1982%20-%20E.rosalie%20Greer%2C%20Marian%20C.%20Diamond%2C%20Julie%20M.w.%20Tang%20-%20Effect%20Of%20Age%20And%20Enrichment%20On%20Certain%20Brain%20Dimensions%20In%20Brattleboro%20Rats%20Deficient%20In%20Vasopressin.pdf;https://mega.nz/file/4w4BSYSL#96y7AdTzhxUzdsREYuo72ifr2qKadnAymsRz8i64LkU;1982;;;Article;img/cover page/Marian C. Diamond/1982 - Effect Of Age And Enrichment On Certain Brain Dimensions In Brattleboro Rats Deficient In Vasopressin.webp
Cartesian Meditations, An Introduction To Phenomenology;Edmund Husserl;https://raw.githubusercontent.com/peatysharing/bibliography/main/Edmund%20Husserl/1960%20-%20Edmund%20Husserl%20-%20Cartesian%20Meditations%2C%20An%20Introduction%20To%20Phenomenology.pdf;https://mega.nz/file/g55lBa7K#t3XwgtnJYY5AAKymHz8vfeyym3Bw4ZLclnD97osNZec;1960;;;Book;img/cover page/Edmund Husserl/1960 - Cartesian Meditations, An Introduction To Phenomenology.webp
Logical Investigations, Volume 1;Edmund Husserl;https://raw.githubusercontent.com/peatysharing/bibliography/main/Edmund%20Husserl/1970%20-%20Edmund%20Husserl%20-%20Logical%20Investigations%2C%20Volume%201.pdf;https://mega.nz/file/ZtIESKjL#Wy_pEcpTJ023n3pBatE48IGFN6TgXDr08QWEycnZnRs;1970;;;Book;img/cover page/Edmund Husserl/1970 - Logical Investigations, Volume 1.webp
Collected Works, Volume 1, Ideas Pertaining To A Pure Phenomenology And The Foundations Of The Sciences;Edmund Husserl;https://raw.githubusercontent.com/peatysharing/bibliography/main/Edmund%20Husserl/1980%20-%20Edmund%20Husserl%20-%20Collected%20Works%2C%20Volume%201%2C%20Ideas%20Pertaining%20To%20A%20Pure%20Phenomenology%20And%20The%20Foundations%20Of%20The%20Sciences.pdf;https://mega.nz/file/I5ojiRoC#9hx5t__GLqAyVVtjAiXgHHIvGV7VM_VhNeNrDvb2v20;1980;;;Book;img/cover page/Edmund Husserl/1980 - Collected Works, Volume 1, Ideas Pertaining To A Pure Phenomenology And The Foundations Of The Sciences.webp
Collected Works, Volume 2, Ideas Pertaining To A Pure Phenomenology And To A Phenomenological Philosophy;Edmund Husserl;https://raw.githubusercontent.com/peatysharing/bibliography/main/Edmund%20Husserl/1982%20-%20Edmund%20Husserl%20-%20Collected%20Works%2C%20Volume%202%2C%20Ideas%20Pertaining%20To%20A%20Pure%20Phenomenology%20And%20To%20A%20Phenomenological%20Philosophy.pdf;https://mega.nz/file/IxglnQoZ#3kPqWofWsHDh80blWivFo9FQ79KFuLZn0aeo97CVMF8;1982;;;Book;img/cover page/Edmund Husserl/1982 - Collected Works, Volume 2, Ideas Pertaining To A Pure Phenomenology And To A Phenomenological Philosophy.webp
Logical Investigations;Edmund Husserl;https://raw.githubusercontent.com/peatysharing/bibliography/main/Edmund%20Husserl/2000%20-%20Edmund%20Husserl%20-%20Logical%20Investigations.pdf;https://mega.nz/file/dghyTIoK#KHSA2xmT-OhW248snWSAgaX-6tQSw_ZkM02Fq8yPABs;2000;;;Book;img/cover page/Edmund Husserl/2000 - Logical Investigations.webp
A History Of The Theories Of Aether And Electricity, Volume 1;Edmund T. Whittaker;https://raw.githubusercontent.com/peatysharing/bibliography/main/Edmund%20T.%20Whittaker/1951%20-%20Edmund%20T.%20Whittaker%20-%20A%20History%20Of%20The%20Theories%20Of%20Aether%20And%20Electricity%2C%20Volume%201.pdf;https://mega.nz/file/1pRCyCSD#gJ4iqjBFA1dUy1kaMKiuznHQ1UM5Ls0zcWxF9aBlsJU;1951;;;Book;img/cover page/Edmund T. Whittaker/1951 - A History Of The Theories Of Aether And Electricity, Volume 1.webp
A History Of The Theories Of Aether And Electricity, Volume 2;Edmund T. Whittaker;https://raw.githubusercontent.com/peatysharing/bibliography/main/Edmund%20T.%20Whittaker/1953%20-%20Edmund%20T.%20Whittaker%20-%20A%20History%20Of%20The%20Theories%20Of%20Aether%20And%20Electricity%2C%20Volume%202.pdf;https://mega.nz/file/Uk4XSBbY#hiOOXGUiReTZem_5g81I50TiU6ruPx90g3apitONufw;1953;;;Book;img/cover page/Edmund T. Whittaker/1953 - A History Of The Theories Of Aether And Electricity, Volume 2.webp
Saving Organic Rice;Edward Esko, Alex Jack, Vandana Shiva, Mae-Wan Ho;https://raw.githubusercontent.com/peatysharing/bibliography/main/Mae-Wan%20Ho/2001%20-%20Edward%20Esko%3B%20Alex%20Jack%3B%20Vandana%20Shiva%3B%20Mae-Wan%20Ho%20-%20Saving%20Organic%20Rice.pdf;https://mega.nz/file/Mt4DgJDS#OfBYrQXbOEBbHT-DEdJk4nqSNBfcMzQDB8uJzITp8ik;2001;;;;img/cover page/Mae-Wan Ho/2001 - Saving Organic Rice.webp
Effects Of Successive Environments On Brain Measures;Edward L. Bennett, Mark R. Rosenzweig, Marian C. Diamond, Hiromo;https://raw.githubusercontent.com/peatysharing/bibliography/main/Marian%20Diamond/1974%20-%20Edward%20L.%20Bennett%2C%20Mark%20R.%20Rosenzweig%2C%20Marian%20C.%20Diamond%2C%20Hiromo%20-%20Effects%20Of%20Successive%20Environments%20On%20Brain%20Measures.pdf;https://mega.nz/file/gsxhgYRK#WJg-Rkz6AdQi-5j3a5P7qsAfM3VvEprA8dqi9MhhJB4;1974;;;;img/cover page/Marian C. Diamond/1974 - Effects Of Successive Environments On Brain Measures.webp
The Cholesterol Controversy;Edward Robert Pinckney;https://raw.githubusercontent.com/peatysharing/bibliography/main/Edward%20Robert%20Pinckney/1973%20-%20Edward%20Robert%20Pinckney%20-%20The%20Cholesterol%20Controversy.pdf;https://mega.nz/file/EkRylK6D#pR2z73oFS_I5Uh5xC86XEZHTxDMFyEPTbjC2dNEqGLU;1973;;;Book;img/cover page/Edward Robert Pinckney/1973 - The Cholesterol Controversy.webp
Mechanisms In Bioenergetics;Efraim Racker;https://raw.githubusercontent.com/peatysharing/bibliography/main/Efraim%20Racker/1965%20-%20Efraim%20Racker%20-%20Mechanisms%20In%20Bioenergetics.pdf;https://mega.nz/file/xshnyJTL#DQCBUL90JYfNfD0LsyGDxpJ5w_gD-tddX8e8_DaMG2E;1965;;;Book;img/cover page/Efraim Racker/1965 - Mechanisms In Bioenergetics.webp
Leçons Sur La Pathologie Comparée;Elie Metchnikoff;https://raw.githubusercontent.com/peatysharing/bibliography/main/Elie%20Metchnikoff/1891%20-%20Elie%20Metchnikoff%20-%20Le%C3%A7ons%20Sur%20La%20Pathologie%20Compar%C3%A9e.pdf;https://mega.nz/file/554AEbAD#OjGj4xEHAvmgMZTyLcnnT1fZSm2DKCSUX29YoANF3L8;1891;;;;img/cover page/Elie Metchnikoff/1891 - Leçons Sur La Pathologie Comparée.webp
L'immunité Dans Les Maladies Infectieuses;Elie Metchnikoff;https://raw.githubusercontent.com/peatysharing/bibliography/main/Elie%20Metchnikoff/1901%20-%20Elie%20Metchnikoff%20-%20L%27immunit%C3%A9%20Dans%20Les%20Maladies%20Infectieuses.pdf;https://mega.nz/file/x4QilaxD#1h7wXDodUfLq8UmwyojKHQpExG-nW-sfUFFBV23Onas;1901;;;;img/cover page/Elie Metchnikoff/1901 - L'immunité Dans Les Maladies Infectieuses.webp
Essais Optimistes;Elie Metchnikoff;https://raw.githubusercontent.com/peatysharing/bibliography/main/Elie%20Metchnikoff/1907%20-%20Elie%20Metchnikoff%20-%20Essais%20Optimistes.pdf;https://mega.nz/file/dlh2lbjL#x7M7C4v0oQ2_dtOglPDY_S5XaR4tNWSktITdDSdN7hc;1907;;;;img/cover page/Elie Metchnikoff/1907 - Essais Optimistes.webp
Immunity In Infective Diseases;Elie Metchnikoff;https://raw.githubusercontent.com/peatysharing/bibliography/main/Elie%20Metchnikoff/1907%20-%20Elie%20Metchnikoff%20-%20Immunity%20In%20Infective%20Diseases.pdf;https://mega.nz/file/dlh2lbjL#x7M7C4v0oQ2_dtOglPDY_S5XaR4tNWSktITdDSdN7hc;1907;;;;img/cover page/Elie Metchnikoff/1907 - Immunity In Infective Diseases.webp
The Prolongation of Life;Elie Metchnikoff;https://raw.githubusercontent.com/peatysharing/bibliography/main/Elie%20Metchnikoff/1908%20-%20Elie%20Metchnikoff%20-%20The%20Prolongation%20of%20Life.pdf;https://mega.nz/file/4lxDDQxb#r7nkJD9voz39RpJcGe90L0Mcaha8mvTeUfZKAEmhE0M;1908;;;;img/cover page/Elie Metchnikoff/1908 - The Prolongation of Life.webp
Lectures On The Comparative Pathology Of Inflammation;Elie Metchnikoff;https://raw.githubusercontent.com/peatysharing/bibliography/main/Elie%20Metchnikoff/1968%20-%20Elie%20Metchnikoff%20-%20Lectures%20On%20The%20Comparative%20Pathology%20Of%20Inflammation.pdf;https://mega.nz/file/80QnTRQK#asS2MFxcVrICJq3Yv9B5_nvjzVR-nHkEJ1IqfLUjgfY;1968;;;;img/cover page/Elie Metchnikoff/1968 - Lectures On The Comparative Pathology Of Inflammation.webp
Research In Physiopathology As Basis Of Guided Chemotherapy, With Special Application To Cancer (Part 1);Emanuel Revici;https://raw.githubusercontent.com/peatysharing/bibliography/main/Emanuel%20Revici/1961%20-%20Emanuel%20Revici%20-%20Research%20In%20Physiopathology%20As%20Basis%20Of%20Guided%20Chemotherapy%2C%20With%20Special%20Application%20To%20Cancer%20%28Part%201%29.pdf;https://mega.nz/file/gppGRJ4J#WxjTEAJkZmyVXyLOR4FtfOopBeEAhK2pRu9R8QCkweA;1961;;;;img/cover page/Emanuel Revici/1961 - Research In Physiopathology As Basis Of Guided Chemotherapy, With Special Application To Cancer.webp
Research In Physiopathology As Basis Of Guided Chemotherapy, With Special Application To Cancer (Part 2);Emanuel Revici;https://raw.githubusercontent.com/peatysharing/bibliography/main/Emanuel%20Revici/1961%20-%20Emanuel%20Revici%20-%20Research%20In%20Physiopathology%20As%20Basis%20Of%20Guided%20Chemotherapy%2C%20With%20Special%20Application%20To%20Cancer%20%28Part%202%29.pdf;https://mega.nz/file/gppGRJ4J#WxjTEAJkZmyVXyLOR4FtfOopBeEAhK2pRu9R8QCkweA;1961;;;;img/cover page/Emanuel Revici/1961 - Research In Physiopathology As Basis Of Guided Chemotherapy, With Special Application To Cancer.webp
Molecular Disease, Evolution, And Genic Heterogeneity;Emile Zuckerkandl, Linus Pauling;https://raw.githubusercontent.com/peatysharing/bibliography/main/Emile%20Zuckerkandl/1962%20-%20Emile%20Zuckerkandl%3B%20Linus%20Pauling%20-%20Molecular%20Disease%2C%20Evolution%2C%20And%20Genic%20Heterogeneity.pdf;https://mega.nz/file/ttQ0FJwJ#f_jqE_hxl2_NcoeucLM5RJSOQB4ICmC1ZdVY3qmhsEw;1962;;;Article;img/cover page/Emile Zuckerkandl/1962 - Molecular Disease, Evolution, And Genic Heterogeneity.webp
Evolutionary Divergence And Convergence In Proteins;Emile Zuckerkandl, Linus Pauling;https://raw.githubusercontent.com/peatysharing/bibliography/main/Emile%20Zuckerkandl/1965%20-%20Emile%20Zuckerkandl%3B%20Linus%20Pauling%20-%20Evolutionary%20Divergence%20And%20Convergence%20In%20Proteins.pdf;https://mega.nz/file/Z0hwmKoA#bon9_DYIJDHy9jecYhRGB2Rr3csPxCHLD3hT-IkYG3o;1965;;;Article;img/cover page/Emile Zuckerkandl/1965 - Evolutionary Divergence And Convergence In Proteins.webp
Zoonomia, Or The Laws Of Organic Live, Volume 1;Erasmus Darwin;https://raw.githubusercontent.com/peatysharing/bibliography/main/Erasmus%20Darwin/1794%20-%20Erasmus%20Darwin%20-%20Zoonomia%2C%20Or%20The%20Laws%20Of%20Organic%20Live%2C%20Volume%201.pdf;https://mega.nz/file/hgYWQIhT#kFzHKjYSGfBR_30RNcCXU2H4RgK0Sw-4CRC6WiRs3uc;1794;;;Book;img/cover page/Erasmus Darwin/1794 - Zoonomia, Or The Laws Of Organic Live, Volume 1.webp
Zoonomia, Or The Laws Of Organic Live, Volume 2;Erasmus Darwin;https://raw.githubusercontent.com/peatysharing/bibliography/main/Erasmus%20Darwin/1794%20-%20Erasmus%20Darwin%20-%20Zoonomia%2C%20Or%20The%20Laws%20Of%20Organic%20Live%2C%20Volume%202.pdf;https://mega.nz/file/c5JCmALJ#iUH3IolWhKIosqTYVAQJ1-9DPEaMEukzF-oSjuHtxc0;1794;;;Book;img/cover page/Erasmus Darwin/1794 - Zoonomia, Or The Laws Of Organic Live, Volume 2.webp
Metamorphosis, On The Development Of Affect, Perception, Attention, And Memory ;Ernest G. Schachtel;https://raw.githubusercontent.com/peatysharing/bibliography/main/Ernest%20George%20Schachtel/1959%20-%20Ernest%20G.%20Schachtel%20-%20Metamorphosis%3B%20On%20The%20Development%20Of%20Affect%2C%20Perception%2C%20Attention%2C%20And%20Memory.pdf;https://mega.nz/file/V9QgwbrZ#TuiM8CRkpT4u3eSrWOZhUw3_z_X17c25TPI3SGPO-dg;1959;;;Book;img/cover page/Ernest George Schachtel/1959 - Metamorphosis, On The Development Of Affect, Perception, Attention, And Memory.webp
Cancer. Relation of Prenatal Radiation to development of the Disease in childhood;Ernest J. Sternglass;https://raw.githubusercontent.com/peatysharing/bibliography/main/Ernest%20J.%20Sternglass/1963%20-%20Ernest%20J.%20Sternglass%20-%20Cancer.%20Relation%20of%20Prenatal%20Radiation%20to%20development%20of%20the%20Disease%20in%20childhood.pdf;https://mega.nz/file/0tBjFJLR#tEoGOpTnCEfD448DlOQtLcNvrG8SuwdxAHjrW9I4xe8;1963;;;;img/cover page/Ernest J. Sternglass/1963 - Cancer. Relation of Prenatal Radiation to development of the Disease in childhood.webp
Low Level Radiation;Ernest J. Sternglass;https://raw.githubusercontent.com/peatysharing/bibliography/main/Ernest%20J.%20Sternglass/1972%20-%20Ernest%20J.%20Sternglass%20-%20Low%20Level%20Radiation.pdf;https://mega.nz/file/Z85CyDhA#j2nySaxDpmxY70JRXFSDsgA-Gieb_ZSNpMKsW4pVS6Y;1972;;;;img/cover page/Ernest J. Sternglass/1972 - Low Level Radiation.webp
Infant Mortality Changes Following the Three Mile Island;Ernest J. Sternglass;https://raw.githubusercontent.com/peatysharing/bibliography/main/Ernest%20J.%20Sternglass/1980%20-%20Ernest%20J.%20Sternglass%20-%20Infant%20Mortality%20Changes%20Following%20the%20Three%20Mile%20Island.pdf;https://mega.nz/file/80Z3UJoZ#qhV_TpkLswqrGiOJuzZkGpYs3AhOXvRxC2sMdu0yq-o;1980;;;;img/cover page/Ernest J. Sternglass/1980 - Infant Mortality Changes Following the Three Mile Island.webp
Secret Fallout. Low-Level Radiation from Hiroshima to Three Mile Island;Ernest J. Sternglass;https://raw.githubusercontent.com/peatysharing/bibliography/main/Ernest%20J.%20Sternglass/1981%20-%20Ernest%20J.%20Sternglass%20-%20Secret%20Fallout.%20Low-Level%20Radiation%20from%20Hiroshima%20to%20Three%20Mile%20Island.pdf;https://mega.nz/file/01YjnaYI#1EGlQFP6GljfeXNRSs5Zs4585cQWIkKki-1LZpUbGnI;1981;;;;img/cover page/Ernest J. Sternglass/1981 - Secret Fallout. Low-Level Radiation from Hiroshima to Three Mile Island.webp
Strontium-90 in Deciduous Teeth as a Factor in Early childhood Cancer;Ernest J. Sternglass, Gould, Sherman, Brown, McDonnell, Mangano;https://raw.githubusercontent.com/peatysharing/bibliography/main/Ernest%20J.%20Sternglass/2000%20-%20Ernest%20J.%20Sternglass%3B%20Gould%3B%20Sherman%3B%20Brown%3B%20McDonnell%3B%20Mangano%20-%20Strontium-90%20in%20Deciduous%20Teeth%20as%20a%20Factor%20in%20Early%20childhood%20Cancer%20.pdf;https://mega.nz/file/goRVmAIK#xMazJSshhl5NC1brdy5SEs69wnR3kzTYAtHswXpwHpg;2000;;;;img/cover page/Ernest J. Sternglass/2000 - Strontium-90 in Deciduous Teeth as a Factor in Early childhood Cancer.webp
Breast Cancer. Evidence for a Relation to Fission Products in the Diet;Ernest J. Sternglass, Jay M. Gould;https://raw.githubusercontent.com/peatysharing/bibliography/main/Ernest%20J.%20Sternglass/1993%20-%20Ernest%20J.%20Sternglass%3B%20Jay%20M.%20Gould%20-%20Breast%20Cancer.%20Evidence%20for%20a%20Relation%20to%20Fission%20Products%20in%20the%20Diet.pdf;https://mega.nz/file/B4oRCLrJ#fODteER4zpUzzXkmFxJ5EXNCfWpOKOidawyWTRI4NC8;1993;;;;img/cover page/Ernest J. Sternglass/1993 - Breast Cancer. Evidence for a Relation to Fission Products in the Diet.webp
Infant Death and Childhood Cancer Reductions;Ernest J. Sternglass, Mangano, Gould, Sherman, Brown, McDonnell;https://raw.githubusercontent.com/peatysharing/bibliography/main/Ernest%20J.%20Sternglass/2002%20-%20Ernest%20J.%20Sternglass%3B%20Mangano%3B%20Gould%3B%20Sherman%3B%20Brown%3B%20McDonnell%20-%20Infant%20Death%20and%20Childhood%20Cancer%20Reductions.pdf;https://mega.nz/file/J04TBR7K#_k5rvV7zvC0KF5bYKewnp2VyWAJX5FRCKWWwX1VE_Y8;2002;;;;img/cover page/Ernest J. Sternglass/2002 - Infant Death and Childhood Cancer Reductions.webp
An unexpected rise in strontium-90 in US Deciduous Teeth in the;Ernest J. Sternglass, Mangano, Gould, Sherman, McDonnell;https://raw.githubusercontent.com/peatysharing/bibliography/main/Ernest%20J.%20Sternglass/2003%20-%20Ernest%20J.%20Sternglass%3B%20Mangano%3B%20Gould%3B%20Sherman%3B%20McDonnell%20-%20An%20unexpected%20rise%20in%20strontium-90%20in%20US%20Deciduous%20Teeth%20in%20the.pdf;https://mega.nz/file/gwIHnIoR#QUkWaWKQxriyOzd3GpFKnkGwuSNrBNeZZAq7bsaW9QY;2003;;;;img/cover page/Ernest J. Sternglass/2003 - An unexpected rise in strontium-90 in US Deciduous Teeth in the.webp
Radio-Activity;Ernest Rutherford;https://raw.githubusercontent.com/peatysharing/bibliography/main/Ernest%20Rutherford/1905%20-%20Ernest%20Rutherford%20-%20Radio-Activity.pdf;https://mega.nz/file/Eh4lwIYA#qgjk4LzUCilnvBgTEmCEnhNhAiqea9_TJ2ZOk8ZfTik;1905;;;Book;img/cover page/Ernest Rutherford/1905 - Radio-Activity.webp
Radioactive Transformations;Ernest Rutherford;https://raw.githubusercontent.com/peatysharing/bibliography/main/Ernest%20Rutherford/1906%20-%20Ernest%20Rutherford%20-%20Radioactive%20Transformations.pdf;https://mega.nz/file/F5xBTLgZ#h5nPkVALElRErGykuCr8Dwlkj3j9YoXU3dZLWaGoxBw;1906;;;Book;img/cover page/Ernest Rutherford/1906 - Radioactive Transformations.webp
Gluatamate Antagonists, Deadly Liaisons With Cancer;Ester A. Cavalheiro, John W. Olney;https://raw.githubusercontent.com/peatysharing/bibliography/main/Ester%20A.%20Cavalheiro/2001%20-%20Ester%20A.%20Cavalheiro%3B%20John%20W.%20Olney%20-%20Gluatamate%20Antagonists%2C%20Deadly%20Liaisons%20With%20Cancer.pdf;https://mega.nz/file/A9pDHCxQ#QJKczSC-uIpZRa9HZF1wrs8rEb8vyaC7biQSfjRVYGA;2001;;;Article;img/cover page/Ester A. Cavalheiro/2001 - Gluatamate Antagonists, Deadly Liaisons With Cancer.webp
The Inheritance Of Acquired Epigenetic Variations;Eva Jablonka, Marion J. Lamb;https://raw.githubusercontent.com/peatysharing/bibliography/main/Eva%20Jablonka/2015%20-%20Eva%20Jablonka%3B%20Marion%20J.%20Lamb%20-%20The%20Inheritance%20Of%20Acquired%20Epigenetic%20Variations.pdf;https://mega.nz/file/xt4hGT6J#OQxd3R0cE2GUnMQRo9MignLvLHr3zpy4X--zjGJ8CXI;2015;;;Article;img/cover page/Eva Jablonka/2015 - The Inheritance Of Acquired Epigenetic Variations.webp
Alpha Tocopherol in the Management of Small Areas of Gangrene;Evan Shute, Stephen Tolgyes;https://raw.githubusercontent.com/peatysharing/bibliography/main/Evan%20V.%20Shute/1957%20-%20Evan%20Shute%3B%20Stephen%20Tolgyes%20-%20Alpha%20Tocopherol%20in%20the%20Management%20of%20Small%20Areas%20of%20Gangrene.pdf;https://mega.nz/file/t44SjBxS#tktPa0U6bqt-FQVX-pPZtaeoqkUp9E0Na3LLVPEIxNQ;1957;;;;img/cover page/Evan V. Shute/1957 - Alpha Tocopherol in the Management of Small Areas of Gangrene.webp
A Reply To Recent Criticisms Of The Theory Of A Relationship Between Vitamin E And The Oestrogens;Evan V. Shute;https://raw.githubusercontent.com/peatysharing/bibliography/main/Evan%20V.%20Shute/1940%20-%20Evan%20V.%20Shute%20-%20A%20Reply%20To%20Recent%20Criticisms%20Of%20The%20Theory%20Of%20A%20Relationship%20Between%20Vitamin%20E%20And%20The%20Oestrogens.pdf;https://mega.nz/file/xxgFgbZD#6lDTN2wD4Z8iZ4f7Z9Tmfkx3iQz64g7I8jF1FLKlAHI;1940;;;Article;img/cover page/Evan V. Shute/1940 - A Reply To Recent Criticisms Of The Theory Of A Relationship Between Vitamin E And The Oestrogens.webp
Common Questions on Vitamin E and Their Answers;Evan V. Shute;https://raw.githubusercontent.com/peatysharing/bibliography/main/Evan%20V.%20Shute/1979%20-%20Common%20Questions%20on%20Vitamin%20E%20and%20Their%20Answers.pdf;https://mega.nz/file/IkhjnbxC#AGD8Sa15aIblSmhpNez0cEdVfiGjVDaKoAsvtoJ5YdU;1979;;;Book;img/cover page/Evan V. Shute/1979 - Common Questions on Vitamin E and Their Answers.webp
The Vitamin E Story, The Medical Memoirs Of Evan Shute;Evan V. Shute;https://raw.githubusercontent.com/peatysharing/bibliography/main/Evan%20V.%20Shute/1985%20-%20Evan%20V.%20Shute%20-%20The%20Vitamin%20E%20Story%2C%20The%20Medical%20Memoirs%20Of%20Evan%20Shute.pdf;https://mega.nz/file/E4AFgQAb#uPk-8OrvkCetP-ogDu-jJFCxqPHAeWXkBHO6LKyvFIM;1985;;;Book;img/cover page/Evan V. Shute/1985 - The Vitamin E Story, The Medical Memoirs Of Evan Shute.webp
The Influence Of Vitamin E On Vascular Disease;Evan V. Shute, Arthur B. Vogelsang, Floyd R. Skelton, Wilfred E. Shute;https://raw.githubusercontent.com/peatysharing/bibliography/main/Evan%20V.%20Shute/1948%20-%20Evan%20V.%20Shute%3B%20Arthur%20B.%20Vogelsang%3B%20Floyd%20R.%20Skelton%3B%20Wilfred%20E.%20Shute%20-%20The%20Influence%20Of%20Vitamin%20E%20On%20Vascular%20Disease.pdf;https://mega.nz/file/R0ZgxbBL#Tpy2txxxKxRZE0qyWZqdVF2ZUVK_bu5Ay8S3c8s_7K8;1948;;;Article;img/cover page/Evan V. Shute/1948 - The Influence Of Vitamin E On Vascular Disease.webp
Synchronicity, The Bridge Between Matter And Mind;F. David Peat;https://raw.githubusercontent.com/peatysharing/bibliography/main/Francis%20David%20Peat/1987%20-%20F.%20David%20Peat%20-%20Synchronicity%2C%20The%20Bridge%20Between%20Matter%20And%20Mind.pdf;https://mega.nz/file/M4xx0YyJ#-eoPGp-xy0Y2TQj2W-raknkqOfReuoi3xb1BN_C6XRw;1987;;;Book;img/cover page/Francis David Peat/1987 - Synchronicity, The Bridge Between Matter And Mind.webp
The Philosopher's Stone, Chaos, Synchronicity, And The Hidden Order Of The World;F. David Peat;https://raw.githubusercontent.com/peatysharing/bibliography/main/Francis%20David%20Peat/1991%20-%20F.%20David%20Peat%20-%20The%20Philosopher%27s%20Stone%2C%20Chaos%2C%20Synchronicity%2C%20And%20The%20Hidden%20Order%20Of%20The%20World.pdf;https://mega.nz/file/o8w3HaaJ#vv6Usbe3JJcNMnxTw6edxI5HQYQYvn5VeihJkwkDFTU;1991;;;Book;img/cover page/Francis David Peat/1991 - The Philosopher's Stone, Chaos, Synchronicity, And The Hidden Order Of The World.webp
Adaptation, Stress, and Prophylaxis;Felix Z. meerson;https://raw.githubusercontent.com/peatysharing/bibliography/main/Felix%20Z.%20Meerson/1984%20-%20Felix%20Z.%20meerson%20-%20Adaptation%2C%20Stress%2C%20and%20Prophylaxis.pdf;https://mega.nz/file/0lommTrZ#1gF1Zl2cCWzAKjrp7nNsMo-vr3T_7kKcQwm8nlYMdL0;1984;;;;img/cover page/Felix Z. Meerson/1984 - Adaptation, Stress, and Prophylaxis.webp
Adaptive Protection Of The Heart-protecting Against Stress And Ischemic Damage [part 1];Felix Z. Meerson;https://raw.githubusercontent.com/peatysharing/bibliography/main/Felix%20Z.%20Meerson/1991%20-%20Felix%20Z.%20Meerson%20-%20Adaptive%20Protection%20Of%20The%20Heart-protecting%20Against%20Stress%20And%20Ischemic%20Damage%20%5Bpart%201%5D.pdf;https://mega.nz/file/UhYVhQoZ#r5AWXlbKaqSdcJfZq9WDEmEw3Jws1r3OWai7GG8sPuI;1991;;;Book;img/cover page/Felix Z. Meerson/1991 - Adaptive Protection Of The Heart-protecting Against Stress And Ischemic Damage.webp
Adaptive Protection Of The Heart-protecting Against Stress And Ischemic Damage [part 2];Felix Z. Meerson;https://raw.githubusercontent.com/peatysharing/bibliography/main/Felix%20Z.%20Meerson/1991%20-%20Felix%20Z.%20Meerson%20-%20Adaptive%20Protection%20Of%20The%20Heart-protecting%20Against%20Stress%20And%20Ischemic%20Damage%20%5Bpart%202%5D.pdf;https://mega.nz/file/g8YW1IbR#y_Zb6eSfxke0wofttUE611wJJkRTJVeJfueaUEx1ZYQ;1991;;;Book;img/cover page/Felix Z. Meerson/1991 - Adaptive Protection Of The Heart-protecting Against Stress And Ischemic Damage.webp
Life Itself, Its Origin And Nature;Francis Crick;https://raw.githubusercontent.com/peatysharing/bibliography/main/Francis%20Crick/1981%20-%20Francis%20Crick%20-%20Life%20Itself%2C%20Its%20Origin%20And%20Nature.pdf;https://mega.nz/file/MgonnZhb#g2TY0m9IVAPqMrtsA8RFQ5bQvvtEKcYnLlNOr63GD4U;1981;;;Book;img/cover page/Francis Crick/1981 - Life Itself, Its Origin And Nature.webp
Concepts In Biochemistry;Francis J. Reithel;https://raw.githubusercontent.com/peatysharing/bibliography/main/Francis%20Joseph%20Reithel/1967%20-%20Francis%20J.%20Reithel%20-%20Concepts%20In%20Biochemistry.pdf;https://mega.nz/file/UowmhZIA#7mCCD_tmeritNY3upCU6QjpJmVDJwV3Jq0zOz4EAP6M;1967;;;Book;img/cover page/Francis Joseph Reithel/1967 - Concepts In Biochemistry.webp
Biological Clocks, Endogenous Cycles Synchronized By Subtle Geophysical Rhythms;Frank Arthur Brown Jr.;https://raw.githubusercontent.com/peatysharing/bibliography/main/Frank%20Arthur%20Brown%20Junior/1976%20-%20Frank%20Arthur%20Brown%20Jr.%20-%20Biological%20Clocks%2C%20Endogenous%20Cycles%20Synchronized%20By%20Subtle%20Geophysical%20Rhythms.pdf;https://mega.nz/file/VsoxiDZT#6BmC-B0OIlLYjvAG3mXjA2ETb4coXQuIYImfGp5ZuNU;1976;;;Article;img/cover page/Frank Arthur Brown Junior/1976 - Biological Clocks, Endogenous Cycles Synchronized By Subtle Geophysical Rhythms.webp
The Biological Clock, Two Views;Frank Arthur Brown Jr., J. Woodland Hastings, John D. Palmer;https://raw.githubusercontent.com/peatysharing/bibliography/main/Frank%20Arthur%20Brown%20Junior/1970%20-%20Frank%20Arthur%20Brown%20Jr.%3B%20J.%20Woodland%20Hastings%3B%20John%20D.%20Palmer%20-%20The%20Biological%20Clock%2C%20Two%20Views.pdf;https://mega.nz/file/dtoFCBzK#I82IS0bwHKtbkZP6p1k-4573mLRKJGTUYZZWaScID2o;1970;;;Book;img/cover page/Frank Arthur Brown Junior/1970 - The Biological Clock, Two Views.webp
Magnetic Induction Of A Circadian Cycle In Hamsters;Frank Arthur Brown Jr., Kate M. Scow;https://raw.githubusercontent.com/peatysharing/bibliography/main/Frank%20Arthur%20Brown%20Junior/1978%20-%20Frank%20Arthur%20Brown%20Jr.%3B%20Kate%20M.%20Scow%20-%20Magnetic%20Induction%20Of%20A%20Circadian%20Cycle%20In%20Hamsters.pdf;https://mega.nz/file/ElRRVZRY#4-nR29ljBokIruQojjkUqTcM4APVqiin-i-l_nXjVDY;1978;;;;img/cover page/Frank Arthur Brown Junior/1978 - Magnetic Induction Of A Circadian Cycle In Hamsters.webp
Race And Progress;Franz Boas;https://raw.githubusercontent.com/peatysharing/bibliography/main/Franz%20Boas/1931%20-%20Franz%20Boas%20-%20Race%20And%20Progress.pdf;https://mega.nz/file/lkwUURRD#E1j9u8dFo613BLToACNlZPGmZTeFHHulfdygapa7Ycg;1931;;;Article;img/cover page/Franz Boas/1931 - Race And Progress.webp
General Anthropology;Franz Boas;https://raw.githubusercontent.com/peatysharing/bibliography/main/Franz%20Boas/1938%20-%20Franz%20Boas%20-%20General%20Anthropology.pdf;https://mega.nz/file/QsASmDZD#fugnJ2q2w7u0dkU8q1VLF0YEA9unqHAYN1uMWX_N0d8;1938;;;Book;img/cover page/Franz Boas/1938 - General Anthropology.webp
Anthropology And Modern Life;Franz Boas;https://raw.githubusercontent.com/peatysharing/bibliography/main/Franz%20Boas/1962%20-%20Franz%20Boas%20-%20Anthropology%20And%20Modern%20Life.pdf;https://mega.nz/file/VsZSwaQQ#JXTgnyixomX38AKYaQgzrICnqiVKV8kEGPSwYCmXXzk;1962;;;Book;img/cover page/Franz Boas/1962 - Anthropology And Modern Life.webp
Psychology From An Empirical Standpoint;Franz Brentano;https://raw.githubusercontent.com/peatysharing/bibliography/main/Franz%20Brentano/1973%20-%20Franz%20Brentano%20-%20Psychology%20From%20An%20Empirical%20Standpoint.pdf;https://mega.nz/file/QtpxwSyJ#EtF5DYUQKxKmpl8hndHzNq0WdccleKfiSLBDcQomYGQ;1973;;;Book;img/cover page/Franz Brentano/1973 - Psychology From An Empirical Standpoint.webp
A Survey Of Human Biometeorology;Frederick Sargent II, Solco Walle Tromp;https://raw.githubusercontent.com/peatysharing/bibliography/main/Solco%20Walle%20Tromp/1964%20-%20Frederick%20Sargent%20II%3B%20Solco%20Walle%20Tromp%20-%20A%20Survey%20Of%20Human%20Biometeorology.pdf;https://mega.nz/file/xt5WCBSB#FwKSP39hRQaSUmAB-9tMo4pd_njzCXwUWIZktm8kbmE;1964;;;Book;img/cover page/Solco Walle Tromp/1964 - A Survey Of Human Biometeorology.webp
Radio-Activity;Frederick Soddy;https://raw.githubusercontent.com/peatysharing/bibliography/main/Frederick%20Soddy/1904%20-%20Frederick%20Soddy%20-%20Radio-Activity.pdf;https://mega.nz/file/w1R0jQDT#OxJhPEBGO7jJ4C44yNQlF4QvkBbjsHvcu52tWQNuK7o;1904;;;;img/cover page/Frederick Soddy/1904 - Radio-Activity.webp
The Chemistry Of The Radio-Elements;Frederick Soddy;https://raw.githubusercontent.com/peatysharing/bibliography/main/Frederick%20Soddy/1911%20-%20Frederick%20Soddy%20-%20The%20Chemistry%20Of%20The%20Radio-Elements.pdf;https://mega.nz/file/tppSFJSC#rIdXaomgYOW2uxTE6NZSgUpl4_NIfuNqAjRBs6MmuWg;1911;;;Book;img/cover page/Frederick Soddy/1911 - The Chemistry Of The Radio-Elements.webp
Matter And Energy;Frederick Soddy;https://raw.githubusercontent.com/peatysharing/bibliography/main/Frederick%20Soddy/1912%20-%20Frederick%20Soddy%20-%20Matter%20And%20Energy.pdf;https://mega.nz/file/sgxjDLjJ#6qDRDe6RcbdpFf4C4yC1CXn_H1yonOqwxYVKQP60H0M;1912;;;Book;img/cover page/Frederick Soddy/1912 - Matter And Energy.webp
Money Versus Man;Frederick Soddy;https://raw.githubusercontent.com/peatysharing/bibliography/main/Frederick%20Soddy/1931%20-%20Frederick%20Soddy%20-%20Money%20Versus%20Man.pdf;https://mega.nz/file/NkZ30DYK#LBGk5En5Yh_ZVloG7dEFIGLEtihdf9lh3G7coYbeSLY;1931;;;Book;img/cover page/Frederick Soddy/1931 - Money Versus Man.webp
The Interpretation of the Atom;Frederick Soddy;https://raw.githubusercontent.com/peatysharing/bibliography/main/Frederick%20Soddy/1932%20-%20Frederick%20Soddy%20-%20The%20Interpretation%20of%20the%20Atom.pdf;https://mega.nz/file/15pGDTbD#gqq_XUTAyXLtjK9IKrPMU3fRSSiICV7viRUP1Li2KEY;1932;;;;img/cover page/Frederick Soddy/1932 - The Interpretation of the Atom.webp
The Role Of Money, What It Should Be, Constrasted With What It Has Become;Frederick Soddy;https://raw.githubusercontent.com/peatysharing/bibliography/main/Frederick%20Soddy/1934%20-%20Frederick%20Soddy%20-%20The%20Role%20Of%20Money%2C%20What%20It%20Should%20Be%2C%20Constrasted%20With%20What%20It%20Has%20Become.pdf;https://mega.nz/file/Y94myYqT#WO5Ea9T-B48DZCd4z6QqnVSOrWU17GV41acebsquvFI;1934;;;Book;img/cover page/Frederick Soddy/1934 - The Role Of Money, What It Should Be, Constrasted With What It Has Become.webp
Oestrogenic Function in Postmenopausal Women;G. A. Dove;https://raw.githubusercontent.com/peatysharing/bibliography/main/G.%20A.%20Dove/1971%20-%20G.%20A.%20Dove%20-%20Oestrogenic%20Function%20in%20Postmenopausal%20Women.pdf;https://mega.nz/file/40IDhCRD#gDRxSuRZJ5Iyh2Kgk85Bx1Db-uJpLsoQqj5eEaXL-co;1971;;;;img/cover page/G. A. Dove/1971 - Oestrogenic Function in Postmenopausal Women.webp
The Influences Of Illumination, Melatonin And Pinealectomy On Testicular Function In The Rat;G. A. Kinson, Frances Peat;https://raw.githubusercontent.com/peatysharing/bibliography/main/G.%20A.%20Kinson/1971%20-%20G.%20A.%20Kinson%3B%20Frances%20Peat%20-%20The%20Influences%20Of%20Illumination%2C%20Melatonin%20And%20Pinealectomy%20On%20Testicular%20Function%20In%20The%20Rat.pdf;https://mega.nz/file/c1pWUKBA#92a-uMHsbVaTQ1julnXbGupnZR5NXgVwor3d0gQCJj8;1971;;;Article;img/cover page/G. A. Kinson/1971 - The Influences Of Illumination, Melatonin And Pinealectomy On Testicular Function In The Rat.webp
Molecular Versus System Theories On The Genesis Of Ageing;G. A. Sacher;https://raw.githubusercontent.com/peatysharing/bibliography/main/G.%20A.%20Sacher/1968%20-%20G.%20A.%20Sacher%20-%20Molecular%20Versus%20System%20Theories%20On%20The%20Genesis%20Of%20Ageing.pdf;https://mega.nz/file/40QSnQ5B#6Z0q5m0zWu1U_vf4aOWA2U7i0Boz7zFdz0oIsMnAnH4;1968;;;Article;img/cover page/G. A. Sacher/1968 - Molecular Versus System Theories On The Genesis Of Ageing.webp
Serotonin As A Growth Factor For Chick Embryo Brain;G. Ahmad, S. Zamenhof;https://raw.githubusercontent.com/peatysharing/bibliography/main/G.%20Ahmad/1978%20-%20G.%20Ahmad%3B%20S.%20Zamenhof%20-%20Serotonin%20As%20A%20Growth%20Factor%20For%20Chick%20Embryo%20Brain.pdf;https://mega.nz/file/4sogQJhZ#5Ht4HdtX9nneruecySBu6Fguwb2D0I66wiVbsrItDxI;1978;;;Article;img/cover page/G. Ahmad/1978 - Serotonin As A Growth Factor For Chick Embryo Brain.webp
Toxic Effects Of Phencyclidine On Developing Chick Embryo Brain;G. Ahmad, S. Zamenhof;https://raw.githubusercontent.com/peatysharing/bibliography/main/G.%20Ahmad/1987%20-%20G.%20Ahmad%3B%20S.%20Zamenhof%20-%20Toxic%20Effects%20Of%20Phencyclidine%20On%20Developing%20Chick%20Embryo%20Brain.pdf;https://mega.nz/file/R5I0UByQ#QHPDXhWylqIm9KrprB0CmYhYGEk-v3HN4I-17pmmOt4;1987;;;Article;img/cover page/G. Ahmad/1987 - Toxic Effects Of Phencyclidine On Developing Chick Embryo Brain.webp
The Thymus, Experimental And Clinical Studies;G. E. W. Wolstenholme, Ruth Porter;https://raw.githubusercontent.com/peatysharing/bibliography/main/G.%20E.%20W.%20Wolstenholm/1966%20-%20G.%20E.%20W.%20Wolstenholme%3B%20Ruth%20Porter%20-%20The%20Thymus%2C%20Experimental%20And%20Clinical%20Studies.pdf;https://mega.nz/file/ItICUQbQ#5p0qu2vkRegpaolezmUf_VAfITGbe-tPUIXtjUSK1To;1966;;;Book;img/cover page/G. E. W. Wolstenholme/1966 - The Thymus, Experimental And Clinical Studies.webp
Studies on the Mechanism of Retinal Neo-Vascularization - Role of Lactic Acid;G. Imre;https://raw.githubusercontent.com/peatysharing/bibliography/main/G.%20Imre/1964%20-%20G.%20Imre%20-%20Studies%20on%20the%20Mechanism%20of%20Retinal%20Neo-Vascularization%20-%20Role%20of%20Lactic%20Acid.pdf;https://mega.nz/file/ckByDLJC#ppcz_vf_-3z4CvxnkhP48EctTUMKJJkSWqsJ-Mcsb-Q;1964;;;;img/cover page/G. Imre/1964 - Studies on the Mechanism of Retinal Neo-Vascularization - Role of Lactic Acid.webp
Historical Introduction To Modern Psychology;Gardner Murphy, Joseph K. Kovach;https://raw.githubusercontent.com/peatysharing/bibliography/main/Gardner%20Murphy/1972%20-%20Gardner%20Murphy%3B%20Joseph%20K.%20Kovach%20-%20Historical%20Introduction%20To%20Modern%20Psychology.pdf;https://mega.nz/file/AhI2WIIS#VPjQqd377Uq1uxwSdkq98flrWDe3_BtEdY7JzkkY2fU;1972;;;Book;img/cover page/Gardner Murphy/1972 - Historical Introduction To Modern Psychology.webp
The Effect Of Prenatal Malnutrition On Dimensions Of Cerebral Cortex;Geoffrey M. Clark, Stephen Zamenhof, Edith Van Marthens, Ludmila Grauel, Lawrence Kruger;https://raw.githubusercontent.com/peatysharing/bibliography/main/Geoffrey%20M.%20Clark/1973%20-%20Geoffrey%20M.%20Clark%3B%20Stephen%20Zamenhof%3B%20Edith%20Van%20Marthens%3BLudmila%20Grauel%3B%20Lawrence%20Kruger%20-%20The%20Effect%20Of%20Prenatal%20Malnutrition%20On%20Dimensions%20Of%20Cerebral%20Cortex.pdf;https://mega.nz/file/s1pWFALa#JPDyo2od64kiahPTrgE07B49O72toMgHQjfNUswuNHo;1973;;;Article;img/cover page/Geoffrey M. Clark/1973 - The Effect Of Prenatal Malnutrition On Dimensions Of Cerebral Cortex.webp
Hyperthyroidism In The Extremes Of Life;George Crile Jr.;https://raw.githubusercontent.com/peatysharing/bibliography/main/George%20Crile%20Junior/1938%20-%20George%20Crile%20Jr.%20-%20Hyperthyroidism%20In%20The%20Extremes%20Of%20Life.pdf;https://mega.nz/file/B5BVSQ5a#E9vAsWEqqsoX5D09WDSJRcMlC6qwVr6XnyjTYqNsffo;1938;;;Article;img/cover page/George Crile Junior/1938 - Hyperthyroidism In The Extremes Of Life.webp
Treatment Of Thyroiditis;George Crile Jr.;https://raw.githubusercontent.com/peatysharing/bibliography/main/George%20Crile%20Junior/1948%20-%20George%20Crile%20Jr.%20-%20Treatment%20Of%20Thyroiditis.pdf;https://mega.nz/file/MlgA0KDR#-qH2-7mLE0yTbF1NwHwAcMxKLFon416Eh3vMbW4PNvs;1948;;;;img/cover page/George Crile Junior/1948 - Treatment Of Thyroiditis.webp
Indications For Removal Of Nontoxic Nodular Goiters;George Crile Jr.;https://raw.githubusercontent.com/peatysharing/bibliography/main/George%20Crile%20Junior/1949%20-%20George%20Crile%20Jr.%20-%20Indications%20For%20Removal%20Of%20Nontoxic%20Nodular%20Goiters.pdf;https://mega.nz/file/w9Y1FYjS#WfIunWLD8oFuMzcP7rsxg4sh4zZyNlnNriH6FT1UVZ4;1949;;;Article;img/cover page/George Crile Junior/1949 - Indications For Removal Of Nontoxic Nodular Goiters.webp
Practical Aspects Of Thyroid Disease;George Crile Jr.;https://raw.githubusercontent.com/peatysharing/bibliography/main/George%20Crile%20Junior/1949%20-%20George%20Crile%20Jr.%20-%20Practical%20Aspects%20Of%20Thyroid%20Disease.pdf;https://mega.nz/file/8kZ31JYD#LLKmvIFEJLc1r-ufezbOWaHp_gBhiUr3xPd39fxs0SU;1949;;;Book;img/cover page/George Crile Junior/1949 - Practical Aspects Of Thyroid Disease.webp
Subacute Thyroiditis;George Crile Jr.;https://raw.githubusercontent.com/peatysharing/bibliography/main/George%20Crile%20Junior/1950%20-%20George%20Crile%20Jr.%20-%20Subacute%20Thyroiditis.pdf;https://mega.nz/file/dxwESBgZ#12AQIpxS4UlKMgOflyt9ksGttcSvc-LWlV0b_pyHJG8;1950;;;Article;img/cover page/George Crile Junior/1950 - Subacute Thyroiditis.webp
Thyroid Nodules And The Fallacy Of 'All Or None' Teaching;George Crile Jr.;https://raw.githubusercontent.com/peatysharing/bibliography/main/George%20Crile%20Junior/1959%20-%20George%20Crile%20Jr.%20-%20Thyroid%20Nodules%20And%20The%20Fallacy%20Of%20%27All%20Or%20None%27%20Teaching.pdf;https://mega.nz/file/BgxUQIya#3pvJmPXxiO3J2IlCFiomKNVbVUFPxHYKRH6CxZL1E2k;1959;;;Article;img/cover page/George Crile Junior/1959 - Thyroid Nodules And The Fallacy Of 'All Or None' Teaching.webp
Exophthalmic Goiter In A Boy Two And One-Half Years Of Age;George Crile Jr., J. Lewis Blanton;https://raw.githubusercontent.com/peatysharing/bibliography/main/George%20Crile%20Junior/1937%20-%20George%20Crile%20Jr.%3B%20J.%20Lewis%20Blanton%20-%20Exophthalmic%20Goiter%20In%20A%20Boy%20Two%20And%20One-Half%20Years%20Of%20Age.pdf;https://mega.nz/file/xoZyyZrI#MwQBX-9gWicaKy1_YGiLPZX3VqjMvjUEpUN8hgOxi8U;1937;;;Article;img/cover page/George Crile Junior/1937 - Exophthalmic Goiter In A Boy Two And One-Half Years Of Age.webp
Anesthesia For Thyroidectomy;George Crile Jr., Lou E. Adams;https://raw.githubusercontent.com/peatysharing/bibliography/main/George%20Crile%20Junior/1938%20-%20George%20Crile%20Jr.%3B%20Lou%20E.%20Adams%20-%20Anesthesia%20For%20Thyroidectomy.pdf;https://mega.nz/file/d8oDHTiZ#VZNaHK8de9Xpc0_fi0R_I9UJmQNKLJoJ0HFWVaLOYsY;1938;;;Article;img/cover page/George Crile Junior/1938 - Anesthesia For Thyroidectomy.webp
In Search Of the Miraculous;George Ivanovich Gurdhieff;https://raw.githubusercontent.com/peatysharing/bibliography/main/George%20Ivanovich%20Gurdhieff/1949%20-%20P.%20D.%20Ouspensky%20-%20In%20Search%20Of%20the%20Miraculous.pdf;https://mega.nz/file/4pRD2LzR#Kyls6McvHRyuWFim5b36bMtOCxf24MeNY-Ca9ozzIaU;1949;;;Book;img/cover page/George Ivanovich Gurdhieff/1949 - In Search Of the Miraculous.webp
Meetings With Remarkable Men;George Ivanovich Gurdhieff;https://raw.githubusercontent.com/peatysharing/bibliography/main/George%20Ivanovich%20Gurdhieff/1963%20-%20George%20Ivanovich%20Gurdhieff%20-%20Meetings%20With%20Remarkable%20Men.pdf;https://mega.nz/file/p5ZGCLwA#GnusOWYCMMtXnKs2XmEZPLXjPzjeM2SDntgc5tQcXeA;1963;;;Book;img/cover page/George Ivanovich Gurdhieff/1963 - Meetings With Remarkable Men.webp
Transcripts of Gurdjieff's Meetings 1941-1946;George Ivanovich Gurdhieff;https://raw.githubusercontent.com/peatysharing/bibliography/main/George%20Ivanovich%20Gurdhieff/2008%20-%20George%20Ivanovich%20Gurdhieff%20-%20Transcripts%20of%20Gurdjieff%27s%20Meetings%201941-1946.pdf;https://mega.nz/file/0tgxEZBZ#-2JA-C1Ar_66xCOpFovTFQilflTNU5nCK2t02I4KAM4;2008;;;Book;img/cover page/George Ivanovich Gurdhieff/2008 - Transcripts of Gurdjieff's Meetings 1941-1946.webp
In Search Of Being. The Fourth Way To Consciousness;George Ivanovich Gurdhieff;https://raw.githubusercontent.com/peatysharing/bibliography/main/George%20Ivanovich%20Gurdhieff/2013%20-%20George%20Ivanovich%20Gurdhieff%20-%20In%20Search%20Of%20Being.%20The%20Fourth%20Way%20To%20Consciousness.pdf;https://mega.nz/file/tkgnGTRS#cdl7ReCBMY2ONB2CvgDhs0ugct177sZp_0Y0ciVsJx0;2013;;;Book;img/cover page/George Ivanovich Gurdhieff/2013 - In Search Of Being. The Fourth Way To Consciousness.webp
Views From The Real World;George Ivanovich Gurdjieff;https://raw.githubusercontent.com/peatysharing/bibliography/main/George%20Ivanovich%20Gurdhieff/1975%20-%20Georges%20Ivanovitch%20Gurdjieff%20-%20Views%20From%20The%20Real%20World.pdf;https://mega.nz/file/1kQwmIjI#GZfDGcTYTAT1zqzjXXNq_a_I1x9MRLbzMtWlye2vrjU;1975;;;Book;img/cover page/George Ivanovich Gurdhieff/1975 - Views From The Real World.webp
Beelzebub's Tales To His grandson. An Objectively Impartial Criticism Of The Life Of Man;George Ivanovich Gurdjieff, Jeanne de Salzmann, A. Orage;https://raw.githubusercontent.com/peatysharing/bibliography/main/George%20Ivanovich%20Gurdhieff/1973%20-%20Georges%20Ivanovitch%20Gurdjieff%3B%20Jeanne%20de%20Salzmann%3B%20A.%20Orage%20-%20Beelzebub%27s%20Tales%20To%20His%20grandson.%20An%20Objectively%20Impartial%20Criticism%20Of%20The%20Life%20Of%20Man.pdf;https://mega.nz/file/IxpmhAxT#XaHq4SaoymqCcMRBKTBN1MrJU69LxgPgT8GeL9iwYYU;1973;;;Book;img/cover page/George Ivanovich Gurdhieff/1973 - Beelzebub's Tales To His grandson. An Objectively Impartial Criticism Of The Life Of Man.webp
An Experimental And Clinical Research Into Cocain And Eucain;George W. Crile;https://raw.githubusercontent.com/peatysharing/bibliography/main/George%20Washington%20Crile/1902%20-%20George%20W.%20Crile%20-%20An%20Experimental%20And%20Clinical%20Research%20Into%20Cocain%20And%20Eucain.pdf;https://mega.nz/file/U5gjDajS#ikQbYcseMgqIYSeieff1C-b3FW---jbM52dtoV1LF0c;1902;;;Article;img/cover page/George Washington Crile/1902 - An Experimental And Clinical Research Into Cocain And Eucain.webp
An Experimental Research Into The Resuscitation Of Dogs Killed By Anesthetics And Asphyxia;George W. Crile;https://raw.githubusercontent.com/peatysharing/bibliography/main/George%20Washington%20Crile/1906%20-%20George%20W.%20Crile%20-%20An%20Experimental%20Research%20Into%20The%20Resuscitation%20Of%20Dogs%20Killed%20By%20Anesthetics%20And%20Asphyxia.pdf;https://mega.nz/file/QswUza6A#ZGZTKcGY3Z1ulq9rh6uaLn-8DATd6ikY-_V-kSVG1PQ;1906;;;Article;img/cover page/George Washington Crile/1906 - An Experimental Research Into The Resuscitation Of Dogs Killed By Anesthetics And Asphyxia.webp
Surgical Aspects Of Graves' Disease With Reference To The Psychic Factor;George W. Crile;https://raw.githubusercontent.com/peatysharing/bibliography/main/George%20Washington%20Crile/1908%20-%20George%20W.%20Crile%20-%20Surgical%20Aspects%20Of%20Graves%27%20Disease%20With%20Reference%20To%20The%20Psychic%20Factor.pdf;https://mega.nz/file/VggCjTpJ#ftmQM2p-0b94cDj6B0Qh7BLkrGbpZ1oJaoQYmZbcUEs;1908;;;Article;img/cover page/George Washington Crile/1908 - Surgical Aspects Of Graves' Disease With Reference To The Psychic Factor.webp
Certain Problems In The Treatment Of Disease Of The Thyroid Gland;George W. Crile;https://raw.githubusercontent.com/peatysharing/bibliography/main/George%20Washington%20Crile/1924%20-%20George%20W.%20Crile%20-%20Certain%20Problems%20In%20The%20Treatment%20Of%20Disease%20Of%20The%20Thyroid%20Gland.pdf;https://mega.nz/file/B54E3AaS#IfFQDCALs8AdD6raiFeGD0-1d5ymMnyuI9itISaXQl0;1924;;;Article;img/cover page/George Washington Crile/1924 - Certain Problems In The Treatment Of Disease Of The Thyroid Gland.webp
Recurrent Hyperthyroidism, Neurocirculatory Aqsthenia And Peptic Ulcer;George W. crile;https://raw.githubusercontent.com/peatysharing/bibliography/main/George%20Washington%20Crile/1931%20-%20George%20W.%20crile%20-%20Recurrent%20Hyperthyroidism%2C%20Neurocirculatory%20Aqsthenia%20And%20Peptic%20Ulcer.pdf;https://mega.nz/file/ok5RwJzI#pyC8BJhB9T_PBYfvhAkr_EuMwn-3sTAoGiusb7RcxeA;1931;;;Article;img/cover page/George Washington Crile/1931 - Recurrent Hyperthyroidism, Neurocirculatory Aqsthenia And Peptic Ulcer.webp
The Phenomena Of Life, A Radio-Electric Interpretation;George W. Crile;https://raw.githubusercontent.com/peatysharing/bibliography/main/George%20Washington%20Crile/1936%20-%20George%20W.%20Crile%20-%20The%20Phenomena%20Of%20Life%2C%20A%20Radio-Electric%20Interpretation.pdf;https://mega.nz/file/I9RnHJoB#vGpGYuHKWJZ3MhTQRjPwnzNC18DYqTTGo9iNqruMenM;1936;;;Book;img/cover page/George Washington Crile/1936 - The Phenomena Of Life, A Radio-Electric Interpretation.webp
Indian And Eskimpo Metabolism;George W. Crile;https://raw.githubusercontent.com/peatysharing/bibliography/main/George%20Washington%20Crile/1939%20-%20George%20W.%20Crile%20-%20Indian%20And%20Eskimpo%20Metabolism.pdf;https://mega.nz/file/045gjYJa#ZcvWHr9OtrMz0eAgDMkt1vuMv_R-7qQKfMzOi9tg1mw;1939;;;Article;img/cover page/George Washington Crile/1939 - Indian And Eskimpo Metabolism.webp
Diseases Peculiar To Civilized Man;George W. Crile;https://raw.githubusercontent.com/peatysharing/bibliography/main/George%20Washington%20Crile/1940%20-%20George%20W.%20Crile%20-%20Diseases%20Peculiar%20To%20Civilized%20Man.pdf;https://mega.nz/file/xsp2AQaZ#MvUU7WoQlHAU-u-p6IZkVHaglrHQzPiL_mZcO-UE73Y;1940;;;Article;img/cover page/George Washington Crile/1940 - Diseases Peculiar To Civilized Man.webp
A Study Of The Metabolism Of The Maya Quiché Indian;George W. Crile, Daniel P. Quiring;https://raw.githubusercontent.com/peatysharing/bibliography/main/George%20Washington%20Crile/1939%20-%20George%20W.%20Crile%3B%20Daniel%20P.%20Quiring%20-%20A%20Study%20Of%20The%20Metabolism%20Of%20The%20Maya%20Quich%C3%A9%20Indian.pdf;https://mega.nz/file/F8B1HLAT#S6rJZxheV36ZB_p3De2fkQEmFyurSmR6Ne-in_8uFew;1939;;;Article;img/cover page/George Washington Crile/1939 - A Study Of The Metabolism Of The Maya Quiché Indian.webp
Individualization Of The Patient In The Treatment Of Hyperthyroidism;George W. Crile, George Crile Jr.;https://raw.githubusercontent.com/peatysharing/bibliography/main/George%20Washington%20Crile/1935%20-%20George%20W.%20Crile%3B%20George%20Crile%20Jr.%20-%20Individualization%20Of%20The%20Patient%20In%20The%20Treatment%20Of%20Hyperthyroidism.pdf;https://mega.nz/file/kghXxTqR#60xzPm6MBhvB1zEYEPXeyaoHZkD35UnmONTIhSNchD0;1935;;;Article;img/cover page/George Washington Crile/1935 - Individualization Of The Patient In The Treatment Of Hyperthyroidism.webp
Human Vision and The Spectrum;George Wald;https://raw.githubusercontent.com/peatysharing/bibliography/main/George%20Wald/1945%20-%20George%20Wald%20-%20Human%20Vision%20and%20The%20Spectrum.pdf;https://mega.nz/file/AwQWERTZ#sB_FVmiN4ax8_JS0bRnnW23MrLRFMt6EybgXOUlSX5w;1945;;;;img/cover page/George Wald/1945 - Human Vision and The Spectrum.webp
The molecular basis of visual excitation;George Wald;https://raw.githubusercontent.com/peatysharing/bibliography/main/George%20Wald/1968%20-%20George%20Wald%20-%20The%20molecular%20basis%20of%20visual%20excitation.pdf;https://mega.nz/file/EkBg2RZa#xuNdESUE0FAOEINB8NH1qMUhk1Yr2_uLAuYz4G94Dlo;1968;;;;img/cover page/George Wald/1968 - The molecular basis of visual excitation.webp
L'Origine De  La Vie;Georges Lakhovsky;https://raw.githubusercontent.com/peatysharing/bibliography/main/Georges%20Lakhovsky/1926%20-%20Georges%20Lakhovsky%20-%20L%27Origine%20De%20%20La%20Vie.pdf;https://mega.nz/file/05IjCCbK#R2Z0Zytr5suJVYxOqvu1Yw1QfCcRpLixfQuomoNa_lQ;1926;;;Book;img/cover page/Georges Lakhovsky/1926 - L'Origine De La Vie.webp
Les Ondes Qui Guérissent;Georges Lakhovsky;https://raw.githubusercontent.com/peatysharing/bibliography/main/Georges%20Lakhovsky/1926%20-%20Georges%20Lakhovsky%20-%20Les%20Ondes%20Qui%20Gu%C3%A9rissent.pdf;https://mega.nz/file/s5owQQIa#uj3vDY-Idlt6nU9GG8kCa86f-P4LwOYa2-dfpr8DRZg;1926;https://ln5.sync.com/dl/0c607d600/c96wkgyf-4mwskj27-kk7sed8x-jbnxia2f;EMF;Book;img/cover page/Georges Lakhovsky/1926 - Les Ondes Qui Guérissent.webp
Contribution À L'étiologie Du Cancer;Georges Lakhovsky;https://raw.githubusercontent.com/peatysharing/bibliography/main/Georges%20Lakhovsky/1927%20-%20Georges%20Lakhovsky%20-%20Contribution%20%C3%80%20L%27%C3%A9tiologie%20Du%20Cancer.pdf;https://mega.nz/file/p1hXkZZD#6a_vHRI72HwSvi2WvWLPc7ITkuGQKLc6p4iI8E5gJVY;1927;https://ln5.sync.com/dl/17dd04c80/ntter9hb-bzygwqwh-ejnsmtua-8xjmyinf;Cancer;Book;img/cover page/Georges Lakhovsky/1927 - Contribution À L'étiologie Du Cancer.webp
L'universion;Georges Lakhovsky;https://raw.githubusercontent.com/peatysharing/bibliography/main/Georges%20Lakhovsky/1927%20-%20Georges%20Lakhovsky%20-%20L%27universion.pdf;https://mega.nz/file/wsxUWCCY#DTofp7_smGkHzCFReoN7NhsGiqFZBsFSPOolycypZXQ;1927;;;Book;img/cover page/Georges Lakhovsky/1927 - L'universion.webp
La Santé Par Les Ondes;Georges Lakhovsky;https://raw.githubusercontent.com/peatysharing/bibliography/main/Georges%20Lakhovsky/1929%20-%20Georges%20Lakhovsky%20-%20La%20Sant%C3%A9%20Par%20Les%20Ondes.pdf;https://mega.nz/file/8ghH2a6T#a1iOqOZPQpQ6fdDuFm3mVPlL3_t6GoXOqefYxRQS5l8;1929;https://ln5.sync.com/dl/acac63120/9yux7x9e-8n368pu7-bfpzq9ji-4sj7jt6w;EMF;Book;img/cover page/Georges Lakhovsky/1929 - La Santé Par Les Ondes.webp
La Science Et Le Bonheur. Longévité Et Immortalité Par Les Vibrations;Georges Lakhovsky;https://raw.githubusercontent.com/peatysharing/bibliography/main/Georges%20Lakhovsky/1930%20-%20Georges%20Lakhovsky%20-%20La%20Science%20Et%20Le%20Bonheur.%20Long%C3%A9vit%C3%A9%20Et%20Immortalit%C3%A9%20Par%20Les%20Vibrations.pdf;https://mega.nz/file/9h4E2QKB#tzbG-0H2MgwbIKn4pvVjuiIKhldF7hVDRfmwRdkteBE;1930;;;Book;img/cover page/Georges Lakhovsky/1930 - La Science Et Le Bonheur. Longévité Et Immortalité Par Les Vibrations.webp
Apparatus With Circuits Oscillating Under Multiple Wave Lengths (Patent);Georges Lakhovsky;https://raw.githubusercontent.com/peatysharing/bibliography/main/Georges%20Lakhovsky/1931%20-%20Georges%20Lakhovsky%20-%20Apparatus%20With%20Circuits%20Oscillating%20Under%20Multiple%20Wave%20Lengths%20%28Patent%29.pdf;https://mega.nz/file/UtJUHSCB#cRRmH-ahyrESGpcRnjHTOAwhl7MT_wqBATx5GW_CGeQ;1931;;;;img/cover page/Georges Lakhovsky/1931 - Apparatus With Circuits Oscillating Under Multiple Wave Lengths (Patent).webp
L'Oscillation Cellulaire;Georges Lakhovsky;https://raw.githubusercontent.com/peatysharing/bibliography/main/Georges%20Lakhovsky/1931%20-%20Georges%20Lakhovsky%20-%20L%27Oscillation%20Cellulaire.pdf;https://mega.nz/file/4ohX3KKD#lT0zd9wXphACIcMS5S_70h7nwLiiaxsUbIF0lfWOZF0;1931;;;Book;img/cover page/Georges Lakhovsky/1931 - L'Oscillation Cellulaire.webp
La Matiere;Georges Lakhovsky;https://raw.githubusercontent.com/peatysharing/bibliography/main/Georges%20Lakhovsky/1934%20-%20Georges%20Lakhovsky%20-%20La%20Matiere.pdf;https://mega.nz/file/4sIEjDaJ#9s5aTCx1n1w7lmuVHqbNUCyV780yG5ujv5yXPvVtGtY;1934;;;Book;img/cover page/Georges Lakhovsky/1934 - La Matiere.webp
Le Grand Probleme [Low Quality];Georges Lakhovsky;https://raw.githubusercontent.com/peatysharing/bibliography/main/Georges%20Lakhovsky/1935%20-%20Georges%20Lakhovsky%20-%20Le%20Grand%20Probleme%20%5BLow%20Quality%5D.pdf;https://mega.nz/file/sshD0aqb#Vi_DbuiNvkYXy53GQGjfKg7i_uAIe1QY0z3qxNyzUhI;1935;;;Book;img/cover page/Georges Lakhovsky/1935 - Le Grand Probleme [Low Quality].webp
Longévité. L'art De Vivre Mieux Sans Souffrir;Georges Lakhovsky;https://raw.githubusercontent.com/peatysharing/bibliography/main/Georges%20Lakhovsky/1938%20-%20Georges%20Lakhovsky%20-%20Long%C3%A9vit%C3%A9.%20L%27art%20De%20Vivre%20Mieux%20Sans%20Souffrir.pdf;https://mega.nz/file/V54zDTjI#LiDSyIy-FRyq1oqJ4tuWQkExGIjoE3Qfhhprym-N30I;1938;;;Book;img/cover page/Georges Lakhovsky/1938 - Longévité. L'art De Vivre Mieux Sans Souffrir.webp
La Spermatotherapie;Georges Lakhovsky;https://raw.githubusercontent.com/peatysharing/bibliography/main/Georges%20Lakhovsky/1939%20-%20Georges%20Lakhovsky%20-%20La%20Spermatotherapie.pdf;https://mega.nz/file/4k5VFQzJ#7h8mlHFdBWpDKF_yny0LVQOrUTJVrsosQGyBHMVKvBQ;1939;;;Book;img/cover page/Georges Lakhovsky/1939 - La Spermatotherapie.webp
Le Secret De La Vie. Les Ondes Cosmiques Et La Radiation;Georges Lakhovsky;https://raw.githubusercontent.com/peatysharing/bibliography/main/Georges%20Lakhovsky/1939%20-%20Georges%20Lakhovsky%20-%20Le%20Secret%20De%20La%20Vie.%20Les%20Ondes%20Cosmiques%20Et%20La%20Radiation.pdf;https://mega.nz/file/E1wTGLyB#DqvjDxLKpEa0Oy0EiU3ExBd1ZP_RnO2C5GcLL27KgnM;1939;;;Book;img/cover page/Georges Lakhovsky/1939 - Le Secret De La Vie. Les Ondes Cosmiques Et La Radiation.webp
The Secret Of Life. Cosmic Rays And Radiation Of Living;Georges Lakhovsky;https://raw.githubusercontent.com/peatysharing/bibliography/main/Georges%20Lakhovsky/1939%20-%20Georges%20Lakhovsky%20-%20The%20Secret%20Of%20Life.%20Cosmic%20Rays%20And%20Radiation%20Of%20Living.pdf;https://mega.nz/file/t1BGBI6Q#xpPw0ZzbPtclJvA9ixyH2MpSplwEN7KghwkPO9znBhQ;1939;;;Book;img/cover page/Georges Lakhovsky/1939 - The Secret Of Life. Cosmic Rays And Radiation Of Living.webp
Radiations And Waves. Sources Of Our Life;Georges Lakhovsky;https://raw.githubusercontent.com/peatysharing/bibliography/main/Georges%20Lakhovsky/1941%20-%20Georges%20Lakhovsky%20-%20Radiations%20And%20Waves.%20Sources%20Of%20Our%20Life.pdf;https://mega.nz/file/lsg2mRYZ#cuYxjEwLVbMQBBKs1ljhNUaU9oNUaY3PcdBwoDV_uZc;1941;;;Book;img/cover page/Georges Lakhovsky/1941 - Radiations And Waves. Sources Of Our Life.webp
La Civilisation Et La Folie Faciste;Georges Lakhovsky;https://raw.githubusercontent.com/peatysharing/bibliography/main/Georges%20Lakhovsky/1971%20-%20Georges%20Lakhovsky%20-%20La%20Civilisation%20Et%20La%20Folie%20Faciste.pdf;https://mega.nz/file/RogGEQZR#GsLy0CQP1NEexozV4cMoubhdFig5pJly2H8xmcDOAPE;1971;;;;img/cover page/Georges Lakhovsky/1971 - La Civilisation Et La Folie Faciste.webp
L'Oscillateur à Longueurs D'Onde Multiples;Georges Lakhovsky;https://raw.githubusercontent.com/peatysharing/bibliography/main/Georges%20Lakhovsky/2013%20-%20Georges%20Lakhovsky%20-%20L%27Oscillateur%20%C3%A0%20Longueurs%20D%27Onde%20Multiples.pdf;https://mega.nz/file/p4QiETzS#hJ2m3pA6JLqyLsINuVVooGXnP9lY7a97r25GTTg-iUo;2013;;;Book;img/cover page/Georges Lakhovsky/2013 - L'Oscillateur à Longueurs D'Onde Multiples.webp
Are Neurons Of The Human Cerebral Cortex Really Lost During Aging. A Morphometric Examination;Gerald H. Haug;https://raw.githubusercontent.com/peatysharing/bibliography/main/Gerald%20H.%20Haug/1985%20-%20Gerald%20H.%20Haug%20-%20Are%20Neurons%20Of%20The%20Human%20Cerebral%20Cortex%20Really%20Lost%20During%20Aging.%20A%20Morphometric%20Examination.pdf;https://mega.nz/file/IwAn2LwB#9o0i_NGYZ-JP1uUr4w9Rg7NvoqcnXWZXVIJiiQHCTRI;1985;;;Article;img/cover page/Gerald H. Haug/1985 - Are Neurons Of The Human Cerebral Cortex Really Lost During Aging. A Morphometric Examination.webp
Cells, Gels And The Engines Of Life;Gerald H. Pollack;https://raw.githubusercontent.com/peatysharing/bibliography/main/Gerald%20H.%20Pollack/2001%20-%20Gerald%20H.%20Pollack%20-%20Cells%2C%20Gels%20And%20The%20Engines%20Of%20Life.pdf;https://mega.nz/file/xsAUVIBA#S_xS9Y4SC_Wa3rIZlGd5TwdAoutvA0WMGDKLdYT2IBE;2001;https://ln5.sync.com/dl/01f1d6650/aara4zgf-a69p9e87-iiakdd88-ui7cbrvw;Biology;Book;img/cover page/Gerald H. Pollack/2001 - Cells, Gels And The Engines Of Life.webp
Water And The Cell;Gerald H. Pollack, Ivan L. cameraon, Denys N. Wheatley;https://raw.githubusercontent.com/peatysharing/bibliography/main/Gerald%20H.%20Pollack/2006%20-%20Gerald%20H.%20Pollack%20-%20Water%20And%20The%20Cell.pdf;https://mega.nz/file/VthiEBqS#UWO43BtpNZRq546OSFR03lDaGWGKiNegTuCavmIIu8o;2006;https://ln5.sync.com/dl/3b46f1fd0/seenxhpu-be5zzpbc-vzgy7j23-fmbs9egc;Biology;Book;img/cover page/Gerald H. Pollack/2006 - Water And The Cell.webp
Passage Of Particles Through The Wall Of The Gastrointestinal Tract;Gerhard Volkheimer;https://raw.githubusercontent.com/peatysharing/bibliography/main/Gerhard%20Volkheimer/1974%20-%20Gerhard%20Volkheimer%20-%20Passage%20Of%20Particles%20Through%20The%20Wall%20Of%20The%20Gastrointestinal%20Tract.pdf;https://mega.nz/file/hthxASCB#nnbrlEj2fMNznBCYn_S65uKKgdTn3SouEGwW6yT_fCo;1974;https://ln5.sync.com/dl/ffc6a87f0/pxmjdrkv-ju2yuaaw-rcr2k8ik-ep9eqvtv;Digestion;Article;img/cover page/Gerhard Volkheimer/1974 - Passage Of Particles Through The Wall Of The Gastrointestinal Tract.webp
Persorption of Particles - Physiology and Pharmacology;Gerhard Volkheimer;https://raw.githubusercontent.com/peatysharing/bibliography/main/Gerhard%20Volkheimer/1977%20-%20Gerhard%20Volkheimer%20-%20Persorption%20of%20Particles%20-%20Physiology%20and%20Pharmacology.pdf;https://mega.nz/file/IsBRETzL#QaPXZ1gi4ExUVVaZFlcJd3l2Z9nkGyXmH7jOqDorj6M;1977;;;;img/cover page/Gerhard Volkheimer/1977 - Persorption of Particles - Physiology and Pharmacology.webp
The Phenomenon of Persoption. Persorption, Dissemination, and Elimination of Microparticles;Gerhard Volkheimer;https://raw.githubusercontent.com/peatysharing/bibliography/main/Gerhard%20Volkheimer/2001%20-%20Gerhard%20Volkheimer%20-%20The%20Phenomenon%20of%20Persoption.%20Persorption%2C%20Dissemination%2C%20and%20Elimination%20of%20Microparticles.pdf;https://mega.nz/file/gtR0lLKZ#wm5y1G4s4WKlWNqVJeisM1kVOwBX1IUrb21Xoqm7hCs;2001;;;;img/cover page/Gerhard Volkheimer/2001 - The Phenomenon of Persoption. Persorption, Dissemination, and Elimination of Microparticles.webp
Persorption Of Particles;Gerhard Volkheimer, G. Schulz, F.H. Aurich, I. Strauch, S. Beuthin;https://raw.githubusercontent.com/peatysharing/bibliography/main/Gerhard%20Volkheimer/1968%20-%20Gerhard%20Volkheimer%3B%20G.%20Schulz%3B%20F.H.%20Aurich%3B%20I.%20Strauch%3B%20S.%20Beuthin%20-%20Persorption%20Of%20Particles.pdf;https://mega.nz/file/AthFgQoI#JoukwXgS7N4AORs1liw-P5SDN7KXIxpJs-RPIwwYFwA;1968;;;Article;img/cover page/Gerhard Volkheimer/1968 - Persorption Of Particles.webp
Failure Of Implantation In Human In Vitro Fertilization And Embryo Transfer Patients. The Effects Of Altered Progesterone To Estrogen Ratios In Humans And Mice;Gidley-Baird, O'Neill, Sinosich, Porter, Pike, Saunders;https://raw.githubusercontent.com/peatysharing/bibliography/main/Gidley-Baird/1986%20-%20Gidley-Baird%3B%20O%27Neill%3B%20Sinosich%3B%20Porter%3B%20Pike%3B%20Saunders%20-%20Failure%20Of%20Implantation%20In%20Human%20In%20Vitro%20Fertilization%20And%20Embryo%20Transfer%20Patients.%20The%20Effects%20Of%20Altered%20Progesterone%20To%20Estrogen%20Ratios%20In%20Humans%20And%20Mice.pdf;https://mega.nz/file/tsgE2TbB#Qx8GHfG7IrkeTNF4aC5bD1jVN-n958uFagUFho8jm9M;1986;;;Article;img/cover page/Gidley-Baird/1986 - Failure Of Implantation In Human In Vitro Fertilization And Embryo Transfer Patients. The Effects Of Altered Progesterone To Estrogen Ratios In Humans And Mice.webp
A Physical Theory Of The Living State The Association-induction Hypothesis;Gilbert Ling;https://raw.githubusercontent.com/peatysharing/bibliography/main/Gilbert%20Ling/1963%20-%20Gilbert%20Ling%20-%20A%20Physical%20Theory%20Of%20The%20Living%20State%20The%20Association-induction%20Hypothesis.pdf;https://mega.nz/file/A4gzhbbD#n-oz6TLd3qlYoLR8nBJM0m_XqWlcFuKJlYGkPUHR3gQ;1963;;;;img/cover page/Gilbert Ling/1963 - A Physical Theory Of The Living State The Association-induction Hypothesis.webp
A New Model For The Living Cell - A Summary Of The Theory And Recent Experimental Evidence In Its Support;Gilbert Ling;https://raw.githubusercontent.com/peatysharing/bibliography/main/Gilbert%20Ling/1969%20-%20Gilbert%20Ling%20-%20A%20New%20Model%20For%20The%20Living%20Cell%20-%20A%20Summary%20Of%20The%20Theory%20And%20Recent%20Experimental%20Evidence%20In%20Its%20Support.pdf;https://mega.nz/file/FkxkTZrD#NX9Hv3x_FW95U6vKcAVqWJA0G9E0uDyg-uNHCcgGyH0;1969;;;;img/cover page/Gilbert Ling/1969 - A New Model For The Living Cell - A Summary Of The Theory And Recent Experimental Evidence In Its Support.webp
Oxidative Phosphorylation And Mitochondrial Physiology - A Critical Review Of Chemiosmotic Theory, And Reinterpretation By The Association-induction Hypothesis;Gilbert Ling;https://raw.githubusercontent.com/peatysharing/bibliography/main/Gilbert%20Ling/1981%20-%20Gilbert%20Ling%20-%20Oxidative%20Phosphorylation%20And%20Mitochondrial%20Physiology%20-%20A%20Critical%20Review%20Of%20Chemiosmotic%20Theory%2C%20And%20Reinterpretation%20By%20The%20Association-induction%20Hypothesis.pdf;https://mega.nz/file/EkJDwKpL#r7bTxbCLPsulkLoPXtu8SX4ZIJoAOEuPS120IVuLlDo;1981;;;Article;img/cover page/Gilbert Ling/1981 - Oxidative Phosphorylation And Mitochondrial Physiology - A Critical Review Of Chemiosmotic Theory, And Reinterpretation By The Association-induction Hypothesis.webp
In Search Of The Physical Basis Of Life;Gilbert Ling;https://raw.githubusercontent.com/peatysharing/bibliography/main/Gilbert%20Ling/1984%20-%20Gilbert%20Ling%20-%20In%20Search%20Of%20The%20Physical%20Basis%20Of%20Life.pdf;https://mega.nz/file/BtxTHCYS#DcDwxyLfD4DWqnKBm9xhpS0VYbxNIIjkFSoAmA5BtF0;1984;https://ln5.sync.com/dl/72690bbb0/pagth6ye-mjwqn9ym-ty5rqm35-f33wsxec;Biology;Book;img/cover page/Gilbert Ling/1984 - In Search Of The Physical Basis Of Life.webp
A Revolution In The Physiology Of The Living Cell;Gilbert Ling;https://raw.githubusercontent.com/peatysharing/bibliography/main/Gilbert%20Ling/1992%20-%20Gilbert%20Ling%20-%20A%20Revolution%20In%20The%20Physiology%20Of%20The%20Living%20Cell.pdf;https://mega.nz/file/khIDnbJY#HIDTLEOS-2-zjr7IYmaxtN1cwDhVTNc9KbqLFgsj_-A;1992;https://ln5.sync.com/dl/fc2ef9140/uhrpi3d7-rj733gck-4pctzf38-5yxmaqqa;Biology;Book;img/cover page/Gilbert Ling/1992 - A Revolution In The Physiology Of The Living Cell.webp
Debunking The Alleged Resurrection;Gilbert Ling;https://raw.githubusercontent.com/peatysharing/bibliography/main/Gilbert%20Ling/1997%20-%20Gilbert%20Ling%20-%20Debunking%20The%20Alleged%20Resurrection.pdf;https://mega.nz/file/4p4yDJKL#h-glVsikqQrGwDL1JBnPx2vjcEwyIrVlCGggPkSvgrw;1997;;;;img/cover page/Gilbert Ling/1997 - Debunking The Alleged Resurrection.webp
A New Theoretical Foundation For The Polarized-oriented Multilayer Theory Of Cell Water And For Inanimate Systems Demonstrating Long-range Dynamic Structuring Of Water Molecules;Gilbert Ling;https://raw.githubusercontent.com/peatysharing/bibliography/main/Gilbert%20Ling/2000%20-%20Gilbert%20Ling%20-%20A%20New%20Theoretical%20Foundation%20For%20The%20Polarized-oriented%20Multilayer%20Theory%20Of%20Cell%20Water%20And%20For%20Inanimate%20Systems%20Demonstrating%20Long-range%20Dynamic%20Structuring%20Of%20Water%20Molecules.pdf;https://mega.nz/file/Bl5l1YaQ#Q8MI96FMvjBeung4MxH8NE6DpZJkuiN0hijjC0q7jY8;2000;https://ln5.sync.com/dl/1a810d310/igb7ttfg-3zmhjeqk-x4t2uvjs-hmm782wn;Biology;Article;img/cover page/Gilbert Ling/2000 - A New Theoretical Foundation For The Polarized-oriented Multilayer Theory Of Cell Water And For Inanimate Systems Demonstrating Long-range Dynamic Structuring Of Water Molecules.webp
Life At The Cell And Beyond Cell Level The Hidden History Of A Fundamental Revolution In Biology;Gilbert Ling;https://raw.githubusercontent.com/peatysharing/bibliography/main/Gilbert%20Ling/2001%20-%20Gilbert%20Ling%20-%20Life%20At%20The%20Cell%20And%20Beyond%20Cell%20Level%20The%20Hidden%20History%20Of%20A%20Fundamental%20Revolution%20In%20Biology.pdf;https://mega.nz/file/I4IQ2DhR#0zZ0Bra3KfI5Ve40GbNEhocGeaZOtcEXxYydR4ZHdpU;2001;;;;img/cover page/Gilbert Ling/2001 - Life At The Cell And Beyond Cell Level The Hidden History Of A Fundamental Revolution In Biology.webp
An Unanswered 2003 Letter Appealing On Behalf Of All Mankind To Nobel Laureate Roderick Mckinnon To Use His Newfound Fame And Visibility To Begin Restoring Honesty And Integrity To Basic Biomedical Science;Gilbert Ling;https://raw.githubusercontent.com/peatysharing/bibliography/main/Gilbert%20Ling/2003%20-%20Gilbert%20Ling%20-%20An%20Unanswered%202003%20Letter%20Appealing%20On%20Behalf%20Of%20All%20Mankind%20To%20Nobel%20Laureate%20Roderick%20Mckinnon%20To%20Use%20His%20Newfound%20Fame%20And%20Visibility%20To%20Begin%20Restoring%20Honesty%20And%20Integrity%20To%20Basic%20Biomedical%20Science.pdf;https://mega.nz/file/ZsRmVTQK#BCSuWOiSygovsTRKpcp7l2fd_9i1VRBgPzyi9cXIqq8;2003;https://ln5.sync.com/dl/e515d7b90/mfzv7xh3-rrkjra5v-d8z3x6fk-3hdb64gd;Biology;Article;img/cover page/Gilbert Ling/2003 - An Unanswered 2003 Letter Appealing On Behalf Of All Mankind To Nobel Laureate Roderick Mckinnon To Use His Newfound Fame And Visibility To Begin Restoring Honesty And Integrity To Basic Biomedical Science.webp
A 2004 Unanswered Letter To The Economist Magazine Requesting A Retraction (and Apology);Gilbert Ling;https://raw.githubusercontent.com/peatysharing/bibliography/main/Gilbert%20Ling/2004%20-%20Gilbert%20Ling%20-%20A%202004%20Unanswered%20Letter%20To%20The%20Economist%20Magazine%20Requesting%20A%20Retraction%20%28and%20Apology%29.pdf;https://mega.nz/file/I9IwkSqS#1Ik6rWrGYL8xoOgKMGXZLYNCEeWa09ESvS1vzOZlHLw;2004;https://ln5.sync.com/dl/526c1bcb0/ibxzikvq-9pnahs49-pmfntb3g-erkkh9av;Biology;Article;img/cover page/Gilbert Ling/2004 - A 2004 Unanswered Letter To The Economist Magazine Requesting A Retraction (and Apology).webp
An Updated And Further Developed Theory And Evidence For The Close-contact, One-on-one Association Of Nearly All Cell K + With Ss - Γ-carboxyl Groups Of Intracellular Proteins;Gilbert Ling;https://raw.githubusercontent.com/peatysharing/bibliography/main/Gilbert%20Ling/2004%20-%20Gilbert%20Ling%20-%20An%20Updated%20And%20Further%20Developed%20Theory%20And%20Evidence%20For%20The%20Close-contact%2C%20One-on-one%20Association%20Of%20Nearly%20All%20Cell%20K%20%2B%20With%20Ss%20-%20%CE%93-carboxyl%20Groups%20Of%20Intracellular%20Proteins.pdf;https://mega.nz/file/NkphVJqa#dR2AKpBhRuFfyKFSO83lMN8slPy-8T6eTxlsG_wdjlI;2004;;;;img/cover page/Gilbert Ling/2004 - An Updated And Further Developed Theory And Evidence For The Close-contact, One-on-one Association Of Nearly All Cell K + With Ss - Γ-carboxyl Groups Of Intracellular Proteins.webp
In Response To An Open Invitation For Comments On Aaas Project 2061’s Benchmark Books On Science;Gilbert Ling;https://raw.githubusercontent.com/peatysharing/bibliography/main/Gilbert%20Ling/2006%20-%20Gilbert%20Ling%20-%20In%20Response%20To%20An%20Open%20Invitation%20For%20Comments%20On%20Aaas%20Project%202061%E2%80%99s%20Benchmark%20Books%20On%20Science.pdf;https://mega.nz/file/ogRTEDbK#PbvG0KS42ZYR39jQ4wy8vvpAcG6_xwUr4Ut_W9IHnvY;2006;https://ln5.sync.com/dl/f18d5c990/6mynh8vy-ayxemnfx-j4899iic-fveghvn8;Biology;Article;img/cover page/Gilbert Ling/2006 - In Response To An Open Invitation For Comments On Aaas Project 2061’s Benchmark Books On Science.webp
History Of The Membrane (pump) Theory Of The Living Cell From Its Beginning In Mid-19th Century To Its Disproof 45 Years Ago - Though Still Taught Worldwide Today As Established Truth;Gilbert Ling;https://raw.githubusercontent.com/peatysharing/bibliography/main/Gilbert%20Ling/2007%20-%20Gilbert%20Ling%20-%20History%20Of%20The%20Membrane%20%28pump%29%20Theory%20Of%20The%20Living%20Cell%20From%20Its%20Beginning%20In%20Mid-19th%20Century%20To%20Its%20Disproof%2045%20Years%20Ago%20-%20Though%20Still%20Taught%20Worldwide%20Today%20As%20Established%20Truth.pdf;https://mega.nz/file/IlBnFY7L#akN3lhpbrvFY113ocrKTmLh9sDxE9epcujnkKEmLCQE;2007;https://ln5.sync.com/dl/430abefd0/n46cv5ys-9auu8cub-zi76w2ta-r5zpdshe;Biology;Article;img/cover page/Gilbert Ling/2007 - History Of The Membrane (pump) Theory Of The Living Cell From Its Beginning In Mid-19th Century To Its Disproof 45 Years Ago - Though Still Taught Worldwide Today As Established Truth.webp
Nano-protoplasm, The Ultimate Unit Of Life;Gilbert Ling;https://raw.githubusercontent.com/peatysharing/bibliography/main/Gilbert%20Ling/2007%20-%20Gilbert%20Ling%20-%20Nano-protoplasm%2C%20The%20Ultimate%20Unit%20Of%20Life.pdf;https://mega.nz/file/w44AzYhB#94WixEcGdE2C5Tx2rNCuEf36ZiOGWKuNOdjyj9S3EW8;2007;;;;img/cover page/Gilbert Ling/2007 - Nano-protoplasm, The Ultimate Unit Of Life.webp
A Historically Significant Study That At Once Disproves The Membrane (pump) Theory;Gilbert Ling;https://raw.githubusercontent.com/peatysharing/bibliography/main/Gilbert%20Ling/2009%20-%20Gilbert%20Ling%20-%20A%20Historically%20Significant%20Study%20That%20At%20Once%20Disproves%20The%20Membrane%20%28pump%29%20Theory.pdf;https://mega.nz/file/Roo1yKQb#FhaVCkM64PdHg9mUF6XCK2YEkFhz7cP8otH_NhmJzgc;2009;;;;img/cover page/Gilbert Ling/2009 - A Historically Significant Study That At Once Disproves The Membrane (pump) Theory.webp
Truth In Basic Biomedical Science Will Set Future Mankind Free;Gilbert Ling;https://raw.githubusercontent.com/peatysharing/bibliography/main/Gilbert%20Ling/2011%20-%20Gilbert%20Ling%20-%20Truth%20In%20Basic%20Biomedical%20Science%20Will%20Set%20Future%20Mankind%20Free.pdf;https://mega.nz/file/VkRkHJhD#azhCTLGunSdq-njuf2ucUQSC39hFaa8njT6p16PloA8;2011;https://ln5.sync.com/dl/87f770e20/2q5z2enr-hxar8wn4-e8cgip99-uvgtj7tc;Biology;Article;img/cover page/Gilbert Ling/2011 - Truth In Basic Biomedical Science Will Set Future Mankind Free.webp
What Is Life Answered In Terms Of The Properties And Activities Of Microscopic Assemblies Of Molecules, Atoms, Ions And Electrons Called Nano-protoplasm;Gilbert Ling;https://raw.githubusercontent.com/peatysharing/bibliography/main/Gilbert%20Ling/2013%20-%20Gilbert%20Ling%20-%20What%20Is%20Life%20Answered%20In%20Terms%20Of%20The%20Properties%20And%20Activities%20Of%20Microscopic%20Assemblies%20Of%20Molecules%2C%20Atoms%2C%20Ions%20And%20Electrons%20Called%20Nano-protoplasm.pdf;https://mega.nz/file/J9gGVIbC#VeOnCPNqrkLvdyVVjX4OrvvzS_5XJ7Fe_2-87OJi4As;2013;https://ln5.sync.com/dl/5a43c94f0/zsi9ysu7-akimztuz-p5apcr6j-37qna3gy;Biology;Book;img/cover page/Gilbert Ling/2013 - What Is Life Answered In Terms Of The Properties And Activities Of Microscopic Assemblies Of Molecules, Atoms, Ions And Electrons Called Nano-protoplasm.webp
A 400 Word Summary Of The Association-induction Hypothesis;Gilbert Ling;https://raw.githubusercontent.com/peatysharing/bibliography/main/Gilbert%20Ling/Gilbert%20Ling%20-%20A%20400%20Word%20Summary%20Of%20The%20Association-induction%20Hypothesis.pdf;https://mega.nz/file/st4HBCwC#qBp41XKvuUIUrUWd0_VKolf25CRPZqe24u8zf_ZRNMA;;;;;img/cover page/Gilbert Ling/A 400 Word Summary Of The Association-induction Hypothesis.webp
A 42 Page Summary Of The Association-induction Hypothesis;Gilbert Ling;https://raw.githubusercontent.com/peatysharing/bibliography/main/Gilbert%20Ling/Gilbert%20Ling%20-%20A%2042%20Page%20Summary%20Of%20The%20Association-induction%20Hypothesis.pdf;https://mega.nz/file/MhgECbZI#sqLRe6x1_IwhT0nfRchpr8k3gzp_cNyb3X4VBrunjsI;;;;;img/cover page/Gilbert Ling/A 42 Page Summary Of The Association-induction Hypothesis.webp
A Quantitative Theory Of Solute Distribution In Cell Water According To Molecular Size;Gilbert N. Ling;https://raw.githubusercontent.com/peatysharing/bibliography/main/Gilbert%20Ling/1993%20-%20Gilbert%20N.%20Ling%20-%20A%20Quantitative%20Theory%20Of%20Solute%20Distribution%20In%20Cell%20Water%20According%20To%20Molecular%20Size.pdf;https://mega.nz/file/M4QRxBDD#ls-oiRbfgStfkf4ko6THagUSfdwZp1eZJovhQ1IpApw;1993;https://ln5.sync.com/dl/3c10e7100/7866emz8-g47puiep-mi4y8u6g-p2biqa6d;Biology;Article;img/cover page/Gilbert Ling/1993 - A Quantitative Theory Of Solute Distribution In Cell Water According To Molecular Size.webp
Restoration Of Fertility In Successively Older E-low Female Rats;Gladis A. Emerson, Herbert M. Evans;https://raw.githubusercontent.com/peatysharing/bibliography/main/Gladis%20A.%20Emerson/1939%20-%20Gladis%20A.%20Emerson%3B%20Herbert%20M.%20Evans%20-%20Restoration%20Of%20Fertility%20In%20Successively%20Older%20E-low%20Female%20Rats.pdf;https://mega.nz/file/cpZESBLa#8275U8uMZZ2zU9tccSsh-0neyV6nJ1y2_dFRS0Oji1g;1939;;;Article;img/cover page/Gladis A. Emerson/1939 - Restoration Of Fertility In Successively Older E-low Female Rats.webp
Menopausal Flushing, Does Oestrogen Therapy Make Sense;Graham Mulley, J. R. A. Mitchell;https://raw.githubusercontent.com/peatysharing/bibliography/main/Graham%20Mulley/1976%20-%20Graham%20Mulley%3B%20J.%20R.%20A.%20Mitchell%20-%20Menopausal%20Flushing%2C%20Does%20Oestrogen%20Therapy%20Make%20Sense.pdf;https://mega.nz/file/c4BTBSLJ#nk8rBiOisgGSKBwVyfh8StZPCwD7iImuR8X47AdBR2E;1976;;;Article;img/cover page/Graham Mulley/1976 - Menopausal Flushing, Does Oestrogen Therapy Make Sense.webp
The Coming Of The Golden Age, A View Of The End Of Progress;Gunther S. Stent;https://raw.githubusercontent.com/peatysharing/bibliography/main/Gunther%20S.%20Stent/1969%20-%20Gunther%20S.%20Stent%20-%20The%20Coming%20Of%20The%20Golden%20Age%2C%20A%20View%20Of%20The%20End%20Of%20Progress.pdf;https://mega.nz/file/MpYQgaiI#kaa-Umb6LyKuGSjvzpJSYXRl8ZvLP8q1sua1AaBane0;1969;;;Book;img/cover page/Gunther S. Stent/1969 - The Coming Of The Golden Age, A View Of The End Of Progress.webp
Colloid Systems;H.g. Bungenberg De Jong;https://raw.githubusercontent.com/peatysharing/bibliography/main/Bungenberg%20De%20Jong/1956%20-%20H.g.%20Bungenberg%20De%20Jong%20-%20Colloid%20Systems.pdf;https://mega.nz/file/Uphi3BAR#zVv-7Y08_0j4t4t3z-a2J9avAvqGqk2L6V7KPgphHKY;1956;https://ln5.sync.com/dl/d12baf200/ev7n7r8n-jttq6x4u-axjpr6ks-k99i3ytr;Biology;Article;img/cover page/Bungenberg De Jong/1956 - Colloid Systems.webp
Seeing Red;Halton Arp;https://raw.githubusercontent.com/peatysharing/bibliography/main/Halton%20Arp/1998%20-%20Halton%20Arp%20-%20Seeing%20Red.pdf;https://mega.nz/file/spoCHBRQ#eaVl2IWXeOjq5yYPDOqpze9A5aotvQKBvCdLalGwwkg;1998;https://ln5.sync.com/dl/6dab63cb0/8hzgiz2z-7nknmd8c-x8k57b83-urjkx98q;Physics;Book;img/cover page/Halton Arp/1998 - Seeing Red.webp
Cosmic Plasma;Hannes Alfvén;https://raw.githubusercontent.com/peatysharing/bibliography/main/Hannes%20Alfven/1981%20-%20Hannes%20Alfv%C3%A9n%20-%20Cosmic%20Plasma.pdf;https://mega.nz/file/NxohkYiB#lC7oJ6yofVws5N04ce6FWKTAOcN0VIJEdkjf3ErI3_E;1981;https://ln5.sync.com/dl/14204c0a0/dx38z7pn-54r5gw6c-2ft8sb94-krg6bn55;Physics;Book;img/cover page/Hannes Alfven/1981 - Cosmic Plasma.webp
Cosmical Electrodynamics;Hannes Alfven, Carl-Gunne Falthammar;https://raw.githubusercontent.com/peatysharing/bibliography/main/Hannes%20Alfven/1963%20-%20Hannes%20Alfven%3B%20Carl-Gunne%20Falthammar%20-%20Cosmical%20Electrodynamics.pdf;https://mega.nz/file/x8BUnb5K#neTlNTZt9HXTKtvmv7wLLE9_GhaR5me_MAUh2VUGFLU;1963;;;Book;img/cover page/Hannes Alfven/1963 - Cosmical Electrodynamics.webp
Studies On Adaptation;Hans Selye;https://raw.githubusercontent.com/peatysharing/bibliography/main/Hans%20Selye/1937%20-%20Hans%20Selye%20-%20Studies%20On%20Adaptation.pdf;https://mega.nz/file/5pQwiQLb#Cjc7Fe_DopETg49pYVgB6ge2UDyG8-QmPt70LnuRzX0;1937;https://ln5.sync.com/dl/e5f9bdb10/v5yt6bx9-t6aye4ni-q2f8gcs3-mtkgkmzk;Endocrinology;Article;img/cover page/Hans Selye/1937 - Studies On Adaptation.webp
Blood Sugar And Blood Chloride Changes In Thyroidectomized Rats Following Exposure To Various Damaging Agents;Hans Selye;https://raw.githubusercontent.com/peatysharing/bibliography/main/Hans%20Selye/1938%20-%20Hans%20Selye%20-%20Blood%20Sugar%20And%20Blood%20Chloride%20Changes%20In%20Thyroidectomized%20Rats%20Following%20Exposure%20To%20Various%20Damaging%20Agents.pdf;https://mega.nz/file/A8Q0jLqI#9yjTYuKBSsjtOT443Jd34x9Jl-QpC8VEpPjxxWslCC4;1938;https://ln5.sync.com/dl/5817de540/9vps2iae-ixaymxi3-a28bhvwd-gta7ccry;Endocrinology;Article;img/cover page/Hans Selye/1938 - Blood Sugar And Blood Chloride Changes In Thyroidectomized Rats Following Exposure To Various Damaging Agents.webp
Effect Of Muscular Exercise On The Fat Content Of The Liver;Hans Selye;https://raw.githubusercontent.com/peatysharing/bibliography/main/Hans%20Selye/1939%20-%20Hans%20Selye%20-%20Effect%20Of%20Muscular%20Exercise%20On%20The%20Fat%20Content%20Of%20The%20Liver.pdf;https://mega.nz/file/8pQFhQbT#ZtENzRFScl0F7NzcxAFAWVw2M9301ASbu3JbLVT0Hfc;1939;https://ln5.sync.com/dl/1ab2e6970/jbgb4fae-9zc66xta-dpgkz9fg-bj3ywvvy;Endocrinology;Article;img/cover page/Hans Selye/1939 - Effect Of Muscular Exercise On The Fat Content Of The Liver.webp
The Effect Of Progesterone On The Mouse Ovary As Influenced By Gestation;Hans Selye;https://raw.githubusercontent.com/peatysharing/bibliography/main/Hans%20Selye/1939%20-%20Hans%20Selye%20-%20The%20Effect%20Of%20Progesterone%20On%20The%20Mouse%20Ovary%20As%20Influenced%20By%20Gestation.pdf;https://mega.nz/file/otgGkayK#-IT6VftXADPdZyhBKZp7eG4k-YKreag1n061s6jYqjk;1939;https://ln5.sync.com/dl/b4b8f2290/q8aqk7kh-9y8umrtp-z82sr7xt-fqhnw24q;Endocrinology;Article;img/cover page/Hans Selye/1939 - The Effect Of Progesterone On The Mouse Ovary As Influenced By Gestation.webp
The Effect Of Testosterone On The Kidney;Hans Selye;https://raw.githubusercontent.com/peatysharing/bibliography/main/Hans%20Selye/1939%20-%20Hans%20Selye%20-%20The%20Effect%20Of%20Testosterone%20On%20The%20Kidney.pdf;https://mega.nz/file/kh4HRTLC#r1snmB8JDs5YyLkUW9kHt8D0pTUovyS1tc8ALwAXaZU;1939;https://ln5.sync.com/dl/c24c43150/868tu9gq-6vsnqe4c-yvpde63n-frasy2i3;Endocrinology;Article;img/cover page/Hans Selye/1939 - The Effect Of Testosterone On The Kidney.webp
Adaptation To Estrogen Overdosage;Hans Selye;https://raw.githubusercontent.com/peatysharing/bibliography/main/Hans%20Selye/1940%20-%20Hans%20Selye%20-%20Adaptation%20To%20Estrogen%20Overdosage.pdf;https://mega.nz/file/J5JAGaha#HfuOvMdlXBi5uSNRfqX3q-r5D-Z_LFJEj-OSEw-zr5E;1940;https://ln5.sync.com/dl/bfb6f6240/8c76keg3-eqnbm8g9-yh8vyqyx-3ze8fmxe;Endocrinology;Article;img/cover page/Hans Selye/1940 - Adaptation To Estrogen Overdosage.webp
Compensatory Atrophy Of The Adrenals;Hans Selye;https://raw.githubusercontent.com/peatysharing/bibliography/main/Hans%20Selye/1940%20-%20Hans%20Selye%20-%20Compensatory%20Atrophy%20Of%20The%20Adrenals.pdf;https://mega.nz/file/UtxiXQxL#8QGCbytRWVF7VKlHVg0dFqGIkBHvA05lPoBBjUJrkck;1940;https://ln5.sync.com/dl/be46aa9c0/6fnww85a-ztngx3q9-h6kb5m92-8ief36t2;Endocrinology;Article;img/cover page/Hans Selye/1940 - Compensatory Atrophy Of The Adrenals.webp
Postnatal Masculinization Of The Female Rat By Means Of Testosterone Propionate;Hans Selye;https://raw.githubusercontent.com/peatysharing/bibliography/main/Hans%20Selye/1940%20-%20Hans%20Selye%20-%20Postnatal%20Masculinization%20Of%20The%20Female%20Rat%20By%20Means%20Of%20Testosterone%20Propionate.pdf;https://mega.nz/file/5gRwzbxI#kg9ZWBb7lO3wQBTT4yFwcQ2yv8lDlvnNl-GiNOjVYhU;1940;;;Article;img/cover page/Hans Selye/1940 - Postnatal Masculinization Of The Female Rat By Means Of Testosterone Propionate.webp
Effect Of Estradiol Locally Applied To Abnormal Skin;Hans Selye;https://raw.githubusercontent.com/peatysharing/bibliography/main/Hans%20Selye/1943%20-%20Hans%20Selye%20-%20Effect%20Of%20Estradiol%20Locally%20Applied%20To%20Abnormal%20Skin.pdf;https://mega.nz/file/gxx13TzB#9W0NZU_eLR14v7f-Th2QL1ne_w4OKPsz1_5dThfCp5c;1943;;;Article;img/cover page/Hans Selye/1943 - Effect Of Estradiol Locally Applied To Abnormal Skin.webp
Encyclopedia Of Endocrinology, Section 1, Volume 1;Hans Selye;https://raw.githubusercontent.com/peatysharing/bibliography/main/Hans%20Selye/1943%20-%20Hans%20Selye%20-%20Encyclopedia%20Of%20Endocrinology%2C%20Section%201%2C%20Volume%201.pdf;https://mega.nz/file/hl5kmDrS#-KCMtEK0KFh7bN72vU384bsWaGKem62mXQcVJsNbpA8;1943;;;;img/cover page/Hans Selye/1943 - Encyclopedia Of Endocrinology, Section 1, Volume 1.webp
Encyclopedia Of Endocrinology, Section 1, Volume 2;Hans Selye;https://raw.githubusercontent.com/peatysharing/bibliography/main/Hans%20Selye/1943%20-%20Hans%20Selye%20-%20Encyclopedia%20Of%20Endocrinology%2C%20Section%201%2C%20Volume%202.pdf;https://mega.nz/file/ptAD2CZA#SJNbyzVqQiY6c5F79zTido9RMCh-ykOVn3uDd8uGEKI;1943;;;;img/cover page/Hans Selye/1943 - Encyclopedia Of Endocrinology, Section 1, Volume 2.webp
Encyclopedia Of Endocrinology, Section 1, Volume 3;Hans Selye;https://raw.githubusercontent.com/peatysharing/bibliography/main/Hans%20Selye/1943%20-%20Hans%20Selye%20-%20Encyclopedia%20Of%20Endocrinology%2C%20Section%201%2C%20Volume%203.pdf;https://mega.nz/file/M5hgSBpY#VgK2MrheP7ssPN_N3rgc7IGcDKEryvro-r48yVDJEew;1943;;;;img/cover page/Hans Selye/1943 - Encyclopedia Of Endocrinology, Section 1, Volume 3.webp
Encyclopedia Of Endocrinology, Section 1, Volume 4;Hans Selye;https://raw.githubusercontent.com/peatysharing/bibliography/main/Hans%20Selye/1943%20-%20Hans%20Selye%20-%20Encyclopedia%20Of%20Endocrinology%2C%20Section%201%2C%20Volume%204.pdf;https://mega.nz/file/445mXSSb#fumE0WY1T70N11UVFmYBCjZehpuEOGXSKh6PL4J-iRk;1943;;;;img/cover page/Hans Selye/1943 - Encyclopedia Of Endocrinology, Section 1, Volume 4.webp
Encyclopedia Of Endocrinology, Section 4 Ovary, Volume 7 Ovarian Tumors;Hans Selye;https://raw.githubusercontent.com/peatysharing/bibliography/main/Hans%20Selye/1943%20-%20Hans%20Selye%20-%20Encyclopedia%20Of%20Endocrinology%2C%20Section%204%20Ovary%2C%20Volume%207%20Ovarian%20Tumors.pdf;https://mega.nz/file/FohhiapD#GxI1AhGfz-eL92touOI2-uwb2LJ7ZCY64yBjAD8GD18;1943;;;;img/cover page/Hans Selye/1943 - Encyclopedia Of Endocrinology, Section 4 Ovary, Volume 7 Ovarian Tumors.webp
Hormonal Production Of Arthritis;Hans Selye;https://raw.githubusercontent.com/peatysharing/bibliography/main/Hans%20Selye/1944%20-%20Hans%20Selye%20-%20Hormonal%20Production%20Of%20Arthritis.pdf;https://mega.nz/file/AswDTaaL#5KOiyzx4ntcI_5UDyXJKCAXT42lFU2w_zPWGc8RkCLs;1944;;;Article;img/cover page/Hans Selye/1944 - Hormonal Production Of Arthritis.webp
The General Adaptation Syndrome And The Diseases Of Adaptation;Hans Selye;https://raw.githubusercontent.com/peatysharing/bibliography/main/Hans%20Selye/1946%20-%20Hans%20Selye%20-%20The%20General%20Adaptation%20Syndrome%20And%20The%20Diseases%20Of%20Adaptation.pdf;https://mega.nz/file/YxwRxBrD#BkE1SfPbDBEqTrr98Vq41YofKA8BrySGg4GUOX6nCIc;1946;;;Article;img/cover page/Hans Selye/1946 - The General Adaptation Syndrome And The Diseases Of Adaptation.webp
Textbook Of Endocrinology Part 1;Hans Selye;https://raw.githubusercontent.com/peatysharing/bibliography/main/Hans%20Selye/1949%20-%20Hans%20Selye%20-%20Textbook%20Of%20Endocrinology%20Part%201.pdf;https://mega.nz/file/xw4ElBzD#ER0BGAr2JCQtgGOwFyyxLkQ0nr7vrCp2Cs5g_y0GKKg;1949;;;Book;img/cover page/Hans Selye/1949 - Textbook Of Endocrinology Part 1.webp
Textbook Of Endocrinology Part 2;Hans Selye;https://raw.githubusercontent.com/peatysharing/bibliography/main/Hans%20Selye/1949%20-%20Hans%20Selye%20-%20Textbook%20Of%20Endocrinology%20Part%202.pdf;https://mega.nz/file/xw4ElBzD#ER0BGAr2JCQtgGOwFyyxLkQ0nr7vrCp2Cs5g_y0GKKg;1949;;;Book;img/cover page/Hans Selye/1949 - Textbook Of Endocrinology Part 2.webp
The Physiology And Pathology Of Exposure To Stress;Hans Selye;https://raw.githubusercontent.com/peatysharing/bibliography/main/Hans%20Selye/1950%20-%20Hans%20Selye%20-%20The%20Physiology%20And%20Pathology%20Of%20Exposure%20To%20Stress.pdf;https://mega.nz/file/w9IExAJD#jJIxUp4bH_J4jIWj5T9eqys_xUiPjIl6-82Dhpdawlo;1950;;;Book;img/cover page/Hans Selye/1950 - The Physiology And Pathology Of Exposure To Stress.webp
Allergy And The General Adaptation Syndrome;Hans Selye;https://raw.githubusercontent.com/peatysharing/bibliography/main/Hans%20Selye/1952%20-%20Hans%20Selye%20-%20Allergy%20And%20The%20General%20Adaptation%20Syndrome.pdf;https://mega.nz/file/o9gUhIpY#86dx4zb6rJuG1UnyBT91eATkZkqdffWzOV5EjwKwk0s;1952;;;Article;img/cover page/Hans Selye/1952 - Allergy And The General Adaptation Syndrome.webp
On The Structural Changes Produced In The Brain And Hypophysis By Parenteral Administration Of Highly Hypertonic Solutions;Hans Selye;https://raw.githubusercontent.com/peatysharing/bibliography/main/Hans%20Selye/1952%20-%20Hans%20Selye%20-%20On%20The%20Structural%20Changes%20Produced%20In%20The%20Brain%20And%20Hypophysis%20By%20Parenteral%20Administration%20Of%20Highly%20Hypertonic%20Solutions.pdf;https://mega.nz/file/hhAwTAhK#3KO4aH8YjdYQORu8NccFJfpOH535UBIqdK0G-TvPifU;1952;;;Article;img/cover page/Hans Selye/1952 - On The Structural Changes Produced In The Brain And Hypophysis By Parenteral Administration Of Highly Hypertonic Solutions.webp
Endocrine Reactions During Stress;Hans Selye;https://raw.githubusercontent.com/peatysharing/bibliography/main/Hans%20Selye/1956%20-%20Hans%20Selye%20-%20Endocrine%20Reactions%20During%20Stress.pdf;https://mega.nz/file/NhRwSZoJ#DB1UciSpPn5YK4edKxNYtssc9EbJpeBW-i_eHWm__L4;1956;https://ln5.sync.com/dl/c56072f30/8fjqc92e-xnd9gfbt-dcptme4m-znch5g86;Endocrinology;Article;img/cover page/Hans Selye/1956 - Endocrine Reactions During Stress.webp
Stress And Psychiatry;Hans Selye;https://raw.githubusercontent.com/peatysharing/bibliography/main/Hans%20Selye/1956%20-%20Hans%20Selye%20-%20Stress%20And%20Psychiatry.pdf;https://mega.nz/file/dkwXGDqb#ab43PY-3sbgA3ITPV3Q4pmoySIey6Jl63e_7Git2gtU;1956;https://ln5.sync.com/dl/8f9e57cd0/p2gq2pgc-xkdwsymy-xq2h7s7i-b46imriy;Endocrinology;Article;img/cover page/Hans Selye/1956 - Stress And Psychiatry.webp
Prevention By Thyroxine Of The Ocular Changes;Hans Selye;https://raw.githubusercontent.com/peatysharing/bibliography/main/Hans%20Selye/1957%20-%20Hans%20Selye%20-%20Prevention%20By%20Thyroxine%20Of%20The%20Ocular%20Changes.pdf;https://mega.nz/file/5tpgnJ6K#MSXeJCXiM8Qs2afd-e4cldFL90Ki2nJ92MsAr9YeZLA;1957;https://ln5.sync.com/dl/e88a16980/22h8z2vb-q889qnw4-5zby3bam-tx9q7d6y;Endocrinology;Article;img/cover page/Hans Selye/1957 - Prevention By Thyroxine Of The Ocular Changes.webp
Emotional Stress And Your Health;Hans Selye;https://raw.githubusercontent.com/peatysharing/bibliography/main/Hans%20Selye/1958%20-%20Hans%20Selye%20-%20Emotional%20Stress%20And%20Your%20Health.pdf;https://mega.nz/file/Etw1VKjI#hk7AqqJvb5MVwrDj6wgiR8D8y2nKx-OGu3guBw_-VNQ;1958;;;Book;img/cover page/Hans Selye/1958 - Emotional Stress And Your Health.webp
Influence Of Various Hormones And Vitamin-d Preparations Upon Established Bone Lathyrism;Hans Selye;https://raw.githubusercontent.com/peatysharing/bibliography/main/Hans%20Selye/1958%20-%20Hans%20Selye%20-%20Influence%20Of%20Various%20Hormones%20And%20Vitamin-d%20Preparations%20Upon%20Established%20Bone%20Lathyrism.pdf;https://mega.nz/file/pxYT3aLK#wtT0XA1pNxGwGWjo6O09zuK2AraSOcejZVPrDxLV7gY;1958;https://ln5.sync.com/dl/fc43a1a90/txf6pswu-jxb4kapx-udprynbh-pacvisbq;Endocrinology;Article;img/cover page/Hans Selye/1958 - Influence Of Various Hormones And Vitamin-d Preparations Upon Established Bone Lathyrism.webp
Prevention Of Experimental Hyperparathyroidism By Magnesium And Potassium Salts;Hans Selye;https://raw.githubusercontent.com/peatysharing/bibliography/main/Hans%20Selye/1958%20-%20Hans%20Selye%20-%20Prevention%20Of%20Experimental%20Hyperparathyroidism%20By%20Magnesium%20And%20Potassium%20Salts.pdf;https://mega.nz/file/U0QgzaRB#NHidrpU-R-AkzL0Nf3tWV-_8Gs6mXTAheDuhASIMOaI;1958;;;Article;img/cover page/Hans Selye/1958 - Prevention Of Experimental Hyperparathyroidism By Magnesium And Potassium Salts.webp
The Chemical Prevention Of Cardiac Necroses;Hans Selye;https://raw.githubusercontent.com/peatysharing/bibliography/main/Hans%20Selye/1958%20-%20Hans%20Selye%20-%20The%20Chemical%20Prevention%20Of%20Cardiac%20Necroses.pdf;https://mega.nz/file/sxYWXDxA#LEVMge_vP8xIpN2yS4n2piF_35TyKsZC85EAnLXeQGE;1958;;;Book;img/cover page/Hans Selye/1958 - The Chemical Prevention Of Cardiac Necroses.webp
Topical Effects Of Cortisol Upon Walker Tumors;Hans Selye;https://raw.githubusercontent.com/peatysharing/bibliography/main/Hans%20Selye/1958%20-%20Hans%20Selye%20-%20Topical%20Effects%20Of%20Cortisol%20Upon%20Walker%20Tumors.pdf;https://mega.nz/file/o8xEQIxQ#no2OsT0vtzacgl7mL9tIkLDmCibPPpltZ2IBnIPSOiU;1958;https://ln5.sync.com/dl/378160e70/7csvx6pg-qyvz4cu9-niatcv8p-wpjn7qgn;Endocrinology;Article;img/cover page/Hans Selye/1958 - Topical Effects Of Cortisol Upon Walker Tumors.webp
The Physiopathology Of Stress;Hans Selye;https://raw.githubusercontent.com/peatysharing/bibliography/main/Hans%20Selye/1959%20-%20Hans%20Selye%20-%20The%20Physiopathology%20Of%20Stress.pdf;https://mega.nz/file/o0AVwLrI#ta_pmbFGwIpwQXMfTTBgJxMIjjkYJ_M0YuUe8Ccjz1w;1959;https://ln5.sync.com/dl/58f09b690/yyfbf283-kygtyyuu-c8px2a2y-ve4kgrkz;Endocrinology;Article;img/cover page/Hans Selye/1959 - The Physiopathology Of Stress.webp
Calciphylaxis;Hans Selye;https://raw.githubusercontent.com/peatysharing/bibliography/main/Hans%20Selye/1962%20-%20Hans%20Selye%20-%20Calciphylaxis.pdf;https://mega.nz/file/RoJGHQgb#ou2v07440M3tukFZtMsh2VzNsE5qB_9bNtjdXkU8knM;1962;;;Book;img/cover page/Hans Selye/1962 - Calciphylaxis.webp
From Dream To Discovery, On Being A Scientist;Hans Selye;https://raw.githubusercontent.com/peatysharing/bibliography/main/Hans%20Selye/1964%20-%20Hans%20Selye%20-%20From%20Dream%20To%20Discovery%2C%20On%20Being%20A%20Scientist.pdf;https://mega.nz/file/M9pDyZhR#8fbF_NB-1RsAdYAg9Xn2x5vlxJADwI-DDoqQ7lStO5M;1964;;;Book;img/cover page/Hans Selye/1964 - From Dream To Discovery, On Being A Scientist.webp
The Mast Cells;Hans Selye;https://raw.githubusercontent.com/peatysharing/bibliography/main/Hans%20Selye/1965%20-%20Hans%20Selye%20-%20The%20Mast%20Cells.pdf;https://mega.nz/file/BkAhRa6b#3zJnzDeU9puHty2zpZaorj8PdNz1ukFmeOV0sHZOTKY;1965;;;Book;img/cover page/Hans Selye/1965 - The Mast Cells.webp
Thrombohemorrhagic Phenomena;Hans Selye;https://raw.githubusercontent.com/peatysharing/bibliography/main/Hans%20Selye/1966%20-%20Hans%20Selye%20-%20Thrombohemorrhagic%20Phenomena.pdf;https://mega.nz/file/U1hQUQqb#B7Jnwf3a4DkGlkVvJjC08k-hvhyLAOJV1ae8LvOezAE;1966;;;Book;img/cover page/Hans Selye/1966 - Thrombohemorrhagic Phenomena.webp
In Vivo, The Case For Supramolecular Biology;Hans Selye;https://raw.githubusercontent.com/peatysharing/bibliography/main/Hans%20Selye/1967%20-%20Hans%20Selye%20-%20In%20Vivo%2C%20The%20Case%20For%20Supramolecular%20Biology.pdf;https://mega.nz/file/EkozWY5I#nWgSzEt5oRQiqB2JyAOOBdjD5LLrvF5D6W3HGutrgRY;1967;;;Book;img/cover page/Hans Selye/1967 - In Vivo, The Case For Supramolecular Biology.webp
The Mast Cell. Recent Problems;Hans Selye;https://raw.githubusercontent.com/peatysharing/bibliography/main/Hans%20Selye/1967%20-%20Hans%20Selye%20-%20The%20Mast%20Cell.%20Recent%20Problems.pdf;https://mega.nz/file/54onEJbK#Ut0vLy-iNiufpnnJqrS3uD4qR6FGtSemfJzHNec7OtI;1967;;;Article;img/cover page/Hans Selye/1967 - The Mast Cell. Recent Problems.webp
Adaptive Steroids, Retrospect And Prospect;Hans Selye;https://raw.githubusercontent.com/peatysharing/bibliography/main/Hans%20Selye/1970%20-%20Hans%20Selye%20-%20Adaptive%20Steroids%2C%20Retrospect%20And%20Prospect.pdf;https://mega.nz/file/4tx3gS7Y#L3BjtauFJta4BFVY9yiAvvjMsTnQPSfNIhM_2QDFM4s;1970;https://ln5.sync.com/dl/64516eeb0/thf8sgnx-axm8jusm-qge2rden-bwzh43y4;Endocrinology;Article;img/cover page/Hans Selye/1970 - Adaptive Steroids, Retrospect And Prospect.webp
Resistance To Various Pesticide;Hans Selye;https://raw.githubusercontent.com/peatysharing/bibliography/main/Hans%20Selye/1970%20-%20Hans%20Selye%20-%20Resistance%20To%20Various%20Pesticide.pdf;https://mega.nz/file/tgggGYQb#OAv6m1mOHhtM4LgYBUvvOzvDHD9nrXvr2vFrvIJGkrY;1970;https://ln5.sync.com/dl/69b2a35b0/chyg2q6y-npeeftxx-mafn948d-hjgveizn;Endocrinology;Article;img/cover page/Hans Selye/1970 - Resistance To Various Pesticide.webp
Stress And Aging;Hans Selye;https://raw.githubusercontent.com/peatysharing/bibliography/main/Hans%20Selye/1970%20-%20Hans%20Selye%20-%20Stress%20And%20Aging.pdf;https://mega.nz/file/ZtAznCxS#pwCKlojenQ2mKoZK6q_cXiYtUBiJMMcTipy7Z60oj08;1970;https://ln5.sync.com/dl/e2fab8aa0/qfpxi5mv-zw43262x-a78d6xwj-9bzaet9m;Endocrinology;Article;img/cover page/Hans Selye/1970 - Stress And Aging.webp
Hormones And Resistance, Effect Of Other Hormones Upon Resistance;Hans Selye;https://raw.githubusercontent.com/peatysharing/bibliography/main/Hans%20Selye/1971%20-%20Hans%20Selye%20-%20Hormones%20And%20Resistance%2C%20Effect%20Of%20Other%20Hormones%20Upon%20Resistance.pdf;https://mega.nz/file/5spwXQRb#mt8KAFFEXH0-um_O06GQ2i9jz189Q829wwYwDpW_3kM;1971;https://ln5.sync.com/dl/38ccebea0/sycd9gqj-9gua2f96-vhk8pjex-5kazv3iz;Endocrinology;Article;img/cover page/Hans Selye/1971 - Hormones And Resistance, Effect Of Other Hormones Upon Resistance.webp
Du Reve A La Découverte. L'esprit Scientifique;Hans Selye;https://raw.githubusercontent.com/peatysharing/bibliography/main/Hans%20Selye/1973%20-%20Hans%20Selye%20-%20Du%20Reve%20A%20La%20D%C3%A9couverte.%20L%27esprit%20Scientifique.pdf;https://mega.nz/file/Elo0XT7S#V0woHAbJRP3ORyih8hGtFsH0DOZK3GVUxFKUUIx7kAo;1973;;;Book;img/cover page/Hans Selye/1973 - Du Reve A La Découverte. L'esprit Scientifique.webp
Confusion And Controversy In The Stress Field;Hans Selye;https://raw.githubusercontent.com/peatysharing/bibliography/main/Hans%20Selye/1975%20-%20Hans%20Selye%20-%20Confusion%20And%20Controversy%20In%20The%20Stress%20Field.pdf;https://mega.nz/file/ItxmzZbB#y0Ghdmd1XRNA5t10HYDQ9zbZkNGGxc1wXNse7Em8krc;1975;https://ln5.sync.com/dl/0983f9e50/kgyxcqaa-kuj9amnk-79z4t9x2-6u4rn5wq;Endocrinology;Article;img/cover page/Hans Selye/1975 - Confusion And Controversy In The Stress Field.webp
Stress Without Distress;Hans Selye;https://raw.githubusercontent.com/peatysharing/bibliography/main/Hans%20Selye/1975%20-%20Hans%20Selye%20-%20Stress%20Without%20Distress.pdf;https://mega.nz/file/Z1onxRzK#oHW1fzA5eWnVP1P3hPE4BasxNTbeCM0ePdjU6VrKP6M;1975;https://ln5.sync.com/dl/e6aee9330/dcshbcmr-ctz7csux-kkuytab3-6zhadab4;Endocrinology;Book;img/cover page/Hans Selye/1975 - Stress Without Distress.webp
Le Stress De Ma Vie;Hans Selye;https://raw.githubusercontent.com/peatysharing/bibliography/main/Hans%20Selye/1976%20-%20Hans%20Selye%20-%20Le%20Stress%20De%20Ma%20Vie.pdf;https://mega.nz/file/otxkgCqI#--gcSqsMfLD7Cw8PpXSRR6ayKIMWMNUUaTR0PF4I5Es;1976;;;Book;img/cover page/Hans Selye/1976 - Le Stress De Ma Vie.webp
Stress In Health And Disease;Hans Selye;https://raw.githubusercontent.com/peatysharing/bibliography/main/Hans%20Selye/1976%20-%20Hans%20Selye%20-%20Stress%20In%20Health%20And%20Disease.pdf;https://mega.nz/file/59JAkZDa#ul17pGTZM4uSbE1tiRrpoQoQ9mBPiykDa1c2ssUQg10;1976;https://ln5.sync.com/dl/9424adc90/x6r593ji-c6vtcd5b-d29y9y2p-uw5v2e7q;Endocrinology;Book;img/cover page/Hans Selye/1976 - Stress In Health And Disease.webp
The Stress Of My life, A Scientist's Memoirs;Hans Selye;https://raw.githubusercontent.com/peatysharing/bibliography/main/Hans%20Selye/1977%20-%20Hans%20Selye%20-%20The%20Stress%20Of%20My%20life%2C%20A%20Scientist%27s%20Memoirs.pdf;https://mega.nz/file/Yl4ShKjD#M7ml7KW0anNcTqkJxCVB7-Qn46f_ICjKMpxnQ39URFw;1977;;;Book;img/cover page/Hans Selye/1977 - The Stress Of My life, A Scientist's Memoirs.webp
The Stress Of Life;Hans Selye;https://raw.githubusercontent.com/peatysharing/bibliography/main/Hans%20Selye/1978%20-%20Hans%20Selye%20-%20The%20Stress%20Of%20Life.pdf;https://mega.nz/file/xsJgkIiR#-ZB6cvJIJPNUpqtrnxjfRtkWGwnTEOfAaiiWLcogsv4;1978;https://ln5.sync.com/dl/3a0eed5c0/8nf9bxd9-xsvrm8sr-ge38usc5-6q7pkr3x/view/default/9640210560014?sync_id=9640209980014;Endocrinology;Book;img/cover page/Hans Selye/1978 - The Stress Of Life.webp
Selye's Guide to Stress Research Volume 1;Hans Selye;https://raw.githubusercontent.com/peatysharing/bibliography/main/Hans%20Selye/1980%20-%20Hans%20Selye%20-%20Selye%27s%20Guide%20to%20Stress%20Research%20Volume%201.pdf;https://mega.nz/file/gk4ygRzC#cvfVLUSyZTWTg-ih_vDL-I5I8hVAqKRimXshu72dwz8;1980;;;Book;img/cover page/Hans Selye/1980 - Selye's Guide to Stress Research Volume 1.webp
Selye's Guide to Stress Research Volume 3;Hans Selye;https://raw.githubusercontent.com/peatysharing/bibliography/main/Hans%20Selye/1983%20-%20Hans%20Selye%20-%20Selye%27s%20Guide%20to%20Stress%20Research%20Volume%203.pdf;https://mega.nz/file/8lRz0TbC#DClEbjJM29NLdHFujRvEztuugIUsb59NhhqWIpl_Ne0;1983;;;Book;img/cover page/Hans Selye/1983 - Selye's Guide to Stress Research Volume 3.webp
The Action Of Various Steroid Hormones On The Ovary;Hans Selye, Friedman, S.m.;https://raw.githubusercontent.com/peatysharing/bibliography/main/Hans%20Selye/1940%20-%20Hans%20Selye%2C%20Friedman%2C%20S.m.%20-%20The%20Action%20Of%20Various%20Steroid%20Hormones%20On%20The%20Ovary.pdf;https://mega.nz/file/914hGAaT#tDcbL-CHmPNdoX4yQEN64HT7aI16tVMYqLgeKKn-g6g;1940;;;Article;img/cover page/Hans Selye/1940 - The Action Of Various Steroid Hormones On The Ovary.webp
On The Experimental Morphology Of The Adrenal Cortex;Hans Selye, Helen Stone;https://raw.githubusercontent.com/peatysharing/bibliography/main/Hans%20Selye/1950%20-%20Hans%20Selye%3B%20Helen%20Stone%20-%20On%20The%20Experimental%20Morphology%20Of%20The%20Adrenal%20Cortex.pdf;https://mega.nz/file/Y041XAoA#VyHMsJq8GtJf8ta9z2UW80zILf5TRSwGm6Mb0KN_vNI;1950;;;Book;img/cover page/Hans Selye/1950 - On The Experimental Morphology Of The Adrenal Cortex.webp
Symbolic Shorthand System (SSS) For Physiology And Medicine;Hans Selye, Miklos Nadasdi;https://raw.githubusercontent.com/peatysharing/bibliography/main/Hans%20Selye/1958%20-%20Hans%20Selye%3B%20Miklos%20Nadasdi%20-%20Symbolic%20Shorthand%20System%20%28SSS%29%20For%20Physiology%20And%20Medicine.pdf;https://mega.nz/file/Vs5QjJSK#Uv30efzr71WMWtYbYICaJIhLNhhzaJVpWWvYGsnpT1I;1958;;;Book;img/cover page/Hans Selye/1958 - Symbolic Shorthand System (SSS) For Physiology And Medicine.webp
Interruption Of Pregnancy By Various Steroids;Hans Selye, Yvette Taché, Sandor, Szabo;https://raw.githubusercontent.com/peatysharing/bibliography/main/Hans%20Selye/1971%20-%20Hans%20Selye%2C%20Yvette%20Tach%C3%A9%2C%20Sandor%2C%20Szabo%20-%20Interruption%20Of%20Pregnancy%20By%20Various%20Steroids.pdf;https://mega.nz/file/YsR3XLbZ#lp3pYvoMuINvylN1yhN-vIwc-EdVAp6kuuNdxZuagtQ;1971;;;Article;img/cover page/Hans Selye/1971 - Interruption Of Pregnancy By Various Steroids.webp
Chemical Basis Of Epilepsy;Harold Hillman;https://raw.githubusercontent.com/peatysharing/bibliography/main/Harold%20Hillman/1970%20-%20Harold%20Hillman%20-%20Chemical%20Basis%20Of%20Epilepsy.pdf;https://mega.nz/file/kg4jWYyK#uV38DFh1T9Ll-zzIb-9Ew6lTtVnC-5sGwyfOMBh184o;1970;;;Article;img/cover page/Harold Hillman/1970 - Chemical Basis Of Epilepsy.webp
Certainty And Uncertainty In Biochemical Techniques;Harold Hillman;https://raw.githubusercontent.com/peatysharing/bibliography/main/Harold%20Hillman/1972%20-%20Harold%20Hillman%20-%20Certainty%20And%20Uncertainty%20In%20Biochemical%20Techniques.pdf;https://mega.nz/file/05hngZDK#sORISjbKxlrCaZqlQe6PNwaEk4R5EmUXEVF1w9LRyR8;1972;;;Book;img/cover page/Harold Hillman/1972 - Certainty And Uncertainty In Biochemical Techniques.webp
The Optimum Human Environment;Harold Hillman;https://raw.githubusercontent.com/peatysharing/bibliography/main/Harold%20Hillman/1972%20-%20Harold%20Hillman%20-%20The%20Optimum%20Human%20Environment.pdf;https://mega.nz/file/Y9ACgJZA#Uvw_I_4R66jMVxdMtdK7BrH4aSapuKuQIFTpvdSJntA;1972;;;Article;img/cover page/Harold Hillman/1972 - The Optimum Human Environment.webp
Towards A Classification Of Evidence In Biological And Medical Research In Respect Of Its Validity;Harold Hillman;https://raw.githubusercontent.com/peatysharing/bibliography/main/Harold%20Hillman/1976%20-%20Harold%20Hillman%20-%20Towards%20A%20Classification%20Of%20Evidence%20In%20Biological%20And%20Medical%20Research%20In%20Respect%20Of%20Its%20Validity.pdf;https://mega.nz/file/Q0xmRZaA#JmUiSi6M5RxOpOOLHJqYavNyaD45qGqSgsLOmYKup_c;1976;;;Article;img/cover page/Harold Hillman/1976 - Towards A Classification Of Evidence In Biological And Medical Research In Respect Of Its Validity.webp
How Productive Is Medical Research;Harold Hillman;https://raw.githubusercontent.com/peatysharing/bibliography/main/Harold%20Hillman/1979%20-%20Harold%20Hillman%20-%20How%20Productive%20Is%20Medical%20Research.pdf;https://mega.nz/file/U8QDUZwA#drT8ZaUZhYBTF7jqu-ksyIRhM3mcL9Ha1QjNhCNvnnY;1979;;;Article;img/cover page/Harold Hillman/1979 - How Productive Is Medical Research.webp
Artefacts In Electron Microscopy And The Consequences For Biological And Medical Research;Harold Hillman;https://raw.githubusercontent.com/peatysharing/bibliography/main/Harold%20Hillman/1980%20-%20Harold%20Hillman%20-%20Artefacts%20In%20Electron%20Microscopy%20And%20The%20Consequences%20For%20Biological%20And%20Medical%20Research.pdf;https://mega.nz/file/4gJU2YrT#aPsAjczAGZ7Ybqm_X9i1O0RgTbQHP2X8j6_Nqrmnl48;1980;;;Article;img/cover page/Harold Hillman/1980 - Artefacts In Electron Microscopy And The Consequences For Biological And Medical Research.webp
Publication Of Resuscitation by Elsevier and North-Holland;Harold Hillman;https://raw.githubusercontent.com/peatysharing/bibliography/main/Harold%20Hillman/1980%20-%20Harold%20Hillman%20-%20Publication%20Of%20Resuscitation%20by%20Elsevier%20and%20North-Holland.pdf;https://mega.nz/file/t44g1C7J#2KnkvE0SFGLcerIDzOnGPS4ahJXphiveEkKETrwf3C8;1980;;;;img/cover page/Harold Hillman/1980 - Publication Of Resuscitation by Elsevier and North-Holland.webp
The Living Cell, A Re-examination Of Its Fine Structure;Harold Hillman;https://raw.githubusercontent.com/peatysharing/bibliography/main/Harold%20Hillman/1980%20-%20Harold%20Hillman%20-%20The%20Living%20Cell%2C%20A%20Re-examination%20Of%20Its%20Fine%20Structure.pdf;https://mega.nz/file/FxgkXTwY#ypPiDoJAly8KXtuENVLyntdn4rICNQPd73fkJOS5I9Y;1980;;;Book;img/cover page/Harold Hillman/1980 - The Living Cell, A Re-examination Of Its Fine Structure.webp
Some Fundamental Theoretical And Practical Problems Associated With Neurochemical Techniques In Mammalian Studies;Harold Hillman;https://raw.githubusercontent.com/peatysharing/bibliography/main/Harold%20Hillman/1983%20-%20Harold%20Hillman%20-%20Some%20Fundamental%20Theoretical%20And%20Practical%20Problems%20Associated%20With%20Neurochemical%20Techniques%20In%20Mammalian%20Studies.pdf;https://mega.nz/file/x4JgEKIL#eaSAsW0Bie_FdN_Xig1AHjadtfpgGlmPpXDHb5FycAE;1983;;;Article;img/cover page/Harold Hillman/1983 - Some Fundamental Theoretical And Practical Problems Associated With Neurochemical Techniques In Mammalian Studies.webp
Perspectives In Resuscitation;Harold Hillman;https://raw.githubusercontent.com/peatysharing/bibliography/main/Harold%20Hillman/1985%20-%20Harold%20Hillman%20-%20Perspectives%20In%20Resuscitation.pdf;https://mega.nz/file/VhBlVJrY#ziC6ZF6HMPQKsqOxJd184UV1vvEzHaMza7smXv6-mEM;1985;;;Article;img/cover page/Harold Hillman/1985 - Perspectives In Resuscitation.webp
The Anatomical Synapse In Mammals By Light And Electron Microscopy;Harold Hillman;https://raw.githubusercontent.com/peatysharing/bibliography/main/Harold%20Hillman/1985%20-%20Harold%20Hillman%20-%20The%20Anatomical%20Synapse%20In%20Mammals%20By%20Light%20And%20Electron%20Microscopy.pdf;https://mega.nz/file/EgYSlTrY#K4TuKs8m5rd7m6_nPIpX1uliGlo96mGZngJsJYHpylA;1985;;;Article;img/cover page/Harold Hillman/1985 - The Anatomical Synapse In Mammals By Light And Electron Microscopy.webp
The Cellular Structure Of The Mammalian Nervous System;Harold Hillman;https://raw.githubusercontent.com/peatysharing/bibliography/main/Harold%20Hillman/1985%20-%20Harold%20Hillman%20-%20The%20Cellular%20Structure%20Of%20The%20Mammalian%20Nervous%20System.pdf;https://mega.nz/file/RhRyzArZ#g8K_izQrpl2p5s-XBY_m2wWRLiUJteoxL9x71e0t7mU;1985;;;Book;img/cover page/Harold Hillman/1985 - The Cellular Structure Of The Mammalian Nervous System.webp
A New Hypothesis For Electrical Transmission In The Mammalian Central Nervous System;Harold Hillman;https://raw.githubusercontent.com/peatysharing/bibliography/main/Harold%20Hillman/1991%20-%20Harold%20Hillman%20-%20A%20New%20Hypothesis%20For%20Electrical%20Transmission%20In%20The%20Mammalian%20Central%20Nervous%20System.pdf;https://mega.nz/file/5hoBVBwS#eiiLxG2yM7GbnMREgQ4TH8vSNozxTB-HsIWWeC9Rw4k;1991;;;Article;img/cover page/Harold Hillman/1991 - A New Hypothesis For Electrical Transmission In The Mammalian Central Nervous System.webp
Atlas Of The Cellular Structure Of The Human Nervous System;Harold Hillman;https://raw.githubusercontent.com/peatysharing/bibliography/main/Harold%20Hillman/1991%20-%20Harold%20Hillman%20-%20Atlas%20Of%20The%20Cellular%20Structure%20Of%20The%20Human%20Nervous%20System.pdf;https://mega.nz/file/VpZGSQRS#S1KqdUazG76n2m2P7ZibX4RCv0hbdjvwxvbJ3IwywX4;1991;;;Book;img/cover page/Harold Hillman/1991 - Atlas Of The Cellular Structure Of The Human Nervous System.webp
The Possible Pain Experienced During Execution By Different Methods;Harold Hillman;https://raw.githubusercontent.com/peatysharing/bibliography/main/Harold%20Hillman/1993%20-%20Harold%20Hillman%20-%20The%20Possible%20Pain%20Experienced%20During%20Execution%20By%20Different%20Methods.pdf;https://mega.nz/file/R9Ik0TDT#hAFiu7nXMMsQZn38cvr3Kqk9XdUbu2zwhZXNGNi7VSI;1993;;;Article;img/cover page/Harold Hillman/1993 - The Possible Pain Experienced During Execution By Different Methods.webp
Abdominal Pumping;Harold Hillman;https://raw.githubusercontent.com/peatysharing/bibliography/main/Harold%20Hillman/1994%20-%20Harold%20Hillman%20-%20Abdominal%20Pumping.pdf;https://mega.nz/file/d5Yh2JgQ#wRx5zMZ66lJV6X5jxsRWonOGKktTqMLn_jdlb9WdE_8;1994;;;Article;img/cover page/Harold Hillman/1994 - Abdominal Pumping.webp
Honest Research;Harold Hillman;https://raw.githubusercontent.com/peatysharing/bibliography/main/Harold%20Hillman/1995%20-%20Harold%20Hillman%20-%20Honest%20Research.pdf;https://mega.nz/file/I9h1hZwI#gW4qMESDJTGSiuiH5iznWTUNwKGnYy-Ha_AgjxjYumA;1995;;;Article;img/cover page/Harold Hillman/1995 - Honest Research.webp
Counterattack;Harold Hillman;https://raw.githubusercontent.com/peatysharing/bibliography/main/Harold%20Hillman/1996%20-%20Harold%20Hillman%20-%20Counterattack.pdf;https://mega.nz/file/09pxWDRT#Z1uptJ4LYDnO3joX9W5g3kB1OV6HXVDnSdzYLm6dns0;1996;;;Article;img/cover page/Harold Hillman/1996 - Counterattack.webp
What Price Intellectual Honesty, Asks A Neurobiologist;Harold Hillman;https://raw.githubusercontent.com/peatysharing/bibliography/main/Harold%20Hillman/1996%20-%20Harold%20Hillman%20-%20What%20Price%20Intellectual%20Honesty%2C%20Asks%20A%20Neurobiologist.pdf;https://mega.nz/file/k1ARkKDY#ZILDvN1sZJnTtliQsnuCj97n0QEDiZ_OIBnyrSHmKC8;1996;;;Article;img/cover page/Harold Hillman/1996 - What Price Intellectual Honesty, Asks A Neurobiologist.webp
Parafraud In Biology;Harold Hillman;https://raw.githubusercontent.com/peatysharing/bibliography/main/Harold%20Hillman/1997%20-%20Harold%20Hillman%20-%20Parafraud%20In%20Biology.pdf;https://mega.nz/file/AkgwkA6Z#6D4mKl0dPDNDkZsnW6fwnwhVZNH26JYoJPtU0s-qOes;1997;;;Article;img/cover page/Harold Hillman/1997 - Parafraud In Biology.webp
A Study Of 131 Patients With Schizophrenia And Provision For Them;Harold Hillman;https://raw.githubusercontent.com/peatysharing/bibliography/main/Harold%20Hillman/1998%20-%20Harold%20Hillman%20-%20A%20Study%20Of%20131%20Patients%20With%20Schizophrenia%20And%20Provision%20For%20Them.pdf;https://mega.nz/file/k9hklYzK#sEY4j7JpoLzfXLJIPxBVsi0RnMBhgtxK315ZnR7_Kl0;1998;;;Article;img/cover page/Harold Hillman/1998 - A Study Of 131 Patients With Schizophrenia And Provision For Them.webp
Limitations Of Clinical And Biological Histology;Harold Hillman;https://raw.githubusercontent.com/peatysharing/bibliography/main/Harold%20Hillman/2000%20-%20Harold%20Hillman%20-%20Limitations%20Of%20Clinical%20And%20Biological%20Histology.pdf;https://mega.nz/file/p4AVxbJZ#_XnqQFV0I1AFmMez8fGYcw3m0Vvw08JVyOuBbc_okXM;2000;;;Article;img/cover page/Harold Hillman/2000 - Limitations Of Clinical And Biological Histology.webp
Research Practices In Need Of Examination And Improvement;Harold Hillman;https://raw.githubusercontent.com/peatysharing/bibliography/main/Harold%20Hillman/2001%20-%20Harold%20Hillman%20-%20Research%20Practices%20In%20Need%20Of%20Examination%20And%20Improvement.pdf;https://mega.nz/file/s8J0UY4Z#i0BJTflVZRN3-ozX8097BWLumqsnCr19xsaNs0NEK-M;2001;;;Article;img/cover page/Harold Hillman/2001 - Research Practices In Need Of Examination And Improvement.webp
Crucial Questions In Cell Biology And;Harold Hillman;https://raw.githubusercontent.com/peatysharing/bibliography/main/Harold%20Hillman/2003%20-%20Harold%20Hillman%20-%20Crucial%20Questions%20In%20Cell%20Biology%20And.pdf;https://mega.nz/file/d54y3b7D#DM_Exk9dhbtBDZ01t2rIbBxd0MiYwW3G_S6KT8Lz_4E;2003;;;Article;img/cover page/Harold Hillman/2003 - Crucial Questions In Cell Biology And.webp
The Physiology Of Sudden Violent Death;Harold Hillman;https://raw.githubusercontent.com/peatysharing/bibliography/main/Harold%20Hillman/2003%20-%20Harold%20Hillman%20-%20The%20Physiology%20Of%20Sudden%20Violent%20Death.pdf;https://mega.nz/file/lohyEAKS#2K-vE37PKtIiiDIL0zwLT7xoFioMuPpWW-RSYS_0QWs;2003;;;Article;img/cover page/Harold Hillman/2003 - The Physiology Of Sudden Violent Death.webp
Electrical Devices Used By Prison Officers, Police And Security Forces;Harold Hillman;https://raw.githubusercontent.com/peatysharing/bibliography/main/Harold%20Hillman/2007%20-%20Harold%20Hillman%20-%20Electrical%20Devices%20Used%20By%20Prison%20Officers%2C%20Police%20And%20Security%20Forces.pdf;https://mega.nz/file/ksIzQRgR#XwR1CjY34_As50hj0aYXFAfoVJJUBjSd1ca6Kw6xWOY;2007;;;Article;img/cover page/Harold Hillman/2007 - Electrical Devices Used By Prison Officers, Police And Security Forces.webp
Evidence Based Cell Biology, With Some Implications For Clinical Research;Harold Hillman;https://raw.githubusercontent.com/peatysharing/bibliography/main/Harold%20Hillman/2008%20-%20Harold%20Hillman%20-%20Evidence%20Based%20Cell%20Biology%2C%20With%20Some%20Implications%20For%20Clinical%20Research.pdf;https://mega.nz/file/MwIw3ajB#cf1f2rl7Fq7bG8WuMVueH_U0zsu7V2lldq1WhZLPwvI;2008;https://ln5.sync.com/dl/fd2c58620/djxfs553-fj79b2pm-j9f4ghw8-yhz6d42r;Biology;Book;img/cover page/Harold Hillman/2008 - Evidence Based Cell Biology, With Some Implications For Clinical Research.webp
Difficulties With Current Research In Cell Biology And Suggested Solutions;Harold Hillman;https://raw.githubusercontent.com/peatysharing/bibliography/main/Harold%20Hillman/Harold%20Hillman%20-%20Difficulties%20With%20Current%20Research%20In%20Cell%20Biology%20And%20Suggested%20Solutions.pdf;https://mega.nz/file/9gYlxBDS#LKBBGUqmQKWCB0Nr8gzPrfhs9zmb_YY4JbFf6myQgF8;;;;;img/cover page/Harold Hillman/Difficulties With Current Research In Cell Biology And Suggested Solutions.webp
The History Of Neuroglial Clumps;Harold Hillman, David Jarman;https://raw.githubusercontent.com/peatysharing/bibliography/main/Harold%20Hillman/2010%20-%20Harold%20Hillman%3B%20David%20Jarman%20-%20The%20History%20Of%20Neuroglial%20Clumps.pdf;https://mega.nz/file/h8gkgCRR#Mzx43xrDSLigajhE1w41vohtS49PWzfjB9iyzmzX4I4;2010;;;Article;img/cover page/Harold Hillman/2010 - The History Of Neuroglial Clumps.webp
Area Changes In Slices Of Rat Brain During Preparation For Histology Or Electron Microscopy;Harold Hillman, Deutsch K;https://raw.githubusercontent.com/peatysharing/bibliography/main/Harold%20Hillman/1978%20-%20Harold%20Hillman%2C%20Deutsch%20K%20-%20Area%20Changes%20In%20Slices%20Of%20Rat%20Brain%20During%20Preparation%20For%20Histology%20Or%20Electron%20Microscopy.pdf;https://mega.nz/file/NkZ0FabL#aPXr8X-AdUBT1FIxl-VcoYVB6dMeDjBtGWibzBM6w3E;1978;;;Article;img/cover page/Harold Hillman/1978 - Area Changes In Slices Of Rat Brain During Preparation For Histology Or Electron Microscopy.webp
The Unit Membrane, The Endoplasmic Reticulum, And The Nuclear Pores Are Artefacts;Harold Hillman, Sartory P;https://raw.githubusercontent.com/peatysharing/bibliography/main/Harold%20Hillman/1977%20-%20Harold%20Hillman%2C%20Sartory%20P%20-%20The%20Unit%20Membrane%2C%20The%20Endoplasmic%20Reticulum%2C%20And%20The%20Nuclear%20Pores%20Are%20Artefacts.pdf;https://mega.nz/file/N5hySJCR#LNJwThqAaVZz_9paBnzx13-tKCJiSkp_TkECuid39AM;1977;;;Article;img/cover page/Harold Hillman/1977 - The Unit Membrane, The Endoplasmic Reticulum, And The Nuclear Pores Are Artefacts.webp
Basic Self-Knowledge. An Introduction to Esoteric Psychology (Gurdjieff, Krishnamurti);Harry Benjamin;;;1980;;;;
The Effect Of Fat Deficiency Upon Enzyme Activity In The Rat;Harry O. Kunkel, J. N. Williams;https://raw.githubusercontent.com/peatysharing/bibliography/main/Harry%20O.%20Kunkel/1951%20-%20Harry%20O.%20Kunkel%3B%20J.%20N.%20Williams%20-%20The%20Effect%20Of%20Fat%20Deficiency%20Upon%20Enzyme%20Activity%20In%20The%20Rat.pdf;https://mega.nz/file/h8h2QaxB#C6U7ihp9VMs4chZaIZZekGbiVfCG2KsQqZVQDLj-g0w;1951;;;Article;img/cover page/Harry O. Kunkel/1951 - The Effect Of Fat Deficiency Upon Enzyme Activity In The Rat.webp
Gurdjieff's System Of Human Development;Hary Benjamin;https://raw.githubusercontent.com/peatysharing/bibliography/main/George%20Ivanovich%20Gurdhieff/1971%20-%20Hary%20Benjamin%20-%20Gurdjieff%27s%20System%20Of%20Human%20Development.pdf;https://mega.nz/file/U5ZT0JbL#LpEptOQ_Biv-ylXA13MswbSP0mi7ew2ThQY_FAVHugE;1971;;;Article;img/cover page/George Ivanovich Gurdhieff/1971 - Gurdjieff's System Of Human Development.webp
Essai Sur Les Donnees Immediates De La Conscience;Henri Bergson;https://raw.githubusercontent.com/peatysharing/bibliography/main/Henri%20Bergson/1888%20-%20Henri%20Bergson%20-%20Essai%20Sur%20Les%20Donnees%20Immediates%20De%20La%20Conscience.pdf;https://mega.nz/file/A0Y1yKiL#fByK2ZKPVeAQDu0HB7y6zCJjR4JLDm59HZVospImLHY;1888;;;;img/cover page/Henri Bergson/1888 - Essai Sur Les Donnees Immediates De La Conscience.webp
L'évolution-créatrice;Henri Bergson;https://raw.githubusercontent.com/peatysharing/bibliography/main/Henri%20Bergson/1907%20-%20Henri%20Bergson%20-%20L%27%C3%A9volution-cr%C3%A9atrice.pdf;https://mega.nz/file/dkIDgSIC#SJjxbQO3d0P-HqY05loT9mGM9SMHmOIFp8s7ndYB7JQ;1907;;;;img/cover page/Henri Bergson/1907 - L'évolution-créatrice.webp
Creative Evolution;Henri Bergson;https://raw.githubusercontent.com/peatysharing/bibliography/main/Henri%20Bergson/1911%20-%20Henri%20Bergson%20-%20Creative%20Evolution.pdf;https://mega.nz/file/BsRVDALa#a5aj9oyu38W0uo8tc86jiwkGMKHTkRP6siisALV6yDI;1911;;;;img/cover page/Henri Bergson/1911 - Creative Evolution.webp
An Introduction To Metaphysics;Henri Bergson;https://raw.githubusercontent.com/peatysharing/bibliography/main/Henri%20Bergson/1916%20-%20Henri%20Bergson%20-%20An%20Introduction%20To%20Metaphysics.pdf;https://mega.nz/file/AtZSwboR#gFn5gYsBo3AdMzvoDpO5YheMWgJG5NGCUralXMx_9kE;1916;;;Book;img/cover page/Henri Bergson/1916 - An Introduction To Metaphysics.webp
Bases Physio-Biologiques Et Principes Généraux De Réanimation;Henri Laborit;https://raw.githubusercontent.com/peatysharing/bibliography/main/Henri%20Laborit/1958%20-%20Henri%20Laborit%20-%20Bases%20Physio-Biologiques%20Et%20Principes%20G%C3%A9n%C3%A9raux%20De%20R%C3%A9animation.pdf;https://mega.nz/file/UwZAyCQb#P-4pAC9Uq2DJ4wDPYdPZxEmfV_IZQT0PFg2mJdcUTSo;1958;;;Book;img/cover page/Henri Laborit/1958 - Bases Physio-Biologiques Et Principes Généraux De Réanimation.webp
Physiologie Humaine, Cellulaire Et Organique;Henri Laborit;https://raw.githubusercontent.com/peatysharing/bibliography/main/Henri%20Laborit/1961%20-%20Henri%20Laborit%20-%20Physiologie%20Humaine%2C%20Cellulaire%20Et%20Organique.pdf;https://mega.nz/file/0hInhaRa#NUf_l1Im9DpN45iXOpJbN_aq0OHf7fjWMog2e5-lsAU;1961;;;Book;img/cover page/Henri Laborit/1961 - Physiologie Humaine, Cellulaire Et Organique.webp
Neurophysiologie, Aspects Métaboliques Et Pharmacologiques;Henri Laborit;https://raw.githubusercontent.com/peatysharing/bibliography/main/Henri%20Laborit/1969%20-%20Henri%20Laborit%20-%20Neurophysiologie%2C%20Aspects%20M%C3%A9taboliques%20Et%20Pharmacologiques.pdf;https://mega.nz/file/IhA2HbJD#mjIxtJPLbZYOST0ylPb64NQ9ab7-Lcf71PwrjCPFb5s;1969;;;Book;img/cover page/Henri Laborit/1969 - Neurophysiologie, Aspects Métaboliques Et Pharmacologiques.webp
The Trace Elements And Man;Henry A. Schroeder;https://raw.githubusercontent.com/peatysharing/bibliography/main/Henry%20Alfred%20Schroeder/1973%20-%20Henry%20A.%20Schroeder%20-%20The%20Trace%20Elements%20And%20Man.pdf;https://mega.nz/file/d4QRBa7J#qE2j8P_rSqeYXcUiufYcLCOlTnE9_rJpTfb4CDR9XN0;1973;;;Book;img/cover page/Henry Alfred Schroeder/1973 - The Trace Elements And Man.webp
Abnormal Trace Metals In Man, Lead;Henry A. Schroeder, Joseph J. Balassa;https://raw.githubusercontent.com/peatysharing/bibliography/main/Henry%20Alfred%20Schroeder/1961%20-%20Henry%20A.%20Schroeder%3B%20Joseph%20J.%20Balassa%20-%20Abnormal%20Trace%20Metals%20In%20Man%2C%20Lead.pdf;https://mega.nz/file/Ugg0CBhR#hwJE_GmKShiGG24TiPNtiTzvba34MDR42xfzjZVsdJg;1961;;;Article;img/cover page/Henry Alfred Schroeder/1961 - Abnormal Trace Metals In Man, Lead.webp
The Origin And Evolution Of Life, On The Theory Of Action Reaction And Interaction Of Energy;Henry Fairfield Osborn;https://raw.githubusercontent.com/peatysharing/bibliography/main/Henry%20Fairfield%20Osborn/1921%20-%20Henry%20Fairfield%20Osborn%20-%20The%20Origin%20And%20Evolution%20Of%20Life%2C%20On%20The%20Theory%20Of%20Action%20Reaction%20And%20Interaction%20Of%20Energy.pdf;https://mega.nz/file/Z55iATAb#qpotICoWP0u3UB6QtEWt1hMvaBlBO_qX4_hFDAq4U8c;1921;;;Book;img/cover page/Henry Fairfield Osborn/1921 - The Origin And Evolution Of Life, On The Theory Of Action Reaction And Interaction Of Energy.webp
Velocity Of Light In The Magnetic Field;Henry Turner Eddy, Edward W. Morley, Dayton C. Miller;https://raw.githubusercontent.com/peatysharing/bibliography/main/Henry%20Turner%20Eddy/1898%20-%20Henry%20Turner%20Eddy%3B%20Edward%20W.%20Morley%3B%20Dayton%20C.%20Miller%20-%20Velocity%20Of%20Light%20In%20The%20Magnetic%20Field.pdf;https://mega.nz/file/Y4I3hJrK#XYT30lGm7w5O56nAILsrMnpvUJ6l-o0KmpWGdsTfcxk;1898;;;Article;img/cover page/Henry Turner Eddy/1898 - Velocity Of Light In The Magnetic Field.webp
Krebiozen. Key To Cancer;Herbert Bailey;https://raw.githubusercontent.com/peatysharing/bibliography/main/Herbert%20Bailey/1955%20-%20K%2C%20Herbert%20Bailey%20-%20Krebiozen.%20Key%20To%20Cancer.pdf;https://mega.nz/file/AxhwBbrC#lQ-xnPwgC5-6Vcz_2PpuB0UbB7enEpJ7Tm7tw8wkb2w;1955;;;;img/cover page/Herbert Bailey/1955 - Krebiozen. Key To Cancer.webp
A matter Of Life Or Death - The Incredible Story Of Krebiozen;Herbert Bailey;https://raw.githubusercontent.com/peatysharing/bibliography/main/Herbert%20Bailey/1958%20-%20Herbert%20Bailey%20-%20A%20matter%20Of%20Life%20Or%20Death%20-%20The%20Incredible%20Story%20Of%20Krebiozen.pdf;https://mega.nz/file/I8gzDLgD#iyhDdf_4OmtPAVdrMEkTtMOO4F5EwbQKMnuckpqrF2M;1958;;;;img/cover page/Herbert Bailey/1958 - A matter Of Life Or Death - The Incredible Story Of Krebiozen.webp
Vitamin E - Your Key To a Healthy Heart;Herbert Bailey;https://raw.githubusercontent.com/peatysharing/bibliography/main/Herbert%20Bailey/1971%20-%20Herbert%20Bailey%20-%20Vitamin%20E%20-%20Your%20Key%20To%20a%20Healthy%20Heart.pdf;https://mega.nz/file/s9pzSIqI#VOD0Nm5YM4i8QbwnV6OuG6WmT8qGX0XplFRkyk6O-iA;1971;;;;img/cover page/Herbert Bailey/1971 - Vitamin E - Your Key To a Healthy Heart.webp
GH3 Will it Keep You Younger Longer;Herbert Bailey;https://raw.githubusercontent.com/peatysharing/bibliography/main/Herbert%20Bailey/1980%20-%20Herbert%20Bailey%20-%20GH3%20Will%20it%20Keep%20You%20Younger%20Longer.pdf;https://mega.nz/file/JhISjJ5I#PXhdbIBg6Kay83pK9FIfyf4eX29iDWJMy6PDarHdadY;1980;;;;img/cover page/Herbert Bailey/1980 - GH3 Will it Keep You Younger Longer.webp
E - The Essential Vitamin;Herbert Bailey;https://raw.githubusercontent.com/peatysharing/bibliography/main/Herbert%20Bailey/1983%20-%20Herbert%20Bailey%20-%20E%20-%20The%20Essential%20Vitamin.pdf;https://mega.nz/file/Ml5lUTZb#VvsRWYf4SZVsrASu1Hbo6x3uZywHrXS475PB6L6OuKo;1983;;;;img/cover page/Herbert Bailey/1983 - E - The Essential Vitamin.webp
Vitamin E. For a Healthy Heart and a Longer Life;Herbert Bailey;https://raw.githubusercontent.com/peatysharing/bibliography/main/Herbert%20Bailey/1993%20-%20Herbert%20Bailey%20-%20Vitamin%20E.%20For%20a%20Healthy%20Heart%20and%20a%20Longer%20Life.pdf;https://mega.nz/file/p5ZgHRYJ#BzMnEEx_rpMLIbKD1ldRhmFMR8OtEgHJlaqoDvY1I7M;1993;;;;img/cover page/Herbert Bailey/1993 - Vitamin E. For a Healthy Heart and a Longer Life.webp
Time, Energy, And Body Size;Herman Rahn;https://raw.githubusercontent.com/peatysharing/bibliography/main/Herman%20Rahn/1989%20-%20Herman%20Rahn%20-%20Time%2C%20Energy%2C%20And%20Body%20Size.pdf;https://mega.nz/file/Nk5gxDbQ#QMHqjc0qVqkOMTWbFSvofAy2_czP1B372TEFzDcOtxg;1989;;;Article;img/cover page/Herman Rahn/1989 - Time, Energy, And Body Size.webp
Treatise On Physiological Optics, Volume 3;Hermann Von Helmholtz;https://raw.githubusercontent.com/peatysharing/bibliography/main/Hermann%20Von%20Helmholtz/1965%20-%20Hermann%20Von%20Helmholtz%20-%20Treatise%20On%20Physiological%20Optics%2C%20Volume%203.pdf;https://mega.nz/file/R5wUFK4Q#bqBiVoKFhaQJ-H-KZfj609WUBF3DyVcvVNxG-GBHqCs;1965;;;Book;img/cover page/Hermann Von Helmholtz/1965 - Treatise On Physiological Optics, Volume 3.webp
Proposed Experimental Test of Neutrino Sea as a Subquantic Medium;Horace Chester Dudley;https://raw.githubusercontent.com/peatysharing/bibliography/main/Horace%20Chester%20Dudley/1970%20-%20Horace%20Chester%20Dudley%20-%20Proposed%20Experimental%20Test%20of%20Neutrino%20Sea%20as%20a%20Subquantic%20Medium.pdf;https://mega.nz/file/p85RxJjR#CADgQm5BFMbUWw-XnTa-uOrVVq-ZgoDe0wkCwy6PgSE;1970;;;Article;img/cover page/Horace Chester Dudley/1970 - Proposed Experimental Test of Neutrino Sea as a Subquantic Medium.webp
The Morality Of Nuclear Planning;Horace Chester Dudley;https://raw.githubusercontent.com/peatysharing/bibliography/main/Horace%20Chester%20Dudley/1976%20-%20Horace%20Chester%20Dudley%20-%20The%20Morality%20Of%20Nuclear%20Planning.pdf;https://mega.nz/file/lgpmQIBa#dN558Bs8NaEAWWF7sT2XIn9RqNQXm7dvsNWrsQ1T_TQ;1976;;;;img/cover page/Horace Chester Dudley/1976 - The Morality Of Nuclear Planning.webp
The Rediscovery of the Ether;Horace Chester Dudley;https://raw.githubusercontent.com/peatysharing/bibliography/main/Horace%20Chester%20Dudley/1977%20-%20Horace%20Chester%20Dudley%20-%20The%20Rediscovery%20of%20the%20Ether.pdf;https://mega.nz/file/UgZ0FSQQ#tSaGdCyt6cBaM7fQYR9PoQeWXIdz34nVAwfFMuVB158;1977;;;Article;img/cover page/Horace Chester Dudley/1977 - The Rediscovery of the Ether.webp
Changes In Higher Nervous Activity As A Result Of Controlled Imagination;I. I. Korotkin;https://raw.githubusercontent.com/peatysharing/bibliography/main/I.%20I.%20Korotkin/1965%20-%20I.%20I.%20Korotkin%20-%20Changes%20In%20Higher%20Nervous%20Activity%20As%20A%20Result%20Of%20Controlled%20Imagination.pdf;https://mega.nz/file/9sAHmI7a#vW07dH2_z2ThZpr14CQeSkTzILL91HwqGX7lCtyOX2Q;1965;;;Article;img/cover page/I. I. Korotkin/1965 - Changes In Higher Nervous Activity As A Result Of Controlled Imagination.webp
The Clinical Significance Of The Essential Biological Metals;I. J. T. Davies;https://raw.githubusercontent.com/peatysharing/bibliography/main/I.%20J.%20T.%20Davies/1972%20-%20I.%20J.%20T.%20Davies%20-%20The%20Clinical%20Significance%20Of%20The%20Essential%20Biological%20Metals.pdf;https://mega.nz/file/o4gjBbDL#kMbugQRVVfKrgfspzQH26o-GdgkAwxCoA3G3gzbtnKc;1972;;;Book;img/cover page/I. J. T. Davies/1972 - The Clinical Significance Of The Essential Biological Metals.webp
Cybernetics Today;I.m. Markov;https://raw.githubusercontent.com/peatysharing/bibliography/main/I.M.%20Markov/1984%20-%20I.m.%20Markov%20-%20Cybernetics%20Today.pdf;https://mega.nz/file/c950TKzb#j2qCGyWqzqsZAv6Zvy_8ZqceEzCliAzCX_rseWahHtU;1984;https://ln5.sync.com/dl/69cae1850/u2xw68en-32jxnmm2-jxga6u4w-qp4p93mx;Cybernetics;Book;img/cover page/I.M. Markov/1984 - Cybernetics Today.webp
Cybernetics Of Living Matter;I.m. Markov;https://raw.githubusercontent.com/peatysharing/bibliography/main/I.M.%20Markov/1987%20-%20I.m.%20Markov%20-%20Cybernetics%20Of%20Living%20Matter.pdf;https://mega.nz/file/kkgkiKwK#zDCyYQY4UpJgUyaNV1vIIDmFaBKi1jR0jBdxaXKcoko;1987;https://ln5.sync.com/dl/6d4b83f80/3xzec7zw-qigapdzq-bkc3uimi-ru376wzb;Cybernetics;Book;img/cover page/I.M. Markov/1987 - Cybernetics Of Living Matter.webp
Ovarian Morphological and Functional Changes in Reproductively Senescent Hamsters;Ian H. Thorneycroft, A. L. Soderwall;https://raw.githubusercontent.com/peatysharing/bibliography/main/Arnold%20L.%20Soderwall/1969%20-%20Ian%20H.%20Thorneycroft%3B%20A.%20L.%20Soderwall%20-%20Ovarian%20Morphological%20and%20Functional%20Changes%20in%20Reproductively%20Senescent%20Hamsters.pdf;https://mega.nz/file/l1wCECCQ#-f3QYAFAt-2PmZaGyWPp0GYnRS3xRuqVjO8Fo8I1iJA;1969;;;;img/cover page/Arnold L. Soderwall/1969 - Ovarian Morphological and Functional Changes in Reproductively Senescent Hamsters.webp
Order Out Of Chaos. Man's New Dialogue With Nature;Ilya Prigogine, Isabelle Stengers;https://raw.githubusercontent.com/peatysharing/bibliography/main/Ilya%20Prigogine/1984%20-%20Ilya%20Prigogine%3B%20Isabelle%20Stengers%20-%20Order%20Out%20Of%20Chaos.%20Man%27s%20New%20Dialogue%20With%20Nature.pdf;https://mega.nz/file/B1QFXK5J#8IExrbczPAHwdbhaVWr1yDBS-86tbTgHqT9_vPd1L3w;1984;;;;img/cover page/Ilya Prigogine/1984 - Order Out Of Chaos. Man's New Dialogue With Nature.webp
The End of Certainty. Time, Chaos And The New Laws Of Nature;Ilya Prigogine, Isabelle Stengers;https://raw.githubusercontent.com/peatysharing/bibliography/main/Ilya%20Prigogine/1997%20-%20Ilya%20Prigogine%3B%20Isabelle%20Stengers%20-%20The%20End%20of%20Certainty.%20Time%2C%20Chaos%20And%20The%20New%20Laws%20Of%20Nature.pdf;https://mega.nz/file/o9wHXKqL#eg42QetlehHuPOwvdyW4YA0jIIlhabraJ8EolpVGW8k;1997;;;;img/cover page/Ilya Prigogine/1997 - The End of Certainty. Time, Chaos And The New Laws Of Nature.webp
Vitamins In Endocrine Metabolism;Isobel Winifred Jennings;https://raw.githubusercontent.com/peatysharing/bibliography/main/Isobel%20Winifred%20Jennigs/1970%20-%20Isobel%20Winifred%20Jennings%20-%20Vitamins%20In%20Endocrine%20Metabolism.pdf;https://mega.nz/file/QkogQR6T#Ik4G2ixCpV_euZiWMvzj5KX8FCl4LtFHQEa-ynJDh8A;1970;;;Book;img/cover page/Isobel Winifred Jennings/1970 - Vitamins In Endocrine Metabolism.webp
Medical Nemesis The Expropriation Of Health;Ivan Illich;https://raw.githubusercontent.com/peatysharing/bibliography/main/Ivan%20Illich/1926%20-%20Ivan%20Illich%20-%20Medical%20Nemesis%20The%20Expropriation%20Of%20Health.pdf;https://mega.nz/file/Z4gVAYTL#DFAiiLPwM7ndvgDonEXs1PwRtDCzaookZV1-2lMrpeY;1926;https://ln5.sync.com/dl/b0f1c61f0/ijczyxgn-yykyqe7v-g8k8arqx-62bpfbq6;Medecin;Book;img/cover page/Ivan Illich/1926 - Medical Nemesis The Expropriation Of Health.webp
Selected Physiological And Psychological Works;Ivan Mikhailovich Sechenov;https://raw.githubusercontent.com/peatysharing/bibliography/main/Ivan%20Mikhailovich%20Sechenov/1962%20-%20Ivan%20Mikhailovich%20Sechenov%20-%20Selected%20Physiological%20And%20Psychological%20Works.pdf;https://mega.nz/file/ZwI11BBJ#oAcRmnB7RCHDKIseSgfJxQLZXB6iTCKnPebT-ayNt9c;1962;;;Book;img/cover page/Ivan Mikhailovich Sechenov/1962 - Selected Physiological And Psychological Works.webp
Autobiographical Notes;Ivan Mikhailovich Sechenov;https://raw.githubusercontent.com/peatysharing/bibliography/main/Ivan%20Mikhailovich%20Sechenov/1965%20-%20Ivan%20Mikhailovich%20Sechenov%20-%20Autobiographical%20Notes.pdf;https://mega.nz/file/VsYhmboL#aaWAXKHXjZfYXYO1f284xoU2iFSDPWkra-pZ6v6pd90;1965;;;Book;img/cover page/Ivan Mikhailovich Sechenov/1965 - Autobiographical Notes.webp
Reflexes Of The Brain;Ivan Mikhailovich Sechenov;https://raw.githubusercontent.com/peatysharing/bibliography/main/Ivan%20Mikhailovich%20Sechenov/1965%20-%20Ivan%20Mikhailovich%20Sechenov%20-%20Reflexes%20Of%20The%20Brain.pdf;https://mega.nz/file/t1gT2B5A#ImAk7S0yrMHHF5q9W5Izf0UTfYd9tOb4ClXgqEwiVaQ;1965;;;Book;img/cover page/Ivan Mikhailovich Sechenov/1965 - Reflexes Of The Brain.webp
Selected Works;Ivan Mikhailovich Sechenov;https://raw.githubusercontent.com/peatysharing/bibliography/main/Ivan%20Mikhailovich%20Sechenov/1968%20-%20Ivan%20Mikhailovich%20Sechenov%20-%20Selected%20Works.pdf;https://mega.nz/file/popBnQzJ#GpuEqdg1HytMaJIORPrB2_iAF__qDs6p2CKA2yS47Lk;1968;;;Book;img/cover page/Ivan Mikhailovich Sechenov/1968 - Selected Works.webp
Conditioned Reflexes;Ivan Pavlov;https://raw.githubusercontent.com/peatysharing/bibliography/main/Ivan%20Pavlov/1926%20-%20Ivan%20Pavlov%20-%20Conditioned%20Reflexes.pdf;https://mega.nz/file/p5BySYjC#8l6LFGQkGtISqON7GaEmNoW15TwYFDnuCbCpVHtnzT4;1926;https://ln5.sync.com/dl/fc9525da0/u2hsqky7-dsxtubyj-e4k5jaek-z25qaubc;Endocrinology;Book;img/cover page/Ivan Pavlov/1926 - Conditioned Reflexes.webp
Lectures on Conditioned Reflexes, Volume 1;Ivan Pavlov;https://raw.githubusercontent.com/peatysharing/bibliography/main/Ivan%20Pavlov/1928%20-%20Ivan%20Pavlov%20-%20Lectures%20on%20Conditioned%20Reflexes%2C%20Volume%201.pdf;https://mega.nz/file/w4YHWDSQ#G5gaoCwI0FDcarJnsWMWQD1GXCQwLqityFa0GHgih1I;1928;;;Book;img/cover page/Ivan Pavlov/1928 - Lectures on Conditioned Reflexes, Volume 1.webp
Lectures on Conditioned Reflexes, Volume 2;Ivan Pavlov;https://raw.githubusercontent.com/peatysharing/bibliography/main/Ivan%20Pavlov/1941%20-%20Ivan%20Pavlov%20-%20Lectures%20on%20Conditioned%20Reflexes%2C%20Volume%202.pdf;https://mega.nz/file/U1IjyLAA#Cfqw7MDx2ty_ucmvd_pF62QLC02AgwKImofPeQF1RwA;1941;;;Book;img/cover page/Ivan Pavlov/1941 - Lectures on Conditioned Reflexes, Volume 2.webp
Selected Works (Part 1);Ivan Pavlov;https://raw.githubusercontent.com/peatysharing/bibliography/main/Ivan%20Pavlov/1955%20-%20Ivan%20Pavlov%20-%20Selected%20Works%20%28Part%201%29.pdf;https://mega.nz/file/Ep5ECCJL#Id9LUfuIOr61MfiA2wrvMmMePj-7wTOVDBxdSVCBwb4;1955;;;Book;img/cover page/Ivan Pavlov/1955 - Selected Works.webp
Selected Works (Part 2);Ivan Pavlov;https://raw.githubusercontent.com/peatysharing/bibliography/main/Ivan%20Pavlov/1955%20-%20Ivan%20Pavlov%20-%20Selected%20Works%20%28Part%202%29.pdf;https://mega.nz/file/MlRwkJ6R#IcOk8wz-GDOG9jrnCXO9ySyhBENi8E2_UClghoc9l1c;1955;;;Book;img/cover page/Ivan Pavlov/1955 - Selected Works.webp
Psychopathology And Psychiatry, Selected Works (Part 1);Ivan Pavlov;https://raw.githubusercontent.com/peatysharing/bibliography/main/Ivan%20Pavlov/1960%20-%20Ivan%20Pavlov%20-%20Psychopathology%20And%20Psychiatry%2C%20Selected%20Works%20%28Part%201%29.pdf;https://mega.nz/file/h5oRgDxK#azBkd50obap5ABYcAueLOnKmmNouffCMJlfNSilSTm4;1960;;;Book;img/cover page/Ivan Pavlov/1960 - Psychopathology And Psychiatry, Selected Works.webp
Psychopathology And Psychiatry, Selected Works (Part 2);Ivan Pavlov;https://raw.githubusercontent.com/peatysharing/bibliography/main/Ivan%20Pavlov/1960%20-%20Ivan%20Pavlov%20-%20Psychopathology%20And%20Psychiatry%2C%20Selected%20Works%20%28Part%202%29.pdf;https://mega.nz/file/ws4CzYrA#CK5fkcc4oiQ-UX0w71KcEDDzMhV82OQrpojlKKLRCW0;1960;;;Book;img/cover page/Ivan Pavlov/1960 - Psychopathology And Psychiatry, Selected Works.webp
Unsuspected Benzyl Alcohol Hypersensitivity;J. Andrew Grant, Paul A. Bilodeau, Braock G. Guernsey, Frank H. Gardner;https://raw.githubusercontent.com/peatysharing/bibliography/main/J.%20Andrew%20Grant/1982%20-%20J.%20Andrew%20Grant%3B%20Paul%20A.%20Bilodeau%3B%20Braock%20G.%20Guernsey%3B%20Frank%20H.%20Gardner%20-%20Unsuspected%20Benzyl%20Alcohol%20Hypersensitivity.pdf;https://mega.nz/file/ghAgBY6K#F5kOUs31dlD2AkTxQg4-8k7teJ4V-smFdQY6FjV-G78;1982;;;Article;img/cover page/J. Andrew Grant/1982 - Unsuspected Benzyl Alcohol Hypersensitivity.webp
La Insuficiencia Progestacional Del Endometrio;J. Coms, L. Pous;https://raw.githubusercontent.com/peatysharing/bibliography/main/J.%20Coms/1960%20-%20J.%20Coms%3B%20L.%20Pous%20-%20La%20Insuficiencia%20Progestacional%20Del%20Endometrio.pdf;https://mega.nz/file/JooEBRjb#wcCK7dnxDHPrfYmoiEQlzjFKIyVoAGThtvXB0pEwNIE;1960;;;Article;img/cover page/J. Coms/1960 - La Insuficiencia Progestacional Del Endometrio.webp
Motion Stereoscopy;J. H.  Fremlin;https://raw.githubusercontent.com/peatysharing/bibliography/main/J.%20H.%20Fremlin/1972%20-%20J.%20H.%20%20Fremlin%20-%20Motion%20Stereoscopy.pdf;https://mega.nz/file/d0hS3YjC#NQOox8SiyLRKAZcBoFNLqpgkgxtEa3WSaCWmdv1QPnc;1972;;;;img/cover page/J. H. Fremlin/1972 - Motion Stereoscopy.webp
Magnesium, The Nutrient That Could Change Your Life;J. I. Rodale;https://raw.githubusercontent.com/peatysharing/bibliography/main/J.%20I.%20Rodale/1968%20-%20J.%20I.%20Rodale%20-%20Magnesium%2C%20The%20Nutrient%20That%20Could%20Change%20Your%20Life.pdf;https://mega.nz/file/UwRTjLgC#IEUpzCHHc3iSWw6uhAmXH56lioEg0G5snYNdA05U9LU;1968;;;Book;img/cover page/J. I. Rodale/1968 - Magnesium, The Nutrient That Could Change Your Life.webp
The Effect Of Magnesium Deficiency On Oxidative Phosphorylation;J. J. Vitale, M. Nakamura, D. M. Hegsted;https://raw.githubusercontent.com/peatysharing/bibliography/main/J.%20J.%20Vitale/1957%20-%20J.%20J.%20Vitale%3B%20M.%20Nakamura%3B%20D.%20M.%20Hegsted%20-%20The%20Effect%20Of%20Magnesium%20Deficiency%20On%20Oxidative%20Phosphorylation.pdf;https://mega.nz/file/ttYUDBjS#TSLt8nn186iQ-MbCJQiIb1e68Ql3vxAGtScNv9bF-O4;1957;;;Article;img/cover page/J. J. Vitale/1957 - The Effect Of Magnesium Deficiency On Oxidative Phosphorylation.webp
Source Of Estrogen Production In Postmenopausal Women;J. M. Grodin, P. K. Siiteri, P. C. Macdonald;https://raw.githubusercontent.com/peatysharing/bibliography/main/J.%20M.%20Grodin/1973%20-%20J.%20M.%20Grodin%3B%20P.%20K.%20Siiteri%3B%20P.%20C.%20Macdonald%20-%20Source%20Of%20Estrogen%20Production%20In%20Postmenopausal%20Women.pdf;https://mega.nz/file/8p4DWQia#P9rFpK2yGxTQM1uKr-ZPJR-11t8W5n-8P6qxlJ4ao3I;1973;;;Article;img/cover page/J. M. Grodin/1973 - Source Of Estrogen Production In Postmenopausal Women.webp
Appearance Of Acetylcholine Receptors During Differentiation;J. Patrick, S. F. Heinemann, J. Lindstrom, D. Schubert;https://raw.githubusercontent.com/peatysharing/bibliography/main/J.%20Patrick/1972%20-%20J.%20Patrick%3B%20S.%20F.%20Heinemann%3B%20J.%20Lindstrom%3B%20D.%20Schubert%20-%20Appearance%20Of%20Acetylcholine%20Receptors%20During%20Differentiation.pdf;https://mega.nz/file/84xXSApQ#taVtGXWRU9Bj3j015ICk8q11olA4qEkw3GJlOG3s5fc;1972;;;Article;img/cover page/J. Patrick/1972 - Appearance Of Acetylcholine Receptors During Differentiation.webp
Methods Of Air Analysis;J. S Haldane, J. Ivon Graham;https://raw.githubusercontent.com/peatysharing/bibliography/main/John%20Scott%20Haldane/1935%20-%20J.%20S%20Haldane%3B%20J.%20Ivon%20Graham%20-%20Methods%20Of%20Air%20Analysis.pdf;https://mega.nz/file/RphjhKCD#FCUMWzyJXQ4_K-vpATXjAdmx2HWxzl9kTNujfwISaQA;1935;;;Book;img/cover page/John Scott Haldane/1935 - Methods Of Air Analysis.webp
Respiration;J. S. Haldane;https://raw.githubusercontent.com/peatysharing/bibliography/main/John%20Scott%20Haldane/1922%20-%20J.%20S.%20Haldane%20-%20Respiration.pdf;https://mega.nz/file/04gjyT4J#JAyq33PTq2v_yqNaQLVB0v4Nlq0xXuAy-7mLEMSJ6ZU;1922;;;Book;img/cover page/John Scott Haldane/1922 - Respiration.webp
The Sciences And Philosophy;J. S. Haldane;https://raw.githubusercontent.com/peatysharing/bibliography/main/John%20Scott%20Haldane/1929%20-%20J.%20S.%20Haldane%20-%20The%20Sciences%20And%20Philosophy.pdf;https://mega.nz/file/c5QmQQAa#BfxsrYYu9SyRvZyqPH1pHvyyRsjVgIxxtT3aSriZ5p4;1929;;;Book;img/cover page/John Scott Haldane/1929 - The Sciences And Philosophy.webp
The Philosophy Of A Biologist;J. S. Haldane;https://raw.githubusercontent.com/peatysharing/bibliography/main/John%20Scott%20Haldane/1935%20-%20J.%20S.%20Haldane%20-%20The%20Philosophy%20Of%20A%20Biologist.pdf;https://mega.nz/file/FhB2DRzK#W0pk8zLt5HUXTqYzOip9BncntQZNBo0-iBXAjOEL9oY;1935;;;Book;img/cover page/John Scott Haldane/1935 - The Philosophy Of A Biologist.webp
Response to Breeding experiments on the inheritance of acquired characters;J. T. Cunningham;https://raw.githubusercontent.com/peatysharing/bibliography/main/Paul%20Kammerer/05-26-1923%20-%20cunningham%20-%20Response%20to%20Breeding%20experiments%20on%20the%20inheritance%20of%20acquired%20characters.pdf;https://mega.nz/file/tpAG3ZAJ#CFQwNiLgvycUA7J4HxSXbdmhhgRzmUtDj6qU-EN8WUU;1923;;;;img/cover page/Paul Kammerer/1923 - Response to Breeding experiments on the inheritance of acquired characters.webp
Psychic And Spiritual Experiences, Health, Well-being, And Meaning In Life;J.E. Kennedy, H. Kanthamani, John Palmer;https://raw.githubusercontent.com/peatysharing/bibliography/main/J.E.%20Kennedy/1984%20-%20J.E.%20Kennedy%3B%20H.%20Kanthamani%3B%20John%20Palmer%20-%20Psychic%20And%20Spiritual%20Experiences%2C%20Health%2C%20Well-being%2C%20And%20Meaning%20In%20Life.pdf;https://mega.nz/file/l0ARWTiY#FC6g-WsP4qd_MC6UhxJIkFrt-Xcdd-nXy4OCH1NgIvQ;1984;https://ln5.sync.com/dl/84c04ff80/dj7kew3a-qvzy9wx6-75khyqgg-t7qfaqad;Paranormal;Article;img/cover page/J.E. Kennedy/1984 - Psychic And Spiritual Experiences, Health, Well-being, And Meaning In Life.webp
Studies In General Physiology;Jacques Loeb;https://raw.githubusercontent.com/peatysharing/bibliography/main/Jacques%20Loeb/1905%20-%20Jacques%20Loeb%20-%20Studies%20In%20General%20Physiology.pdf;https://mega.nz/file/cpwE2YjJ#W2-Ql4YtySrb5Mia5nqrrZLY2ZhujZmSsTeCmz3Yhvg;1905;;;Book;img/cover page/Jacques Loeb/1905 - Studies In General Physiology.webp
Response In The Living And Non-Living;Jagadis Chunder Bose;https://raw.githubusercontent.com/peatysharing/bibliography/main/Jagadis%20Chunder%20Bose/1902%20-%20Jagadis%20Chunder%20Bose%20-%20Response%20In%20The%20Living%20And%20Non-Living.pdf;https://mega.nz/file/soATmbpZ#cMMS6256Whcuw1oycws_mhXqtJoyXRmQpQnWCvV_Gj0;1902;;;;img/cover page/Jagadis Chunder Bose/1902 - Response In The Living And Non-Living.webp
Plant Response As A Means Of Physiological Investigation;Jagadis Chunder Bose;https://raw.githubusercontent.com/peatysharing/bibliography/main/Jagadis%20Chunder%20Bose/1906%20-%20Jagadis%20Chunder%20Bose%20-%20Plant%20Response%20As%20A%20Means%20Of%20Physiological%20Investigation.pdf;https://mega.nz/file/pwwl3CTY#_c5mVZB7UBHwPY8J0vCCR9YLW8OCCgDu5djqF3YMb8k;1906;;;;img/cover page/Jagadis Chunder Bose/1906 - Plant Response As A Means Of Physiological Investigation.webp
Comparative Electro-Physiology, A Physico-Physiological Study;Jagadis Chunder Bose;https://raw.githubusercontent.com/peatysharing/bibliography/main/Jagadis%20Chunder%20Bose/1907%20-%20Jagadis%20Chunder%20Bose%20-%20Comparative%20Electro-Physiology%2C%20A%20Physico-Physiological%20Study.pdf;https://mega.nz/file/IpwwARYB#p8f8yYDBqQ6mMUYkyTdFb2En4-fA11hxjiNYn3b5mhY;1907;;;;img/cover page/Jagadis Chunder Bose/1907 - Comparative Electro-Physiology, A Physico-Physiological Study.webp
Research On Irritability Of Plants;Jagadis Chunder Bose;https://raw.githubusercontent.com/peatysharing/bibliography/main/Jagadis%20Chunder%20Bose/1913%20-%20Jagadis%20Chunder%20Bose%20-%20Research%20On%20Irritability%20Of%20Plants.pdf;https://mega.nz/file/B9JAFLTJ#IcO6SRw1Jclplsd0mojIuMKWbD54NEJ5gifbCXtNRqQ;1913;;;;img/cover page/Jagadis Chunder Bose/1913 - Research On Irritability Of Plants.webp
Life Movements In Plants;Jagadis Chunder Bose;https://raw.githubusercontent.com/peatysharing/bibliography/main/Jagadis%20Chunder%20Bose/1923%20-%20Jagadis%20Chunder%20Bose%20-%20Life%20Movements%20In%20Plants.pdf;https://mega.nz/file/0wQE1CCQ#awta4MPeabsQdeU_7KJoci2qz7Y6n8_I7x4XCNOX3WA;1923;;;;img/cover page/Jagadis Chunder Bose/1923 - Life Movements In Plants.webp
The Physiology Of The Ascent Of Sap;Jagadis Chunder Bose;https://raw.githubusercontent.com/peatysharing/bibliography/main/Jagadis%20Chunder%20Bose/1923%20-%20Jagadis%20Chunder%20Bose%20-%20The%20Physiology%20Of%20The%20Ascent%20Of%20Sap.pdf;https://mega.nz/file/w4IV1LaY#rJXd_9lbB3NjDqW8d1wDSdSSzPJHStqbyO5aoSLVZ1k;1923;;;;img/cover page/Jagadis Chunder Bose/1923 - The Physiology Of The Ascent Of Sap.webp
The Physiology Of Photosynthesis;Jagadis Chunder Bose;https://raw.githubusercontent.com/peatysharing/bibliography/main/Jagadis%20Chunder%20Bose/1924%20-%20Jagadis%20Chunder%20Bose%20-%20The%20Physiology%20Of%20Photosynthesis.pdf;https://mega.nz/file/9sI01JjL#MfNsO8xgUOo4Zr4uAghwezBOS-5Fos78Q5IUDJPfBpA;1924;;;;img/cover page/Jagadis Chunder Bose/1924 - The Physiology Of Photosynthesis.webp
The Nervous Mechanism Of Plants;Jagadis Chunder Bose;https://raw.githubusercontent.com/peatysharing/bibliography/main/Jagadis%20Chunder%20Bose/1926%20-%20Jagadis%20Chunder%20Bose%20-%20The%20Nervous%20Mechanism%20Of%20Plants.pdf;https://mega.nz/file/4hIUSZJS#sZpORZr0h7Qh8Qce2Okxcx1zhod5suPm519dbJsGGI8;1926;;;;img/cover page/Jagadis Chunder Bose/1926 - The Nervous Mechanism Of Plants.webp
Plant-Autographs And Their Revelations;Jagadis Chunder Bose, Donald W. C. Hood;https://raw.githubusercontent.com/peatysharing/bibliography/main/Jagadis%20Chunder%20Bose/1914%20-%20Jagadis%20Chunder%20Bose%3B%20Donald%20W.%20C.%20Hood%20-%20Plant-Autographs%20And%20Their%20Revelations.pdf;https://mega.nz/file/MtZFnLSB#bm0U6NY-LEHolAePcFfFJzH_FdqXGdk7OS_IvW64Kq0;1914;;;;img/cover page/Jagadis Chunder Bose/1914 - Plant-Autographs And Their Revelations.webp
Electro-Magnetic Radiation And The Polarisation Of The Electric Ray;Jagadis Chunder Bose, James Crichton-Browne;https://raw.githubusercontent.com/peatysharing/bibliography/main/Jagadis%20Chunder%20Bose/1897%20-%20Jagadis%20Chunder%20Bose%3B%20James%20Crichton-Browne%20-%20Electro-Magnetic%20Radiation%20And%20The%20Polarisation%20Of%20The%20Electric%20Ray.pdf;https://mega.nz/file/05pBAaCC#DOMZltFiTIdTzm8sZzm6FWDsXeKZT8eUmREvjuK9khg;1897;;;;img/cover page/Jagadis Chunder Bose/1897 - Electro-Magnetic Radiation And The Polarisation Of The Electric Ray.webp
Mobile Genetic Elements;James Alan Shapiro;https://raw.githubusercontent.com/peatysharing/bibliography/main/James%20Alan%20Shapiro/1983%20-%20James%20Alan%20Shapiro%20-%20Mobile%20Genetic%20Elements.pdf;https://mega.nz/file/pk5j3QoJ#UqL0ovGCBKd9-F5gyAyfOhy7faRyDu5Yb-m0c-l_uyY;1983;;;Book;img/cover page/James Alan Shapiro/1983 - Mobile Genetic Elements.webp
Evolutionary Change Is Naturally Biological And Purposeful;James Alan Shapiro;https://raw.githubusercontent.com/peatysharing/bibliography/main/James%20Alan%20Shapiro/2023%20-%20James%20Alan%20Shapiro%20-%20Evolutionary%20Change%20Is%20Naturally%20Biological%20And%20Purposeful.pdf;https://mega.nz/file/c4QjzQwL#SCkO6psfFtVsztyElkrUeX3eMhh3szm7GrOjcJiBAd8;2023;;;Article;img/cover page/James Alan Shapiro/2023 - Evolutionary Change Is Naturally Biological And Purposeful.webp
Albert Schweitzer Essential Writings (1875-1965);James Brabazon;https://raw.githubusercontent.com/peatysharing/bibliography/main/Albert%20Schweitzer/2005%20-%20James%20Brabazon%20-%20Albert%20Schweitzer%20Essential%20Writings%20%281875-1965%29.pdf;https://mega.nz/file/Ehhw1QbC#0aWPg-xx5zWpNvTUN2PofBFqXpq5zBoGDkJ1F4dBMM4;2005;;;Book;img/cover page/Albert Schweitzer/2005 - Albert Schweitzer Essential Writings (1875-1965).webp
Methionine Metabolism In Mammals, Synthesis Of S-Adenosylhomocysteine In Rat Tissues;James D. Finkelstein, Barbara Harris;https://raw.githubusercontent.com/peatysharing/bibliography/main/James%20D.%20Finkelstein/1973%20-%20James%20D.%20Finkelstein%3B%20Barbara%20Harris%20-%20Methionine%20Metabolism%20In%20Mammals%2C%20Synthesis%20Of%20S-Adenosylhomocysteine%20In%20Rat%20Tissues.pdf;https://mega.nz/file/Ng5RgbAC#lTGu114eTTXKLeHVj2_rV1aT1dqtsmwM8ngcA7CC1qc;1973;;;Article;img/cover page/James D. Finkelstein/1973 - Methionine Metabolism In Mammals, Synthesis Of S-Adenosylhomocysteine In Rat Tissues.webp
The Chemical Feast;James S. Turner;https://raw.githubusercontent.com/peatysharing/bibliography/main/James%20S.%20Turner/1970%20-%20James%20S.%20Turner%20-%20The%20Chemical%20Feast.pdf;https://mega.nz/file/N5Q3jS6K#B_QAWdqaLa2ZLfvl62gO2kU9CQQOSen1J7ToBWgz7zc;1970;;;Book;img/cover page/James S. Turner/1970 - The Chemical Feast.webp
Body Pleasure And The Origins Of Violence;James W. Prescott;https://raw.githubusercontent.com/peatysharing/bibliography/main/James%20W.%20Prescott/1975%20-%20James%20W.%20Prescott%20-%20Body%20Pleasure%20And%20The%20Origins%20Of%20Violence.pdf;https://mega.nz/file/Ah5X2YiR#EGhiA7J_YhBOpkKOWvhuEDH3da1qtMH5dU0Pj1Ock2g;1975;;;Article;img/cover page/James W. Prescott/1975 - Body Pleasure And The Origins Of Violence.webp
The Origins Of Human Love And Violence;James W. Prescott;https://raw.githubusercontent.com/peatysharing/bibliography/main/James%20W.%20Prescott/1996%20-%20James%20W.%20Prescott%20-%20The%20Origins%20Of%20Human%20Love%20And%20Violence.pdf;https://mega.nz/file/t1YUwIyB#llKvZRRw7w30nOTx4Z2b5cAgGeiJDTapdxIEm4wEXwc;1996;;;Article;img/cover page/James W. Prescott/1996 - The Origins Of Human Love And Violence.webp
Breastfeeding And Intelligence Not Demonstrated;James W. Prescott;https://raw.githubusercontent.com/peatysharing/bibliography/main/James%20W.%20Prescott/2006%20-%20James%20W.%20Prescott%20-%20Breastfeeding%20And%20Intelligence%20Not%20Demonstrated.pdf;https://mega.nz/file/R9Y0Vb5Q#D5lsnFBDJlEMQ8riNTvih9mpXRwhcOXjc0zE61iYOfc;2006;;;Article;img/cover page/James W. Prescott/2006 - Breastfeeding And Intelligence Not Demonstrated.webp
An Account Of The Islands Of Orkney;James Wallace;https://raw.githubusercontent.com/peatysharing/bibliography/main/James%20Wallace/1700%20-%20James%20Wallace%20-%20An%20Account%20Of%20The%20Islands%20Of%20Orkney.pdf;https://mega.nz/file/IlQ1zBib#srYsHXECdXLroVqkOP_Xy5xnueLoIUUmwat55nOXu7Y;1700;;;Article;img/cover page/James Wallace/1700 - An Account Of The Islands Of Orkney.webp
Exploring Inner Space, Personal Experiences Under LSD-25;Jane Dunlap (Adelle Davis);https://raw.githubusercontent.com/peatysharing/bibliography/main/Adelle%20Davis/1961%20-%20Jane%20Dunlap%20%28Adelle%20Davis%29%20-%20Exploring%20Inner%20Space%2C%20Personal%20Experiences%20Under%20LSD-25.pdf;https://mega.nz/file/5shUSJKA#Dqpbum5Xo11UK6kxn_5EGUG8fXrCd0BKCbLzbrfzuko;1961;;;Book;img/cover page/Adelle Davis/1961 - Exploring Inner Space, Personal Experiences Under LSD-25.webp
Influence Of Vitamin B Complex Deficiency And Partial Starvation On Wound Healing;Janet C. Holden, George Crile Jr.;https://raw.githubusercontent.com/peatysharing/bibliography/main/Janet%20C.%20Holden/1942%20-%20Janet%20C.%20Holden%3B%20George%20Crile%20Jr.%20-%20Influence%20Of%20Vitamin%20B%20Complex%20Deficiency%20And%20Partial%20Starvation%20On%20Wound%20Healing.pdf;https://mega.nz/file/ooJCFBzR#9ReRhuBXraiUe5iz-yKMy1TS9OhrmyFoctR1lY5YDiw;1942;;;Article;img/cover page/Janet C. Holden/1942 - Influence Of Vitamin B Complex Deficiency And Partial Starvation On Wound Healing.webp
Biometeorological Survey, Volume 1 1973-1978, Part A Human Biometeorology;Janneke J. Bouma, Solco Walle Tromp;https://raw.githubusercontent.com/peatysharing/bibliography/main/Solco%20Walle%20Tromp/1979%20-%20Janneke%20J.%20Bouma%3B%20Solco%20Walle%20Tromp%20-%20Biometeorological%20Survey%2C%20Volume%201%201973-1978%2C%20Part%20A%20Human%20Biometeorology.pdf;https://mega.nz/file/4thCFJDR#-Iz7Orl4JuTXn2L-zmJ6Kd9yRKIjlUfEKwCgXnoQG8U;1979;;;Book;img/cover page/Solco Walle Tromp/1979 - Biometeorological Survey, Volume 1 1973-1978, Part A Human Biometeorology.webp
The Enemy Within. The High Cost of Living Near Nuclear Reactions;Jay Gould, Ernest Sternglass, Joseph Mangano, William McDonnell;https://raw.githubusercontent.com/peatysharing/bibliography/main/Ernest%20J.%20Sternglass/1996%20-%20Jay%20Gould%3B%20Ernest%20Sternglass%3B%20Joseph%20Mangano%3B%20William%20McDonnell%20-%20The%20Enemy%20Within.%20The%20High%20Cost%20of%20Living%20Near%20Nuclear%20Reactions.pdf;https://mega.nz/file/lkYSzQBb#DlF270PHzZWCKJYzvv2Idjx67ZjqO9my9YNUvRNsuoE;1996;;;;img/cover page/Ernest J. Sternglass/1996 - The Enemy Within. The High Cost of Living Near Nuclear Reactions.webp
Philosophie Zoologique , Volume 1;Jean-Baptiste Lamarck;https://raw.githubusercontent.com/peatysharing/bibliography/main/Jean-Baptiste%20Lamarck/1809%20-%20Jean-Baptiste%20Lamarck%20-%20Philosophie%20Zoologique%20%2C%20Volume%201.pdf;https://mega.nz/file/J8QwTRKT#KMYg-lHRGknimwMfgwM4rC1pe4oLu85ljSfH1qex2Z0;1809;https://ln5.sync.com/dl/3a0eed5c0/8nf9bxd9-xsvrm8sr-ge38usc5-6q7pkr3x/view/default/13088453055014?sync_id=13088439595014;Evolution;Book;img/cover page/Jean-Baptiste Lamarck/1809 - Philosophie Zoologique , Volume 1.webp
Philosophie Zoologique , Volume 2;Jean-Baptiste Lamarck;https://raw.githubusercontent.com/peatysharing/bibliography/main/Jean-Baptiste%20Lamarck/1809%20-%20Jean-Baptiste%20Lamarck%20-%20Philosophie%20Zoologique%20%2C%20Volume%202.pdf;https://mega.nz/file/YpAzkDYQ#Rfu4kaWOMjSnQEXreG6XmjpZgkyA-cufFZaZmpmeHPU;1809;https://ln5.sync.com/dl/3a0eed5c0/8nf9bxd9-xsvrm8sr-ge38usc5-6q7pkr3x/view/default/13088458195014?sync_id=13088439595014;Evolution;Book;img/cover page/Jean-Baptiste Lamarck/1809 - Philosophie Zoologique , Volume 2.webp
Zoological Philosophy;Jean-Baptiste Lamarck;https://raw.githubusercontent.com/peatysharing/bibliography/main/Jean-Baptiste%20Lamarck/1963%20-%20Jean-Baptiste%20Lamarck%20-%20Zoological%20Philosophy.pdf;https://mega.nz/file/IgYjSLwC#vFz2CISnxA1Y5r6Gw7rYyvDtBMjOPyjys9H85PSEfMg;1963;https://ln5.sync.com/dl/3a0eed5c0/8nf9bxd9-xsvrm8sr-ge38usc5-6q7pkr3x/view/default/13088447015014?sync_id=13088439595014;Evolution;Book;img/cover page/Jean-Baptiste Lamarck/1963 - Zoological Philosophy.webp
Biological Effects Of Magnetic Fields, Volume 1;Jeno M. Barnothy, Madeleine F. Barnothy;https://raw.githubusercontent.com/peatysharing/bibliography/main/Madeleine%20F.%20Barnothy/1964%20-%20Jeno%20M.%20Barnothy%2C%20Madeleine%20F.%20Barnothy%20-%20Biological%20Effects%20Of%20Magnetic%20Fields%2C%20Volume%201.pdf;https://mega.nz/file/1k5TDQrQ#Yhe4NRBrSg7u8s1htmzTz2uxyPI2JVdoKoBM9Rqeli0;1964;https://ln5.sync.com/dl/4de60c1a0/krxcf9vb-bb5kvjqp-zmn3syy4-vmt5b6r7;EMF;Book;img/cover page/Madeleine F. Barnothy/1964 - Biological Effects Of Magnetic Fields, Volume 1.webp
The Process Of Education;Jerome Seymour Bruner;https://raw.githubusercontent.com/peatysharing/bibliography/main/Jerome%20Seymour%20Bruner/1960%20-%20Jerome%20Seymour%20Bruner%20-%20The%20Process%20Of%20Education.pdf;https://mega.nz/file/gxogCJYK#DmruSoB-6nq8uuOGifCtJP1dJc7nF34MJL8H5541QQ8;1960;;;Book;img/cover page/Jerome Seymour Bruner/1960 - The Process Of Education.webp
Gastrointestinal Absorption of Mg2s in Rabbits;Jerry K. Aikawa;https://raw.githubusercontent.com/peatysharing/bibliography/main/Jerry%20K.%20Aikawa/1959%20-%20Jerry%20K.%20Aikawa%20-%20Gastrointestinal%20Absorption%20of%20Mg2s%20in%20Rabbits.pdf;https://mega.nz/file/5sxDWYRI#kZiYEKQQlqsMV5OwcGgGtguaA9lVABQRVPccFETclzk;1959;;;;img/cover page/Jerry K. Aikawa/1959 - Gastrointestinal Absorption of Mg2s in Rabbits.webp
Magnesium Metabolism in Rabbits Using Mg28 as a Trace;Jerry K. Aikawa;https://raw.githubusercontent.com/peatysharing/bibliography/main/Jerry%20K.%20Aikawa/1959%20-%20Jerry%20K.%20Aikawa%20-%20Magnesium%20Metabolism%20in%20Rabbits%20Using%20Mg28%20as%20a%20Trace.pdf;https://mega.nz/file/18R0XRLZ#suxeyt5E0jeKdryQEn2IZXAqvv98PvOUUMFH4BdUSyk;1959;;;;img/cover page/Jerry K. Aikawa/1959 - Magnesium Metabolism in Rabbits Using Mg28 as a Trace.webp
Effect of Thyroxine and Propylthiouracil on Magnesium Metabolism in the Rabbit. Study with Mg28;Jerry K. Aikawa;https://raw.githubusercontent.com/peatysharing/bibliography/main/Jerry%20K.%20Aikawa/1960%20-%20Jerry%20K.%20Aikawa%20-%20%20Effect%20of%20Thyroxine%20and%20Propylthiouracil%20on%20Magnesium%20Metabolism%20in%20the%20Rabbit.%20Study%20with%20Mg28.pdf;https://mega.nz/file/Q95nGIqY#Xryw6KciTbNWyJWPFDjDRLsVe1hDZuSQ_P-SzAqvUFo;1960;;;;img/cover page/Jerry K. Aikawa/1960 - Effect of Thyroxine and Propylthiouracil on Magnesium Metabolism in the Rabbit. Study with Mg28.webp
Magnesium Metabolism in Human Beings - Studies with Mg28;Jerry K. Aikawa;https://raw.githubusercontent.com/peatysharing/bibliography/main/Jerry%20K.%20Aikawa/1960%20-%20Jerry%20K.%20Aikawa%20-%20Magnesium%20Metabolism%20in%20Human%20Beings%20-%20Studies%20with%20Mg28.pdf;https://mega.nz/file/48owmJ4K#TMVMEcpn9aiMHoDSyPJD85cinYauib_PybxgfOLuses;1960;;;;img/cover page/Jerry K. Aikawa/1960 - Magnesium Metabolism in Human Beings - Studies with Mg28.webp
The Role Of Magnesium In Biologic Processes;Jerry K. Aikawa;https://raw.githubusercontent.com/peatysharing/bibliography/main/Jerry%20K.%20Aikawa/1963%20-%20Jerry%20K.%20Aikawa%20-%20The%20Role%20Of%20Magnesium%20In%20Biologic%20Processes.pdf;https://mega.nz/file/8gYmxKSZ#c5_uRrA9RKnnT7OMTyaneKekx-ygxAAS7lK3-O0Sh8c;1963;;;;img/cover page/Jerry K. Aikawa/1963 - The Role Of Magnesium In Biologic Processes.webp
Biochemistry and Physiology of Magnesium;Jerry K. Aikawa;https://raw.githubusercontent.com/peatysharing/bibliography/main/Jerry%20K.%20Aikawa/1978%20-%20Jerry%20K.%20Aikawa%20-%20Biochemistry%20and%20Physiology%20of%20Magnesium.pdf;https://mega.nz/file/tw5lHY4K#A1EGWOBv7SKXEZTz5JrgOclVnd0KuslG_STLDEP0JhU;1978;;;;img/cover page/Jerry K. Aikawa/1978 - Biochemistry and Physiology of Magnesium.webp
Magnesium, It's Biologic Significance;Jerry K. Aikawa;https://raw.githubusercontent.com/peatysharing/bibliography/main/Jerry%20K.%20Aikawa/1981%20-%20Jerry%20K.%20Aikawa%20-%20Magnesium%2C%20It%27s%20Biologic%20Significance.pdf;https://mega.nz/file/YswnhTrb#bfKwL85DbU7K8PblFlUMmk8txtvHT0WW2NPIjByRbO8;1981;https://ln5.sync.com/dl/20754e9a0/fz97rdr5-tm7bjyiu-8y72aim7-zbabt4iy;Nutrition;Book;img/cover page/Jerry K. Aikawa/1981 - Magnesium, It's Biologic Significance.webp
28Mg Studies in Magnesium-Deficient Animals;Jerry K. Aikawa, Jacqueline Z. Reardon, Dale R. Harms;https://raw.githubusercontent.com/peatysharing/bibliography/main/Jerry%20K.%20Aikawa/1969%20-%20Jerry%20K.%20Aikawa%3B%20Jacqueline%20Z.%20Reardon%3B%20Dale%20R.%20Harms%20-%2028Mg%20Studies%20in%20Magnesium-Deficient%20Animals.pdf;https://mega.nz/file/NkZVmDwK#hyPJQUkjg1EHqh5If9DwcywgKiVBpRbOOoMJf_BH3tE;1969;;;;img/cover page/Jerry K. Aikawa/1969 - 28Mg Studies in Magnesium-Deficient Animals.webp
Magnesium Metabolism of Human and Rabbit Erythrocytes;Jerry K. Aikawa, Stanley Ginsburg, James G. Smith, Freeman M. Ginsburg, Jacqueline Z. Reardon;https://raw.githubusercontent.com/peatysharing/bibliography/main/Jerry%20K.%20Aikawa/1962%20-%20Jerry%20K.%20Aikawa%3B%20Stanley%20Ginsburg%3B%20James%20G.%20Smith%3B%20Freeman%20M.%20Ginsburg%3B%20Jacqueline%20Z.%20Reardon%20-%20Magnesium%20Metabolism%20of%20Human%20and%20Rabbit%20Erythrocytes.pdf;https://mega.nz/file/JpATEAZY#ZCGe-ra0VV3gf7z6TxL1-lECxEaUpYb8l8E5phiDhE4;1962;;;;img/cover page/Jerry K. Aikawa/1962 - Magnesium Metabolism of Human and Rabbit Erythrocytes.webp
Relation Of Lifespan To Brain Weight, Body Weight, And Metabolic Rate Among Inbread Mouse Strains;John B. Storer;https://raw.githubusercontent.com/peatysharing/bibliography/main/John%20B.%20Storer/1967%20-%20John%20B.%20Storer%20-%20Relation%20Of%20Lifespan%20To%20Brain%20Weight%2C%20Body%20Weight%2C%20And%20Metabolic%20Rate%20Among%20Inbread%20Mouse%20Strains.pdf;https://mega.nz/file/ttBX3IhR#Ao9pGBrXGvj6NrRxL7FBfyPaFc7EAsLb4A1s2kPnWe0;1967;;;Article;img/cover page/John B. Storer/1967 - Relation Of Lifespan To Brain Weight, Body Weight, And Metabolic Rate Among Inbread Mouse Strains.webp
Psychology From The Standpoint Of A Behaviorist;John Broadus Watson;https://raw.githubusercontent.com/peatysharing/bibliography/main/John%20Broadus%20Watson/1924%20-%20John%20Broadus%20Watson%20-%20Psychology%20From%20The%20Standpoint%20Of%20A%20Behaviorist.pdf;https://mega.nz/file/lpQhDTBB#YD8C1eH4qwAyCW1Uf76vobLneO9o0HlXbOu99VbOUd4;1924;;;Book;img/cover page/John Broadus Watson/1924 - Psychology From The Standpoint Of A Behaviorist.webp
Increased Oestrogen Activity Assocaited With Postmenopausal Bleeding;John Frampton;https://raw.githubusercontent.com/peatysharing/bibliography/main/John%20Frampton/1966%20-%20John%20Frampton%20-%20Increased%20Oestrogen%20Activity%20Assocaited%20With%20Postmenopausal%20Bleeding.pdf;https://mega.nz/file/EkpwWDSA#LxDfvop-Jv_sgsAZq3BE_5Sxa5JiDemMU0dlELKHBSU;1966;;;Article;img/cover page/John Frampton/1966 - Increased Oestrogen Activity Assocaited With Postmenopausal Bleeding.webp
Early Luteal Serum Progesterone Concentrations Are Higher In Pregancy Cycles;John L. Yovich, Susan C. Mccolm, Jeanne M. Yovich, Philip L. Matson;https://raw.githubusercontent.com/peatysharing/bibliography/main/John%20L.%20Yovich/1985%20-%20John%20L.%20Yovich%3B%20Susan%20C.%20Mccolm%3B%20Jeanne%20M.%20Yovich%3B%20Philip%20L.%20Matson%20-%20Early%20Luteal%20Serum%20Progesterone%20Concentrations%20Are%20Higher%20In%20Pregancy%20Cycles.pdf;https://mega.nz/file/l1IjlbwL#MBmqALdsnQ_UH_kOdQ_ud-ZDc6Jw_FePjxzAqnou9nY;1985;;;Article;img/cover page/John L. Yovich/1985 - Early Luteal Serum Progesterone Concentrations Are Higher In Pregancy Cycles.webp
Non-Poisson Distributions Observed During Counting Of certain Carbon-14-Labeled Organic (Sub)Monolayers;John Lynde Anderson;https://raw.githubusercontent.com/peatysharing/bibliography/main/John%20Lynde%20Anderson/1972%20-%20John%20Lynde%20Anderson%20-%20Non-Poisson%20Distributions%20Observed%20During%20Counting%20Of%20certain%20Carbon-14-Labeled%20Organic%20%28Sub%29Monolayers.pdf;https://mega.nz/file/YphBhLRD#szJrBE0j_0zy_uHCWEG3yZuVRqQQU2LFWsu9OYJIp0s;1972;;;Article;img/cover page/John Lynde Anderson/1972 - Non-Poisson Distributions Observed During Counting Of certain Carbon-14-Labeled Organic (Sub)Monolayers.webp
Serial Statistics, Is Radioactive Decay Random;John Lynde Anderson, George Wesley Spangler;https://raw.githubusercontent.com/peatysharing/bibliography/main/John%20Lynde%20Anderson/1973%20-%20John%20Lynde%20Anderson%3B%20George%20Wesley%20Spangler%20-%20Serial%20Statistics%2C%20Is%20Radioactive%20Decay%20Random.pdf;https://mega.nz/file/08QD0B5A#_79QZTxvFw8vSLv1D9NNauA2UIgx-uvH11PhQJURXDo;1973;;;Article;img/cover page/John Lynde Anderson/1973 - Serial Statistics, Is Radioactive Decay Random.webp
Health And Light;John N. Ott;https://raw.githubusercontent.com/peatysharing/bibliography/main/John%20N.%20Ott/1983%20-%20John%20N.%20Ott%20-%20Health%20And%20Light.pdf;https://mega.nz/file/t4IihYRa#cvrAEh3zP1UnUiaqfCNtdhtCp8njkOBVCR9H1B0vZGE;1983;;;Book;img/cover page/John N. Ott/1983 - Health And Light.webp
Nuclear Characteristics Of Cardiac Myocytes Following The Proliferative Response To Mincing Of THe Myocardium In The Adult Newt;John O. Oberpriller, Jean C. Oberpriller, A. M. Arefyeva, Victor I. Mitashov, Bruce M. Carlson;https://raw.githubusercontent.com/peatysharing/bibliography/main/John%20O.%20Oberpriller/1988%20-%20John%20O.%20Oberpriller%3B%20Jean%20C.%20Oberpriller%3B%20A.%20M.%20Arefyeva%3B%20Victor%20I.%20Mitashov%3B%20Bruce%20M.%20Carlson%20-%20%20Nuclear%20Characteristics%20Of%20Cardiac%20Myocytes%20Following%20The%20Proliferative%20Response%20To%20Mincing%20Of%20THe%20Myocardium%20In%20The%20Adult%20Newt.pdf;https://mega.nz/file/Yl4lGLRK#R6dipMPXVtvGPjavQ4AryrrCXrPxFiKMz87PpfZlD3A;1988;;;Article;img/cover page/John O. Oberpriller/1988 - Nuclear Characteristics Of Cardiac Myocytes Following The Proliferative Response To Mincing Of THe Myocardium In The Adult Newt.webp
The New Paradigm;John O'M. Bockris;https://raw.githubusercontent.com/peatysharing/bibliography/main/John%20O%27M.%20Bockris/2013%20-%20John%20O%27mara%20Bockris%20-%20The%20New%20Paradigm.pdf;https://mega.nz/file/ElhDwbYD#OTXtxub5Y2L_DKT3qCQwyGhfokpzg7kkQb1bKxkJDSU;2013;;;;img/cover page/John O'M. Bockris/2013 - The New Paradigm.webp
Natural Progesterone;John R. Lee;https://raw.githubusercontent.com/peatysharing/bibliography/main/John%20Lee/2009%20-%20John%20R.%20Lee%20-%20Natural%20Progesterone.pdf;https://mega.nz/file/Fp5UHLAD#lH_RXH73ETUdc7ZScKDoduliiur3nDtL59tXt5bJCbs;2009;https://ln5.sync.com/dl/67570f180/dryw3edk-b2rs8655-3mijmg6c-6s9b5rvn;Endocrinology;Book;img/cover page/John Lee/2009 - Natural Progesterone.webp
Post-Pubertal Effects of Prenatal Administration of Progesterone;John Unger Zussman, Patti Peters Zussman, Katharina Dalton;https://raw.githubusercontent.com/peatysharing/bibliography/main/Katharina%20Dalton/1975%20-%20John%20Unger%20Zussman%3B%20Patti%20Peters%20Zussman%3B%20Katharina%20Dalton%20-%20Post-Pubertal%20Effects%20of%20Prenatal%20Administration%20of%20Progesterone.pdf;https://mega.nz/file/98g0VJTT#SLngwwNWB4d31aDM4g8IfDCL9fkWHmZ-AaLOLJFTHhs;1975;;;;img/cover page/Katharina Dalton/1975 - Post-Pubertal Effects of Prenatal Administration of Progesterone.webp
Medical Research And Radiation Politics, Oral History Transcript;John W. Gofman;https://raw.githubusercontent.com/peatysharing/bibliography/main/John%20W.%20Gofman/1982%20-%20John%20W.%20Gofman%20-%20Medical%20Research%20And%20Radiation%20Politics%2C%20Oral%20History%20Transcript.pdf;https://mega.nz/file/twIXnDJI#58c_LNXQZaPa6KFfN1ln85hBrvaACORdpKvGIooZkJE;1982;https://ln5.sync.com/dl/0a1f22d70/pj4cd7nw-3yrriqqn-fwk3bzsh-e4ty2bwb;Radiation;Book;img/cover page/John W. Gofman/1982 - Medical Research And Radiation Politics, Oral History Transcript.webp
Human Radiation Studies, Remembering The Early Days;John W. Gofman;https://raw.githubusercontent.com/peatysharing/bibliography/main/John%20W.%20Gofman/1995%20-%20John%20W.%20Gofman%20-%20Human%20Radiation%20Studies%2C%20Remembering%20The%20Early%20Days.pdf;https://mega.nz/file/UhYnHRyA#Zq0l_ZpVeONbZp3inzdG8Vb79383tS7xzk8LZH13FIw;1995;;;Book;img/cover page/John W. Gofman/1995 - Human Radiation Studies, Remembering The Early Days.webp
Radiation From Medical Procedures;John W. Gofman;https://raw.githubusercontent.com/peatysharing/bibliography/main/John%20W.%20Gofman/1999%20-%20John%20W.%20Gofman%20-%20Radiation%20From%20Medical%20Procedures.pdf;https://mega.nz/file/l8pBQCia#_GHzSWkMseAZSvZKAFhwfVvCRhxStDbl7tNWdNAkbyc;1999;https://ln5.sync.com/dl/23e84c230/bqngpcjx-6zrv9wht-sebdt8ur-ykky7c9v;Cancer;Book;img/cover page/John W. Gofman/1999 - Radiation From Medical Procedures.webp
Preventing Breast Cancer, The Story Of A Major, Proven, Preventable Cause Of This Disease-committee Nuclear Responsibility;John W. Gofman, Egan O'connor;https://raw.githubusercontent.com/peatysharing/bibliography/main/John%20W.%20Gofman/1996%20-%20John%20W.%20Gofman%3B%20Egan%20O%27connor%20-%20Preventing%20Breast%20Cancer%2C%20The%20Story%20Of%20A%20Major%2C%20Proven%2C%20Preventable%20Cause%20Of%20This%20Disease-committee%20Nuclear%20Responsibility.pdf;https://mega.nz/file/V8ow0DDC#lPMKvGSKhsOf5Tb3sEnp0pykswYt2CeVQTFH1N-WFME;1996;https://ln5.sync.com/dl/6c0a4c7b0/99njeh4j-5ax9ddxx-iw8wxpcx-qww26v9d;Cancer;Book;img/cover page/John W. Gofman/1996 - Preventing Breast Cancer, The Story Of A Major, Proven, Preventable Cause Of This Disease-committee Nuclear Responsibility.webp
Brain Lesions In An Infant Rhesus Monkey Treated With Monosodium Glutamate;John W. Olney;https://raw.githubusercontent.com/peatysharing/bibliography/main/John%20W.%20Olney/1969%20-%20John%20W.%20Olney%20-%20Brain%20Lesions%20In%20An%20Infant%20Rhesus%20Monkey%20Treated%20With%20Monosodium%20Glutamate.pdf;https://mega.nz/file/1x5DAABZ#C9jkROLrrJQQKcviEZvPVrF0SOWC8e5LpUMj6BHyUgQ;1969;;;Article;img/cover page/John W. Olney/1969 - Brain Lesions In An Infant Rhesus Monkey Treated With Monosodium Glutamate.webp
Brain Lesions,obesity, And Other Disturbances In Mice Treated With Monosodium Glutamate;John W. Olney;https://raw.githubusercontent.com/peatysharing/bibliography/main/John%20W.%20Olney/1969%20-%20John%20W.%20Olney%20-%20Brain%20Lesions%2Cobesity%2C%20And%20Other%20Disturbances%20In%20Mice%20Treated%20With%20Monosodium%20Glutamate.pdf;https://mega.nz/file/44BxBB4b#Ym65XTo4TeeRpYdgNYk9c0sDTHJnA2EdwuJ-0wSKUYM;1969;;;Article;img/cover page/John W. Olney/1969 - Brain Lesions,obesity, And Other Disturbances In Mice Treated With Monosodium Glutamate.webp
Glutamate, A Neurotoxic Transmitter;John W. Olney;https://raw.githubusercontent.com/peatysharing/bibliography/main/John%20W.%20Olney/1989%20-%20John%20W.%20Olney%20-%20Glutamate%2C%20A%20Neurotoxic%20Transmitter.pdf;https://mega.nz/file/Q1w0WLZQ#HqY_xp7L0cSN-7dLWj5uAtGp09r9eLysct0i0RT_lOI;1989;;;Article;img/cover page/John W. Olney/1989 - Glutamate, A Neurotoxic Transmitter.webp
The Role Of Specific Ion In Glutamate Neurotoxocity;John W. Olney, Madelon T. Price, Lisa Samson, Joan Labruyere;https://raw.githubusercontent.com/peatysharing/bibliography/main/John%20W.%20Olney/1986%20-%20John%20W.%20Olney%3B%20Madelon%20T.%20Price%3B%20Lisa%20Samson%3B%20Joan%20Labruyere%20-%20The%20Role%20Of%20Specific%20Ion%20In%20Glutamate%20Neurotoxocity.pdf;https://mega.nz/file/gxAlmKbL#Xh2NJ42A4_kEV_P-BUk7TThpnU0ZSuXuYnUPD6vFmZo;1986;;;Article;img/cover page/John W. Olney/1986 - The Role Of Specific Ion In Glutamate Neurotoxocity.webp
Neurotoxic Effects Of Glutamate;John W. Olney, Oi Lan Ho, Vesela Rhef, Taisija Degubareff;https://raw.githubusercontent.com/peatysharing/bibliography/main/John%20W.%20Olney/1973%20-%20John%20W.%20Olney%3B%20Oi%20Lan%20Ho%3B%20Vesela%20Rhef%3B%20Taisija%20Degubareff%20-%20Neurotoxic%20Effects%20Of%20Glutamate.pdf;https://mega.nz/file/85pgwKxa#4jLc19pO0upjsg2VzdA-R1H0qB9wSY7le7oSbUBGDA0;1973;;;Article;img/cover page/John W. Olney/1973 - Neurotoxic Effects Of Glutamate.webp
Brain Damage In Infant Mice Following Oral Intake Of Glutamate, Asparatae Or Cysteine;John W. Olney, Oi-Lan Ho;https://raw.githubusercontent.com/peatysharing/bibliography/main/John%20W.%20Olney/1970%20-%20John%20W.%20Olney%3B%20Oi-Lan%20Ho%20-%20Brain%20Damage%20In%20Infant%20Mice%20Following%20Oral%20Intake%20Of%20Glutamate%2C%20Asparatae%20Or%20Cysteine.pdf;https://mega.nz/file/UtYFCYrD#2qbtaE60zSmhzamN8J5FZB3bmFEF9tvkvsGtnKlMEbE;1970;;;Article;img/cover page/John W. Olney/1970 - Brain Damage In Infant Mice Following Oral Intake Of Glutamate, Asparatae Or Cysteine.webp
The Survival Of The Wisest;Jonas Salk;https://raw.githubusercontent.com/peatysharing/bibliography/main/Jonas%20Salk/1973%20-%20Jonas%20Salk%20-%20The%20Survival%20Of%20The%20Wisest.pdf;https://mega.nz/file/x5AhRJBL#hw6jSv0uY64uPtrLoJ7fLljNUktDcN3v58Ldppv426A;1973;https://ln5.sync.com/dl/456d80d20/zwsvk3zu-sjnk7d7h-nqpr69cu-at4eqhmx;Immunology;Book;img/cover page/Jonas Salk/1973 - The Survival Of The Wisest.webp
Effects Of Ether Stress On Prolactin And Corticosterone Levels In Prenatally-stressed Male Rats As Adults;Joseph A. Politch, Lorraine Roth Herrenkohl;https://raw.githubusercontent.com/peatysharing/bibliography/main/Joseph%20A.%20Politch/1978%20-%20Joseph%20A.%20Politch%3B%20Lorraine%20Roth%20Herrenkohl%20-%20Effects%20Of%20Ether%20Stress%20On%20Prolactin%20And%20Corticosterone%20Levels%20In%20Prenatally-stressed%20Male%20Rats%20As%20Adults.pdf;https://mega.nz/file/khZhnLDB#ZdKf-MhOKaCWB5O2dBX-wCKfltJ22847PeK35G2FgIQ;1978;;;Article;img/cover page/Joseph A. Politch/1978 - Effects Of Ether Stress On Prolactin And Corticosterone Levels In Prenatally-stressed Male Rats As Adults.webp
Prenatal Stress Reduces Maternal Aggression By Mice Offspring;Joseph A. Politch, Lorraine Roth Herrenkohl;https://raw.githubusercontent.com/peatysharing/bibliography/main/Joseph%20A.%20Politch/1979%20-%20Joseph%20A.%20Politch%3B%20Lorraine%20Roth%20Herrenkohl%20-%20Prenatal%20Stress%20Reduces%20Maternal%20Aggression%20By%20Mice%20Offspring.pdf;https://mega.nz/file/V9AnECzA#jWlHNBYwp7XZnVl2OcfAw5NxLuBiYl0MbNXWu6uS_kg;1979;;;Article;img/cover page/Joseph A. Politch/1979 - Prenatal Stress Reduces Maternal Aggression By Mice Offspring.webp
Effects Of Prenatal Stress On Reproduction In Male And Female Mice;Joseph A. Politch, Lorraine Roth Herrenkohl;https://raw.githubusercontent.com/peatysharing/bibliography/main/Joseph%20A.%20Politch/1984%20-%20Joseph%20A.%20Politch%3B%20Lorraine%20Roth%20Herrenkohl%20-%20Effects%20Of%20Prenatal%20Stress%20On%20Reproduction%20In%20Male%20And%20Female%20Mice.pdf;https://mega.nz/file/Z1InxKzK#dZIn83MlFi-q8MD89QaNkQgZCw8hdOMNlw1sxl_tvGA;1984;;;Article;img/cover page/Joseph A. Politch/1984 - Effects Of Prenatal Stress On Reproduction In Male And Female Mice.webp
Postnatal Acth And Cortisosterone, Effects On Reproduction In Mice;Joseph A. Politch, Lorraine Roth Herrenkohl;https://raw.githubusercontent.com/peatysharing/bibliography/main/Joseph%20A.%20Politch/1984%20-%20Joseph%20A.%20Politch%3B%20Lorraine%20Roth%20Herrenkohl%20-%20Postnatal%20Acth%20And%20Cortisosterone%2C%20Effects%20On%20Reproduction%20In%20Mice.pdf;https://mega.nz/file/Rl5i3BQL#UCIER7eBsv2gbKwiAeIyjYcsN8V1Bmc3N6xlDVOm9QE;1984;;;Article;img/cover page/Joseph A. Politch/1984 - Postnatal Acth And Cortisosterone, Effects On Reproduction In Mice.webp
Sex And Culture;Joseph D. Unwin;https://raw.githubusercontent.com/peatysharing/bibliography/main/Joseph%20D.%20Unwin/1934%20-%20Joseph%20D.%20Unwin%20-%20Sex%20And%20Culture.pdf;https://mega.nz/file/RlYzlBYB#b-b1QLeT12TBczNvjPDDuCKfnKK5myg4XVjuc8u7d2Y;1934;;;Book;img/cover page/Joseph D. Unwin/1934 - Sex And Culture.webp
L'Homme Machine;Julien Offray De La Mettrie;https://raw.githubusercontent.com/peatysharing/bibliography/main/Julien%20Offray%20De%20La%20Mettrie/1747%20-%20Julien%20Offray%20De%20La%20Mettrie%20-%20L%27Homme%20Machine.pdf;https://mega.nz/file/ghACRJrZ#XnB4x1ZbCHb29kECGF-gWGFdUNVjkunZzo_Da2tWAV8;1747;;;Book;img/cover page/Julien Offray De La Mettrie/1747 - L'Homme Machine.webp
Machine Man And Other Writings;Julien Offray De La Mettrie;https://raw.githubusercontent.com/peatysharing/bibliography/main/Julien%20Offray%20De%20La%20Mettrie/1996%20-%20Julien%20Offray%20De%20La%20Mettrie%20-%20Machine%20Man%20And%20Other%20Writings.pdf;https://mega.nz/file/l0B3SKaZ#BkuqJkBKOCGrAWcgrfEBXkBXXrtWjuHwIhxmUV-wees;1996;;;Book;img/cover page/Julien Offray De La Mettrie/1996 - Machine Man And Other Writings.webp
Prenatal Exposure To Synthetic Progestins Increases Potential For Aggression In Humans;June Machover Reinisch;https://raw.githubusercontent.com/peatysharing/bibliography/main/June%20Machover%20Reinisch/1981%20-%20June%20Machover%20Reinisch%20-%20Prenatal%20Exposure%20To%20Synthetic%20Progestins%20Increases%20Potential%20For%20Aggression%20In%20Humans.pdf;https://mega.nz/file/dpQVVaJQ#EPBdU-0Olt48LZqg2gsS43CGRKnUxayJuwNucnI2nEM;1981;;;Article;img/cover page/June Machover Reinisch/1981 - Prenatal Exposure To Synthetic Progestins Increases Potential For Aggression In Humans.webp
Prenatal Exposure To Synthetic Progestins And Estrogens, Effects On Human Development;June Machover Reinisch, William G. Karow;https://raw.githubusercontent.com/peatysharing/bibliography/main/June%20Machover%20Reinisch/1977%20-%20June%20Machover%20Reinisch%3B%20William%20G.%20Karow%20-%20Prenatal%20Exposure%20To%20Synthetic%20Progestins%20And%20Estrogens%2C%20Effects%20On%20Human%20Development.pdf;https://mega.nz/file/lpZSCRoT#84_jD5hDcp9eezbNF07tiyhMmSr3rkK7_PLGgXWP9hk;1977;;;Article;img/cover page/June Machover Reinisch/1977 - Prenatal Exposure To Synthetic Progestins And Estrogens, Effects On Human Development.webp
The Effect Of Testosterone During The Neonatal Period On The Thyroid Gland Of Male And Female Rats;K. Brown-Grant;https://raw.githubusercontent.com/peatysharing/bibliography/main/K.%20Brown-Grant/1965%20-%20K.%20Brown-Grant%20-%20The%20Effect%20Of%20Testosterone%20During%20The%20Neonatal%20Period%20On%20The%20Thyroid%20Gland%20Of%20Male%20And%20Female%20Rats.pdf;https://mega.nz/file/19ATFIya#xe2bGpJZWvMGtg-eIRAe4cO2z2d0nZU6BbgRrFVZ92E;1965;;;Article;img/cover page/K. Brown-Grant/1965 - The Effect Of Testosterone During The Neonatal Period On The Thyroid Gland Of Male And Female Rats.webp
The Metabolism Of Iodide By The Thyroid Gland And By The Uterus During Early Pregnancy In The Rat;K. Brown-Grant;https://raw.githubusercontent.com/peatysharing/bibliography/main/K.%20Brown-Grant/1965%20-%20K.%20Brown-Grant%20-%20The%20Metabolism%20Of%20Iodide%20By%20The%20Thyroid%20Gland%20And%20By%20The%20Uterus%20During%20Early%20Pregnancy%20In%20The%20Rat.pdf;https://mega.nz/file/N4YDFbyB#swUDORMQhcgwJtOz3RVsbc0plLkRFA1xRak4_KjXW4U;1965;;;Article;img/cover page/K. Brown-Grant/1965 - The Metabolism Of Iodide By The Thyroid Gland And By The Uterus During Early Pregnancy In The Rat.webp
The Effects Of Treatment With Gonadotrophins Or With Oestrogen On The Thyroid Gland Of The Immature Rat;K. Brown-Grant;https://raw.githubusercontent.com/peatysharing/bibliography/main/K.%20Brown-Grant/1966%20-%20K.%20Brown-Grant%20-%20The%20Effects%20Of%20Treatment%20With%20Gonadotrophins%20Or%20With%20Oestrogen%20On%20The%20Thyroid%20Gland%20Of%20The%20Immature%20Rat.pdf;https://mega.nz/file/o5wCRRSZ#sVcxiPwMbTEpfPwkh0QdFQvaBc74E1KxKOPhrxHCl7A;1966;;;Article;img/cover page/K. Brown-Grant/1966 - The Effects Of Treatment With Gonadotrophins Or With Oestrogen On The Thyroid Gland Of The Immature Rat.webp
Reaction Of Peroxidase With Reduced Nicotinamide-adenine Dinucleotide And Reduced Nicotinamide-adenine Dinucleotide Phosphate;K. Yokota, I. Yamazaki;https://raw.githubusercontent.com/peatysharing/bibliography/main/K.%20Yokota/1965%20-%20K.%20Yokota%3B%20I.%20Yamazaki%20-%20Reaction%20Of%20Peroxidase%20With%20Reduced%20Nicotinamide-adenine%20Dinucleotide%20And%20Reduced%20Nicotinamide-adenine%20Dinucleotide%20Phosphate.pdf;https://mega.nz/file/FsZSSAwL#8o6084pz_9OTF7GYjbL79UgPJG6bf-a-z4C3kg4vhPk;1965;;;Article;img/cover page/K. Yokota/1965 - Reaction Of Peroxidase With Reduced Nicotinamide-adenine Dinucleotide And Reduced Nicotinamide-adenine Dinucleotide Phosphate.webp
Physico-physiological Researches On The Dynamics Of Magnetism, Electricity, Heat, Liht, Crystallization, And Chemism (Part 1);Karl Von Reichenbach;https://raw.githubusercontent.com/peatysharing/bibliography/main/Karl%20Von%20Reichenbach/1851%20-%20Karl%20Von%20Reichenbach%20-%20Physico-physiological%20Researches%20On%20The%20Dynamics%20Of%20Magnetism%2C%20Electricity%2C%20Heat%2C%20Liht%2C%20Crystallization%2C%20And%20Chemism%20%28Part%201%29.pdf;https://mega.nz/file/QwwhGYgQ#eBeyVu8miyVou7KfE5yk7dP5BaQQ5ApqWGlwMNmoN-0;1851;;;;img/cover page/Karl Von Reichenbach/1851 - Physico-physiological Researches On The Dynamics Of Magnetism, Electricity, Heat, Liht, Crystallization, And Chemism.webp
Physico-physiological Researches On The Dynamics Of Magnetism, Electricity, Heat, Liht, Crystallization, And Chemism (Part 2);Karl Von Reichenbach;https://raw.githubusercontent.com/peatysharing/bibliography/main/Karl%20Von%20Reichenbach/1851%20-%20Karl%20Von%20Reichenbach%20-%20Physico-physiological%20Researches%20On%20The%20Dynamics%20Of%20Magnetism%2C%20Electricity%2C%20Heat%2C%20Liht%2C%20Crystallization%2C%20And%20Chemism%20%28Part%202%29.pdf;https://mega.nz/file/QwwhGYgQ#eBeyVu8miyVou7KfE5yk7dP5BaQQ5ApqWGlwMNmoN-0;1851;;;;img/cover page/Karl Von Reichenbach/1851 - Physico-physiological Researches On The Dynamics Of Magnetism, Electricity, Heat, Liht, Crystallization, And Chemism.webp
Physico-physiological Researches On The Dynamics Of Magnetism, Electricity, Heat, Liht, Crystallization, And Chemism (Part 3);Karl Von Reichenbach;https://raw.githubusercontent.com/peatysharing/bibliography/main/Karl%20Von%20Reichenbach/1851%20-%20Karl%20Von%20Reichenbach%20-%20Physico-physiological%20Researches%20On%20The%20Dynamics%20Of%20Magnetism%2C%20Electricity%2C%20Heat%2C%20Liht%2C%20Crystallization%2C%20And%20Chemism%20%28Part%203%29.pdf;https://mega.nz/file/QwwhGYgQ#eBeyVu8miyVou7KfE5yk7dP5BaQQ5ApqWGlwMNmoN-0;1851;;;;img/cover page/Karl Von Reichenbach/1851 - Physico-physiological Researches On The Dynamics Of Magnetism, Electricity, Heat, Liht, Crystallization, And Chemism.webp
Odic-Magnetic Letters;Karl Von Reichenbach;https://raw.githubusercontent.com/peatysharing/bibliography/main/Karl%20Von%20Reichenbach/1860%20-%20Karl%20Von%20Reichenbach%20-%20Odic-Magnetic%20Letters.pdf;https://mega.nz/file/AxIAmJLT#wTvJEwZVcGecmSApEJn_qaspOLZsP-xD2siNt1sTsF8;1860;;;;img/cover page/Karl Von Reichenbach/1860 - Odic-Magnetic Letters.webp
Researches On Magnetism, Electricity, Heat, Light, Crystallization And Chemical Attraction In Relation To The Vital Force;Karl Von Reichenbach;https://raw.githubusercontent.com/peatysharing/bibliography/main/Karl%20Von%20Reichenbach/1974%20-%20Karl%20Von%20Reichenbach%20-%20Researches%20On%20Magnetism%2C%20Electricity%2C%20Heat%2C%20Light%2C%20Crystallization%20And%20Chemical%20Attraction%20In%20Relation%20To%20The%20Vital%20Force.pdf;https://mega.nz/file/AhoARTKY#vYRjDAe9xe3aMM_nIQwrOKiKjA6EGhSFGDl8EVvkzXg;1974;;;Book;img/cover page/Karl Von Reichenbach/1974 - Researches On Magnetism, Electricity, Heat, Light, Crystallization And Chemical Attraction In Relation To The Vital Force.webp
Similarity Of Symptomatology Of Premenstrual Syndrome And Toxaemia Of Pregnancy And Their Response To Progesterone;Katharina Dalton;https://raw.githubusercontent.com/peatysharing/bibliography/main/Katharina%20Dalton/1954%20-%20Katharina%20Dalton%20-%20Similarity%20Of%20Symptomatology%20Of%20Premenstrual%20Syndrome%20And%20Toxaemia%20Of%20Pregnancy%20And%20Their%20Response%20To%20Progesterone.pdf;https://mega.nz/file/U8ZE0Y7B#dgo2IbgG-yxuwe6aTiZQeUYE3ZukcsElwrQEFJaLsyg;1954;;;;img/cover page/Katharina Dalton/1954 - Similarity Of Symptomatology Of Premenstrual Syndrome And Toxaemia Of Pregnancy And Their Response To Progesterone.webp
Discussion On The Aftermath Of Hysterectomy And Oophorectomy;Katharina Dalton;https://raw.githubusercontent.com/peatysharing/bibliography/main/Katharina%20Dalton/1956%20-%20Katharina%20Dalton%20-%20Discussion%20On%20The%20Aftermath%20Of%20Hysterectomy%20And%20Oophorectomy.pdf;https://mega.nz/file/psJXQBSS#ZHA4YjB1Eertz9Zc2WwDzcxFagP1ExyUMdo5NOEmA3g;1956;;;;img/cover page/Katharina Dalton/1956 - Discussion On The Aftermath Of Hysterectomy And Oophorectomy.webp
Toxaemia Of Pregnancy Treated With Progesterone During The Symptomatic Stage;Katharina Dalton;https://raw.githubusercontent.com/peatysharing/bibliography/main/Katharina%20Dalton/1957%20-%20Katherina%20Dalton%20-%20Toxaemia%20Of%20Pregnancy%20Treated%20With%20Progesterone%20During%20The%20Symptomatic%20Stage.pdf;https://mega.nz/file/RgIxXA7T#LDnOb1TrUIoGkqZPD8ENCNdmJ9CvUXAFnHl8fRLjyaU;1957;;;;img/cover page/Katharina Dalton/1957 - Toxaemia Of Pregnancy Treated With Progesterone During The Symptomatic Stage.webp
Comparative Trials Of New Oralprogestogenic Compounds Intreatment Of Premenstrualsyndrome;Katharina Dalton;https://raw.githubusercontent.com/peatysharing/bibliography/main/Katharina%20Dalton/1959%20-%20Katharina%20Dalton%20-%20Comparative%20Trials%20Of%20New%20Oralprogestogenic%20Compounds%20Intreatment%20Of%20Premenstrualsyndrome.pdf;https://mega.nz/file/54Y1ATpC#gRmX6jCT4gCeRqovfwjDT5SrKYE8uIhu17BdzWDHaFY;1959;;;;img/cover page/Katharina Dalton/1959 - Comparative Trials Of New Oralprogestogenic Compounds Intreatment Of Premenstrualsyndrome.webp
Menstruation And Acute Psychiatric Illnesses;Katharina Dalton;https://raw.githubusercontent.com/peatysharing/bibliography/main/Katharina%20Dalton/1959%20-%20Katharina%20Dalton%20-%20Menstruation%20And%20Acute%20Psychiatric%20Illnesses.pdf;https://mega.nz/file/BtwVzBoR#6FGEwpBvl-ZvOXgFdGQiTWyHOm3wB4WmToB4S14VHkI;1959;;;;img/cover page/Katharina Dalton/1959 - Menstruation And Acute Psychiatric Illnesses.webp
Early Symptoms Of Pre-eclamptic Toxaemia;Katharina Dalton;https://raw.githubusercontent.com/peatysharing/bibliography/main/Katharina%20Dalton/1960%20-%20Katharina%20Dalton%20-%20Early%20Symptoms%20Of%20Pre-eclamptic%20Toxaemia.pdf;https://mega.nz/file/40wiEBAT#6Y_iHjBGDRLseFmx5c4983a9sjvJ7ZKxvLiqYsxu3J4;1960;;;;img/cover page/Katharina Dalton/1960 - Early Symptoms Of Pre-eclamptic Toxaemia.webp
Effect Of Menstruation On Schoolgirls' Weekly Work;Katharina Dalton;https://raw.githubusercontent.com/peatysharing/bibliography/main/Katharina%20Dalton/1960%20-%20Katharina%20Dalton%20-%20Effect%20Of%20Menstruation%20On%20Schoolgirls%27%20Weekly%20Work.pdf;https://mega.nz/file/dwZkCbgT#hEXxjkIBAIzuHkse8KnmqlF9NAaDxkqS6DU0MYjWuso;1960;;;;img/cover page/Katharina Dalton/1960 - Effect Of Menstruation On Schoolgirls' Weekly Work.webp
Menstruation And Accidents;Katharina Dalton;https://raw.githubusercontent.com/peatysharing/bibliography/main/Katharina%20Dalton/1960%20-%20Katharina%20Dalton%20-%20Menstruation%20And%20Accidents.pdf;https://mega.nz/file/gk5G0LKb#QsRREYBHfPwlGJ266SLfCsvTOwahIRX77koE8OD_Baw;1960;;;;img/cover page/Katharina Dalton/1960 - Menstruation And Accidents.webp
Schoolgirls' Behaviour And Menstruation;Katharina Dalton;https://raw.githubusercontent.com/peatysharing/bibliography/main/Katharina%20Dalton/1960%20-%20Katharina%20Dalton%20-%20Schoolgirls%27%20Behaviour%20And%20Menstruation.pdf;https://mega.nz/file/AxJSnJgD#rYnR2v0XECs-_3JuhfTD-pd9Mn18I906Won9bMEux6w;1960;;;;img/cover page/Katharina Dalton/1960 - Schoolgirls' Behaviour And Menstruation.webp
Menstruation And Crime;Katharina Dalton;https://raw.githubusercontent.com/peatysharing/bibliography/main/Katharina%20Dalton/1961%20-%20Katharina%20Dalton%20-%20Menstruation%20And%20Crime.pdf;https://mega.nz/file/gp5UkTiJ#fI2nlx-GCGkhK-a2q1CIqF3borbJdc90gaaN3wt8jwU;1961;;;;img/cover page/Katharina Dalton/1961 - Menstruation And Crime.webp
The Influence Of Mother's Menstruation On Her Child;Katharina Dalton;https://raw.githubusercontent.com/peatysharing/bibliography/main/Katharina%20Dalton/1966%20-%20Katharina%20Dalton%20-%20The%20Influence%20Of%20Mother%27s%20Menstruation%20On%20Her%20Child.pdf;https://mega.nz/file/w9hyRJBA#YgQ4xVHtvBt3vRdAhUu8BqXdLKRTpzc5cQv8p55dJZ4;1966;;;;img/cover page/Katharina Dalton/1966 - The Influence Of Mother's Menstruation On Her Child.webp
Influence Of Menstruation On Glaucoma;Katharina Dalton;https://raw.githubusercontent.com/peatysharing/bibliography/main/Katharina%20Dalton/1967%20-%20Katharina%20Dalton%20-%20Influence%20Of%20Menstruation%20On%20Glaucoma.pdf;https://mega.nz/file/0hBHwTKB#jJyi2VgEtTyX1vcen7VRh1kuFyIcPTFLTICvnXVVvOc;1967;;;;img/cover page/Katharina Dalton/1967 - Influence Of Menstruation On Glaucoma.webp
Ante-natal Progesterone And Intelligence;Katharina Dalton;https://raw.githubusercontent.com/peatysharing/bibliography/main/Katharina%20Dalton/1968%20-%20Katharina%20Dalton%20-%20Ante-natal%20Progesterone%20And%20Intelligence.pdf;https://mega.nz/file/FxRVRTZI#7hVcIj2T99CFKf-QLvWa7i5S1qSt1c53TkPat0o7Vh8;1968;https://ln5.sync.com/dl/05f674a10/9brmzzvc-qkthjxmg-frju2z7x-mkibhzq6;Endocrinology;Article;img/cover page/Katharina Dalton/1968 - Ante-natal Progesterone And Intelligence.webp
Menstruation And Examinations;Katharina Dalton;https://raw.githubusercontent.com/peatysharing/bibliography/main/Katharina%20Dalton/1968%20-%20Katharina%20Dalton%20-%20Menstruation%20And%20Examinations.pdf;https://mega.nz/file/M5JFnaxJ#GbBGyKAhYb1W22O2et2xVQ6MUOlHM5cMAd0-jiJ71kA;1968;;;;img/cover page/Katharina Dalton/1968 - Menstruation And Examinations.webp
Children's Hospital Admissions And Mother's Menstruation;Katharina Dalton;https://raw.githubusercontent.com/peatysharing/bibliography/main/Katharina%20Dalton/1970%20-%20Katharina%20Dalton%20-%20Children%27s%20Hospital%20Admissions%20And%20Mother%27s%20Menstruation.pdf;https://mega.nz/file/t8JGhQIZ#1VuizQZnJ63IsJiXPhHLPk_whUZIGi9ngQyjDiqIuZQ;1970;;;;img/cover page/Katharina Dalton/1970 - Children's Hospital Admissions And Mother's Menstruation.webp
Depression - Emotion Or Illness;Katharina Dalton;https://raw.githubusercontent.com/peatysharing/bibliography/main/Katharina%20Dalton/1971%20-%20Katharina%20Dalton%20-%20Depression%20-%20Emotion%20Or%20Illness.pdf;https://mega.nz/file/QggzUTRK#KVKMamGXxbPDpuaH60cm3MEP3XrXq_6U-xmLkRnZzYc;1971;;;;img/cover page/Katharina Dalton/1971 - Depression - Emotion Or Illness.webp
Prospective Study Into Puerperal Depression;Katharina Dalton;https://raw.githubusercontent.com/peatysharing/bibliography/main/Katharina%20Dalton/1971%20-%20Katharina%20Dalton%20-%20Prospective%20Study%20Into%20Puerperal%20Depression.pdf;https://mega.nz/file/JkBiBKBK#X5PVSAKd2BacP-2Q9dVIyg7BTgzdm2NDMzYOfua8tgI;1971;;;Article;img/cover page/Katharina Dalton/1971 - Prospective Study Into Puerperal Depression.webp
Ovulation Symptoms And Avoidance Of Conception;Katharina Dalton;https://raw.githubusercontent.com/peatysharing/bibliography/main/Katharina%20Dalton/1972%20-%20Katharina%20Dalton%20-%20Ovulation%20Symptoms%20And%20Avoidance%20Of%20Conception.pdf;https://mega.nz/file/Npw3FJQY#6Lg8qk5g5pTfOobm8GGslzx4Sduv0UG4xKSyMBSye9M;1972;;;;img/cover page/Katharina Dalton/1972 - Ovulation Symptoms And Avoidance Of Conception.webp
Progesterone Suppositories And Pessaries In The Treatmentof Menstrual Migraine;Katharina Dalton;https://raw.githubusercontent.com/peatysharing/bibliography/main/Katharina%20Dalton/1973%20-%20Katharina%20Dalton%20-%20Progesterone%20Suppositories%20And%20Pessaries%20In%20The%20Treatmentof%20Menstrual%20Migraine.pdf;https://mega.nz/file/N5BTQAqJ#3NEO8C308uJurJOeyqyTJ7CK2ulGwOn4oQvAw-KEmcI;1973;;;;img/cover page/Katharina Dalton/1973 - Progesterone Suppositories And Pessaries In The Treatmentof Menstrual Migraine.webp
Valedictory Address;Katharina Dalton;https://raw.githubusercontent.com/peatysharing/bibliography/main/Katharina%20Dalton/1973%20-%20Katharina%20Dalton%20-%20Valedictory%20Address.pdf;https://mega.nz/file/IsBykBzA#-kpr_QSO4XZ4JRhTtLGTmCORf1ftJwnh--WLcla6HJU;1973;;;;img/cover page/Katharina Dalton/1973 - Valedictory Address.webp
Food Intake Prior To A Migraine Attack -Study Of 2313 Spontaneous Attacks;Katharina Dalton;https://raw.githubusercontent.com/peatysharing/bibliography/main/Katharina%20Dalton/1975%20-%20Katharina%20Dalton%20-%20Food%20Intake%20Prior%20To%20A%20Migraine%20Attack%20-Study%20Of%202313%20Spontaneous%20Attacks.pdf;https://mega.nz/file/wx4gUbCK#TA9hP_zVut_ocKTwA2xEXBwUeyUmGvEYZP2lobKin_c;1975;;;;img/cover page/Katharina Dalton/1975 - Food Intake Prior To A Migraine Attack - Study Of 2313 Spontaneous Attacks.webp
Paramenstrual Baby Battering;Katharina Dalton;https://raw.githubusercontent.com/peatysharing/bibliography/main/Katharina%20Dalton/1975%20-%20Katharina%20Dalton%20-%20Paramenstrual%20Baby%20Battering.pdf;https://mega.nz/file/IowjzQII#4oxFbbea2dJtoT8UvH-NCka55tnEXFStseyCsR4NSDo;1975;;;;img/cover page/Katharina Dalton/1975 - Paramenstrual Baby Battering.webp
Migraine And Oral Contracteptives;Katharina Dalton;https://raw.githubusercontent.com/peatysharing/bibliography/main/Katharina%20Dalton/1976%20-%20Katharina%20Dalton%20-%20Migraine%20And%20Oral%20Contracteptives.pdf;https://mega.nz/file/5wRGAYJQ#8VMyDampdtbf8MG1B11UWaecRdGJ6IzBM8cGla81eJ0;1976;;;;img/cover page/Katharina Dalton/1976 - Migraine And Oral Contracteptives.webp
Prenatal Progesterone And Educational Attainments;Katharina Dalton;https://raw.githubusercontent.com/peatysharing/bibliography/main/Katharina%20Dalton/1976%20-%20Katharina%20Dalton%20-%20Prenatal%20Progesterone%20And%20Educational%20Attainments.pdf;https://mega.nz/file/c9Q2iQaa#N7FtcuDjmIeVV5PUXMjIbN6x0kMJ7yeDrKrCY5Sp-78;1976;;;Article;img/cover page/Katharina Dalton/1976 - Prenatal Progesterone And Educational Attainments.webp
Progesterone Or Progestogens;Katharina Dalton;https://raw.githubusercontent.com/peatysharing/bibliography/main/Katharina%20Dalton/1976%20-%20Katharina%20Dalton%20-%20Progesterone%20Or%20Progestogens.pdf;https://mega.nz/file/o150kSjZ#xtXabJg2-JRvUBU4eJPCfGwZ3LZD20olfElYl1LPYTs;1976;;;;img/cover page/Katharina Dalton/1976 - Progesterone Or Progestogens.webp
The Menopause, A Clinician's View;Katharina Dalton;https://raw.githubusercontent.com/peatysharing/bibliography/main/Katharina%20Dalton/1976%20-%20Katharina%20Dalton%20-%20The%20Menopause%2C%20A%20Clinician%27s%20View.pdf;https://mega.nz/file/91ZD3byR#-ix2Wws_Tw_CCAbTfcxrUAC5GjjiG6J4lKObJ7r8l54;1976;;;;img/cover page/Katharina Dalton/1976 - The Menopause, A Clinician's View.webp
Hormone Replacement Therapy And The General Practitioner;Katharina Dalton;https://raw.githubusercontent.com/peatysharing/bibliography/main/Katharina%20Dalton/1977%20-%20Katharina%20Dalton%20-%20Hormone%20Replacement%20Therapy%20And%20The%20General%20Practitioner.pdf;https://mega.nz/file/AgxwRYAK#ypqkmIFa5VUCCjQkmDDJEAdKyE0xIS8o-myPWB9xnnY;1977;;;;img/cover page/Katharina Dalton/1977 - Hormone Replacement Therapy And The General Practitioner.webp
Progesterone and Enhanced Intelligence (Nursing Mirror);Katharina Dalton;https://raw.githubusercontent.com/peatysharing/bibliography/main/Katharina%20Dalton/1977%20-%20Katharina%20Dalton%20-%20Progesterone%20and%20Enhanced%20Intelligence%20%28Nursing%20Mirror%29.pdf;https://mega.nz/file/R1AwCbCK#ElMUJBxnvu34hJZk9Lt4019UObfn306_x5RXc2wGU3I;1977;;;;img/cover page/Katharina Dalton/1977 - Progesterone and Enhanced Intelligence (Nursing Mirror).webp
The Menopause (Nursing Mirror);Katharina Dalton;https://raw.githubusercontent.com/peatysharing/bibliography/main/Katharina%20Dalton/1977%20-%20Katharina%20Dalton%20-%20The%20Menopause%20%28Nursing%20Mirror%29.pdf;https://mega.nz/file/NpYAiLKC#PE7tmM1VegdQy2ijOV6bRiQf7LaBvsCCD3ox8y9CZ9s;1977;;;;img/cover page/Katharina Dalton/1977 - The Menopause (Nursing Mirror).webp
The Premenstrual Syndrome And Progesterone Therapy;Katharina Dalton;https://raw.githubusercontent.com/peatysharing/bibliography/main/Katharina%20Dalton/1977%20-%20Katharina%20Dalton%20-%20The%20Premenstrual%20Syndrome%20And%20Progesterone%20Therapy.pdf;https://mega.nz/file/k0AU3B5b#EksOlhqhC6q5HUahDKAieJwCn0YIfh5EfqTsf26IWYQ;1977;;;;img/cover page/Katharina Dalton/1977 - The Premenstrual Syndrome And Progesterone Therapy.webp
Letters To The Editor;Katharina Dalton;https://raw.githubusercontent.com/peatysharing/bibliography/main/Katharina%20Dalton/1978%20-%20Katharina%20Dalton%20-%20Letters%20To%20The%20Editor.pdf;https://mega.nz/file/FlQTABwI#egUXf9eqPkgXm0y9SgwJTYOCU-cZqTKh1cOfzMd11CY;1978;;;;img/cover page/Katharina Dalton/1978 - Letters To The Editor.webp
Menarcheal Age In The Disabled;Katharina Dalton;https://raw.githubusercontent.com/peatysharing/bibliography/main/Katharina%20Dalton/1978%20-%20Katharina%20Dalton%20-%20Menarcheal%20Age%20In%20The%20Disabled.pdf;https://mega.nz/file/lpInES4Y#rC5b2VGM-WooesFRT5eCRpCBn-kqTTsjCs8nEHWIFSU;1978;;;;img/cover page/Katharina Dalton/1978 - Menarcheal Age In The Disabled.webp
Correspondence About The Secretion Patterns Of Different Forms Of Progesterone In Early Abnormal Pregnancy;Katharina Dalton;https://raw.githubusercontent.com/peatysharing/bibliography/main/Katharina%20Dalton/1979%20-%20Katharina%20Dalton%20-%20Correspondence%20About%20The%20Secretion%20Patterns%20Of%20Different%20Forms%20Of%20Progesterone%20In%20Early%20Abnormal%20Pregnancy.pdf;https://mega.nz/file/k8hTARyQ#UiqBPyMVsocVaI7rBNJ8Ts5zmVwYBbZHXDMQgDRiYbw;1979;;;;img/cover page/Katharina Dalton/1979 - Correspondence About The Secretion Patterns Of Different Forms Of Progesterone In Early Abnormal Pregnancy.webp
Food Intake Before Migraine Attacks In Children;Katharina Dalton;https://raw.githubusercontent.com/peatysharing/bibliography/main/Katharina%20Dalton/1979%20-%20Katharina%20Dalton%20-%20Food%20Intake%20Before%20Migraine%20Attacks%20In%20Children.pdf;https://mega.nz/file/Ftg1GarJ#bO2Cq-5_K5k8fhAc2Pq8NylpWMJp_NQvMfZ6g5awOMg;1979;;;;img/cover page/Katharina Dalton/1979 - Food Intake Before Migraine Attacks In Children.webp
Intelligence And Prenatal Progesterone - A Reappraisal;Katharina Dalton;https://raw.githubusercontent.com/peatysharing/bibliography/main/Katharina%20Dalton/1979%20-%20Katharina%20Dalton%20-%20Intelligence%20And%20Prenatal%20Progesterone%20-%20A%20Reappraisal.pdf;https://mega.nz/file/l5RQgLCL#xSVC0tLYbUPlYQFb_UUvGrnGRU5ADtxFZJVF3Stn4mk;1979;;;;img/cover page/Katharina Dalton/1979 - Intelligence And Prenatal Progesterone - A Reappraisal.webp
Intelligence And Prenatal Progesterone;Katharina Dalton;https://raw.githubusercontent.com/peatysharing/bibliography/main/Katharina%20Dalton/1979%20-%20Katharina%20Dalton%20-%20Intelligence%20And%20Prenatal%20Progesterone.pdf;https://mega.nz/file/U8YjnbJI#Ncya4SOcN5NSUv98EJqt0hvwsspI_Auwg8_s2_NfhYw;1979;;;;img/cover page/Katharina Dalton/1979 - Intelligence And Prenatal Progesterone.webp
Cyclical Criminal Acts In Premenstrual Syndrome;Katharina Dalton;https://raw.githubusercontent.com/peatysharing/bibliography/main/Katharina%20Dalton/1980%20-%20Katharina%20Dalton%20-%20Cyclical%20Criminal%20Acts%20In%20Premenstrual%20Syndrome.pdf;https://mega.nz/file/Q9ZTjT5a#IaD9Nq4twuLtNFUMYu_acN1MaLaAAW_yOAbuebls6TA;1980;;;;img/cover page/Katharina Dalton/1980 - Cyclical Criminal Acts In Premenstrual Syndrome.webp
Progesterone, Fluid, And Electrolytes In Premenstrual Syndrome;Katharina Dalton;https://raw.githubusercontent.com/peatysharing/bibliography/main/Katharina%20Dalton/1980%20-%20Katharina%20Dalton%20-%20Progesterone%2C%20Fluid%2C%20And%20Electrolytes%20In%20Premenstrual%20Syndrome.pdf;https://mega.nz/file/VgQhWQib#x8MhBEuhWqzvVpLyck9EMOnTZTDbJd2s2X0-y-C2yNQ;1980;;;;img/cover page/Katharina Dalton/1980 - Progesterone, Fluid, And Electrolytes In Premenstrual Syndrome.webp
Premenstrual Syndrome;Katharina Dalton;https://raw.githubusercontent.com/peatysharing/bibliography/main/Katharina%20Dalton/1980%20-%20Katherina%20Dalton%20-%20Premenstrual%20Syndrome.pdf;https://mega.nz/file/px5CAb7R#6_Y1xuFMpuA5gtTKb2Szm5tMeQsWBzzR2uZAf97roIE;1980;;;;img/cover page/Katharina Dalton/1980 - Premenstrual Syndrome.webp
The Effect of Progesterone and Progestogens on the Foetus (Neuropharmacology);Katharina Dalton;https://raw.githubusercontent.com/peatysharing/bibliography/main/Katharina%20Dalton/1981%20-%20Katharina%20Dalton%20-%20The%20Effect%20of%20Progesterone%20and%20Progestogens%20on%20the%20Foetus%20%28Neuropharmacology%29.pdf;https://mega.nz/file/MopSDJKB#WpA7mqm7yqu5nevg1I58UxBWyLdwakYYpsQY7t6G6nc;1981;;;;img/cover page/Katharina Dalton/1981 - The Effect of Progesterone and Progestogens on the Foetus (Neuropharmacology).webp
The Importance of diagnosing Premenstrual Syndrome (Health Visitor);Katharina Dalton;https://raw.githubusercontent.com/peatysharing/bibliography/main/Katharina%20Dalton/1982%20-%20Katharina%20Dalton%20-%20The%20Importance%20of%20diagnosing%20Premenstrual%20Syndrome%20%28Health%20Visitor%29.pdf;https://mega.nz/file/d9ZznACb#2C76is5KZ6mz8dBtI5gAq5bx8BbViJP0c3_kIZlDz1M;1982;;;;img/cover page/Katharina Dalton/1982 - The Importance of diagnosing Premenstrual Syndrome (Health Visitor).webp
What Is This PMS;Katharina Dalton;https://raw.githubusercontent.com/peatysharing/bibliography/main/Katharina%20Dalton/1982%20-%20Katharina%20Dalton%20-%20What%20Is%20This%20PMS.pdf;https://mega.nz/file/V1owhYhI#ULlVEajqeHkPbzYcn7KuF6K_3DAMNR8oI73SIGKnvMQ;1982;;;;img/cover page/Katharina Dalton/1982 - What Is This PMS.webp
Incidence Of The Premenstrual Syndrome In Twins;Katharina Dalton;https://raw.githubusercontent.com/peatysharing/bibliography/main/Katharina%20Dalton/1987%20-%20Katharina%20Dalton%20-%20Incidence%20Of%20The%20Premenstrual%20Syndrome%20In%20Twins.pdf;https://mega.nz/file/g14GCZQK#bSV315dKjS3ZT3FTZ53jplIeGZ5iKyIEJPEvJiJgTIk;1987;;;;img/cover page/Katharina Dalton/1987 - Incidence Of The Premenstrual Syndrome In Twins.webp
Progesterone For Premenstrual Exacerbations Of Asthma;Katharina Dalton;https://raw.githubusercontent.com/peatysharing/bibliography/main/Katharina%20Dalton/1988%20-%20Katharina%20Dalton%20-%20Progesterone%20For%20Premenstrual%20Exacerbations%20Of%20Asthma.pdf;https://mega.nz/file/ZtoVAAZA#VcBMlnZs1UeN7B7sD5MrvbGO_uEbzVgxzGggE7U6o2Q;1988;;;;img/cover page/Katharina Dalton/1988 - Progesterone For Premenstrual Exacerbations Of Asthma.webp
Treating The Premenstrual Syndrome;Katharina Dalton;https://raw.githubusercontent.com/peatysharing/bibliography/main/Katharina%20Dalton/1988%20-%20Katharina%20Dalton%20-%20Treating%20The%20Premenstrual%20Syndrome.pdf;https://mega.nz/file/I5RBCQ6L#Jps41f4i9GqrsyE44dfGu_DJWTzAuwN-1OrFhNqFJmg;1988;https://ln5.sync.com/dl/6e8bbead0/qttf75q4-e6c66v5j-di66fd5e-275mjfbg;Endocrinology;Article;img/cover page/Katharina Dalton/1988 - Treating The Premenstrual Syndrome.webp
Local Reaction To Progesterone;Katharina Dalton;https://raw.githubusercontent.com/peatysharing/bibliography/main/Katharina%20Dalton/1989%20-%20Katharina%20Dalton%20-%20Local%20Reaction%20To%20Progesterone.pdf;https://mega.nz/file/hg5QHQgD#ki-lTAfrqjaqxkrdjJKQhrvKyICy0FHWaoAox_80k1g;1989;;;;img/cover page/Katharina Dalton/1989 - Local Reaction To Progesterone.webp
The Aetiology Of Premenstrual Syndrome Is With The Progesterone Receptos;Katharina Dalton;https://raw.githubusercontent.com/peatysharing/bibliography/main/Katharina%20Dalton/1990%20-%20Katharina%20Dalton%20-%20The%20Aetiology%20Of%20Premenstrual%20Syndrome%20Is%20With%20The%20Progesterone%20Receptos.pdf;https://mega.nz/file/Q8hTibZK#aipXx1PswVt605vYLFrNYGbIxIPlusj3478q92ZGdMw;1990;;;;img/cover page/Katharina Dalton/1990 - The Aetiology Of Premenstrual Syndrome Is With The Progesterone Receptos.webp
Premenstrual Syndrome, An Alternative View (British Journal of Hospital Medicine);Katharina Dalton;https://raw.githubusercontent.com/peatysharing/bibliography/main/Katharina%20Dalton/1991%20-%20Katharina%20Dalton%20-%20Premenstrual%20Syndrome%2C%20An%20Alternative%20View%20%28British%20Journal%20of%20Hospital%20Medicine%29.pdf;https://mega.nz/file/Mx4RTIQB#e5PMRMi_aoYCrYME_xW7SCQAJ0lU2I3clyzxF1SHLok;1991;;;;img/cover page/Katharina Dalton/1991 - Premenstrual Syndrome, An Alternative View (British Journal of Hospital Medicine).webp
Early Detection Of Preeclampsia;Katharina Dalton;https://raw.githubusercontent.com/peatysharing/bibliography/main/Katharina%20Dalton/1992%20-%20Katharina%20Dalton%20-%20Early%20Detection%20Of%20Preeclampsia.pdf;https://mega.nz/file/4hJhCCqT#d4U5ckaBD_IupHM2d8-_6DgUD-KTmpRIyrEk3R4Wyr0;1992;;;;img/cover page/Katharina Dalton/1992 - Early Detection Of Preeclampsia.webp
Epidemiology Of Premenstrual Symptoms;Katharina Dalton;https://raw.githubusercontent.com/peatysharing/bibliography/main/Katharina%20Dalton/1993%20-%20Katharina%20Dalton%20-%20Epidemiology%20Of%20Premenstrual%20Symptoms.pdf;https://mega.nz/file/EsQ1DRBZ#L6ybIIZ0MWoOmCsOGh1cWJ3pTxii49TnhSCHReXyLao;1993;;;;img/cover page/Katharina Dalton/1993 - Epidemiology Of Premenstrual Symptoms.webp
Treatment Of Postnatal Depression;Katharina Dalton;https://raw.githubusercontent.com/peatysharing/bibliography/main/Katharina%20Dalton/1997%20-%20Katharina%20Dalton%20-%20Treatment%20Of%20Postnatal%20Depression.pdf;https://mega.nz/file/ZlgVDCaT#ohbnUnYpxKYfo4LGqDCYHkcaPcO4FUU3SzPddfX0Zm4;1997;;;;img/cover page/Katharina Dalton/1997 - Treatment Of Postnatal Depression.webp
The Disorders, Premenstrual Syndrome;Katharina Dalton;https://raw.githubusercontent.com/peatysharing/bibliography/main/Katharina%20Dalton/2001%20-%20Katharina%20Dalton%20-%20The%20Disorders%2C%20Premenstrual%20Syndrome.pdf;https://mega.nz/file/ZxozXKTK#OM0pYcBF9rdbIgn9vtgBFk-QiYR4SNgC65BG2StcMa0;2001;;;;img/cover page/Katharina Dalton/2001 - The Disorders, Premenstrual Syndrome.webp
The Premenstrual Syndrome;Katharina Dalton, Raymond Greene;https://raw.githubusercontent.com/peatysharing/bibliography/main/Katharina%20Dalton/1953%20-%20Katharina%20Dalton%3B%20Raymond%20Greene%20-%20The%20Premenstrual%20Syndrome.pdf;https://mega.nz/file/R8YgFYAS#bN6KDe7r7bkWwc12MZejKpTAHx0crAA1YkyKwlb5iUU;1953;;;;img/cover page/Katharina Dalton/1953 - The Premenstrual Syndrome.webp
The Effects Of Decreased Thoracic Compliance On The Ventilatory Response To Co2;Katharina Dalton, S. Freedman, J. M. S. Patton, Denise Holland;https://raw.githubusercontent.com/peatysharing/bibliography/main/Katharina%20Dalton/1970%20-%20Katharina%20Dalton%3B%20S.%20Freedman%3B%20J.%20M.%20S.%20Patton%3B%20Denise%20Holland%20-%20The%20Effects%20Of%20Decreased%20Thoracic%20Compliance%20On%20The%20Ventilatory%20Response%20To%20Co2.pdf;https://mega.nz/file/19oDFDTD#4Jtix5ccb_8-aWXocVjagPr4_kjlKpbXjXpABa94fqk;1970;;;;img/cover page/Katharina Dalton/1970 - The Effects Of Decreased Thoracic Compliance On The Ventilatory Response To Co2.webp
Depression After Childbirth, How To Recognize And Treat Postnatal Illness;Katharina Dalton, Wendy Holton;https://raw.githubusercontent.com/peatysharing/bibliography/main/Katharina%20Dalton/2001%20-%20Katharina%20Dalton%2C%20Wendy%20Holton%20-%20Depression%20After%20Childbirth%2C%20How%20To%20Recognize%20And%20Treat%20Postnatal%20Illness.pdf;https://mega.nz/file/RoIkwRAD#RUG9arfOF4fer0d4da6u_K8i2Eyr3O0HF_qvBmkBfcM;2001;https://ln5.sync.com/dl/4cd3be200/xrf4ywnm-kveb8nij-7nwasvx7-ffjvkvzj;Endocrinology;Book;img/cover page/Katharina Dalton/2001 - Depression After Childbirth, How To Recognize And Treat Postnatal Illness.webp
Natural Foods And Good Cooking;Kathy Cituk, John Finnegan, Abram Hoffer;https://raw.githubusercontent.com/peatysharing/bibliography/main/Kathy%20Cituk/1989%20-%20Kathy%20Cituk%3B%20John%20Finnegan%3B%20Abram%20Hoffer%20-%20Natural%20Foods%20And%20Good%20Cooking.pdf;https://mega.nz/file/F5IxQDQJ#afSSnbGsYALsrSsQiYsuBI8cOnJz-8eQJXSIq00ydB0;1989;;;Book;img/cover page/Kathy Cituk/1989 - Natural Foods And Good Cooking.webp
Caries-free Teeth In The Absence Of The Fluoride Ion;Kenneth J. Rothman, Robert L. Glass, Fabio Espinal, Herman Velez;https://raw.githubusercontent.com/peatysharing/bibliography/main/Kenneth%20J.%20Rothman/1972%20-%20Kenneth%20J.%20Rothman%3B%20Robert%20L.%20Glass%3B%20Fabio%20Espinal%3B%20Herman%20Velez%20-%20Caries-free%20Teeth%20In%20The%20Absence%20Of%20The%20Fluoride%20Ion.pdf;https://mega.nz/file/pswC2IrJ#nRk04p_m1K6LccVXX4RSpzTPvFoI4qqlNT2xN_enCC8;1972;;;Article;img/cover page/Kenneth J. Rothman/1972 - Caries-free Teeth In The Absence Of The Fluoride Ion.webp
Acetylcholinesterase And Cholinesterase Activities, Protein Content And Wet Weight Measures In The Rat Brain After Early Hypophysectomy;Kenneth M. Gregory, Marian C. Diamond;https://raw.githubusercontent.com/peatysharing/bibliography/main/Marian%20Diamond/1968%20-%20Kenneth%20M.%20Gregory%2C%20Marian%20C.%20Diamond%20-%20Acetylcholinesterase%20And%20Cholinesterase%20Activities%2C%20Protein%20Content%20And%20Wet%20Weight%20Measures%20In%20The%20Rat%20Brain%20After%20Early%20Hypophysectomy.pdf;https://mega.nz/file/o1gxXRyC#LIfJ-g_5SKQiKed4K2G3ID4wZefS_GNjvfe2LO9xlh8;1968;;;;img/cover page/Marian C. Diamond/1968 - Acetylcholinesterase And Cholinesterase Activities, Protein Content And Wet Weight Measures In The Rat Brain After Early Hypophysectomy.webp
Insulin;Kerstin Hall, Rolf Luft;https://raw.githubusercontent.com/peatysharing/bibliography/main/Kerstin%20Hall/1974%20-%20Kerstin%20Hall%3B%20Rolf%20Luft%20-%20Insulin.pdf;https://mega.nz/file/M4o0GQqT#S0S_mj89U2EaR_MijDSQnDc0wovi8PlHgzVhoFBvxxI;1974;;;;img/cover page/Kerstin Hall/1974 - Insulin.webp
Dietetic Hepatic Injuries And The Mode Of Action Of Tocopherol;Klaus Schwarz;https://raw.githubusercontent.com/peatysharing/bibliography/main/Klaus%20Schwarz/1949%20-%20Klaus%20Schwarz%20-%20Dietetic%20Hepatic%20Injuries%20And%20The%20Mode%20Of%20Action%20Of%20Tocopherol.pdf;https://mega.nz/file/E95zkZJQ#0CoSu63Wi3Czol8onlRNfURi7E2Od9g-sQRavW5i7Uc;1949;;;Article;img/cover page/Klaus Schwarz/1949 - Dietetic Hepatic Injuries And The Mode Of Action Of Tocopherol.webp
The Life Of The Plant, Ten Popular Lectures;Kliment Timiryazev;https://raw.githubusercontent.com/peatysharing/bibliography/main/Kliment%20Timiryazev/1958%20-%20Kliment%20Timiryazev%20-%20The%20Life%20Of%20The%20Plant%2C%20Ten%20Popular%20Lectures.pdf;https://mega.nz/file/E5IzmKQT#06GAyqlulUwy4ehHvWqacSn2NOX4reTh9Jgxju50tcg;1958;;;Book;img/cover page/Kliment Timiryazev/1958 - The Life Of The Plant, Ten Popular Lectures.webp
Civilized Man's Eight Deadly Sins;Konrad Lorenz;https://raw.githubusercontent.com/peatysharing/bibliography/main/Konrad%20Lorenz/1974%20-%20Konrad%20Lorenz%20-%20Civilized%20Man%27s%20Eight%20Deadly%20Sins.pdf;https://mega.nz/file/50pR3CRD#IRUu3NixtVapogfot-tbLJpSGMHrQPHpxW59PYH_RiM;1974;;;Book;img/cover page/Konrad Lorenz/1974 - Civilized Man's Eight Deadly Sins.webp
The Organism, A Holistic Approach To Biology Derived From Pathological Data In Man;Kurt Goldstein;https://raw.githubusercontent.com/peatysharing/bibliography/main/Kurt%20Goldstein/1939%20-%20Kurt%20Goldstein%20-%20The%20Organism%2C%20A%20Holistic%20Approach%20To%20Biology%20Derived%20From%20Pathological%20Data%20In%20Man.pdf;https://mega.nz/file/ckxlXSzS#4YNTwgMmpYUZj-xhKQeCpLCV8a_wrrGn7h5kAheLMkc;1939;;;Book;img/cover page/Kurt Goldstein/1939 - The Organism, A Holistic Approach To Biology Derived From Pathological Data In Man.webp
Misconceptions About The Relation Between Plant Growth And Respiration;L. D. Hansen, R. W Breidenbach, B. N. Smith, J. R. Hansen, R. S. Criddle;https://raw.githubusercontent.com/peatysharing/bibliography/main/L.%20D.%20Hansen/1998%20-%20L.%20D.%20Hansen%3B%20R.%20W%20Breidenbach%3B%20B.%20N.%20Smith%3B%20J.%20R.%20Hansen%3B%20R.%20S.%20Criddle%20-%20Misconceptions%20About%20The%20Relation%20Between%20Plant%20Growth%20And%20Respiration.pdf;https://mega.nz/file/BkwXxTRD#o6dXMmBbu2HJl-RjbNk8j6gP1lkx66nol1-bYv0Zs3Y;1998;;;Article;img/cover page/L. D. Hansen/1998 - Misconceptions About The Relation Between Plant Growth And Respiration.webp
Effect Of Administration Of Alpha-tocopherol To Albino Rats On Changes In Content Of Atp, Adp, And Inorganic Phosphorus In The Skin And Skeletal Muscles Due To Avitaminosis K;L. I. Matusis;https://raw.githubusercontent.com/peatysharing/bibliography/main/L.%20I.%20Matusis/1971%20-%20L.%20I.%20Matusis%20-%20Effect%20Of%20Administration%20Of%20Alpha-tocopherol%20To%20Albino%20Rats%20On%20Changes%20In%20Content%20Of%20Atp%2C%20Adp%2C%20And%20Inorganic%20Phosphorus%20In%20The%20Skin%20And%20Skeletal%20Muscles%20Due%20To%20Avitaminosis%20K.pdf;https://mega.nz/file/Qlo0QBoY#exsdBL_e671uYjUFtz_8mYoGX7lGhxrzuUHgRq8SU-I;1971;;;Article;img/cover page/L. I. Matusis/1971 - Effect Of Administration Of Alpha-tocopherol To Albino Rats On Changes In Content Of Atp, Adp, And Inorganic Phosphorus In The Skin And Skeletal Muscles Due To Avitaminosis K.webp
Kinetics Of Tissue Alpha-tocopherol Uptake And Depletion Following Administration Of High Levels Of Vitamin E;L. J. Machlin, E. Gabriel;https://raw.githubusercontent.com/peatysharing/bibliography/main/L.%20J.%20Machlin/1982%20-%20L.%20J.%20Machlin%3B%20E.%20Gabriel%20-%20Kinetics%20Of%20Tissue%20Alpha-tocopherol%20Uptake%20And%20Depletion%20Following%20Administration%20Of%20High%20Levels%20Of%20Vitamin%20E.pdf;https://mega.nz/file/NkgRlYTJ#LcsYvBhMFDWeIeF9YpR5JUQS5bu4O58c4A3gSynbTcY;1982;;;Article;img/cover page/L. J. Machlin/1982 - Kinetics Of Tissue Alpha-tocopherol Uptake And Depletion Following Administration Of High Levels Of Vitamin E.webp
Inadequate Corpus Luteal Function In Women With Benign Breast Diseases;L. R. Sitruk-Ware, N. Sterkesr, I. Mowszowicz, P. Mauvais-Jarvis;https://raw.githubusercontent.com/peatysharing/bibliography/main/L.%20R.%20Sitruk-Ware/1977%20-%20L.%20R.%20Sitruk-Ware%3B%20N.%20Sterkesr%3B%20I.%20Mowszowicz%3B%20P.%20Mauvais-Jarvis%20-%20Inadequate%20Corpus%20Luteal%20Function%20In%20Women%20With%20Benign%20Breast%20Diseases.pdf;https://mega.nz/file/10RXTKSL#7XLc9XRnmnz9HRL2Xqy0HB4uV9eKlLCoAuNeNVmOXvM;1977;;;Article;img/cover page/L. R. Sitruk-Ware/1977 - Inadequate Corpus Luteal Function In Women With Benign Breast Diseases.webp
Inequality Of Inspired And Expired Gaseous Nitrogen In Man;L. T. Dudka, H. J. Inglis, R. E. Johnson, J. M. Pechinski, Sharon Plowman;https://raw.githubusercontent.com/peatysharing/bibliography/main/L.%20T.%20Dudka/1971%20-%20L.%20T.%20Dudka%3B%20H.%20J.%20Inglis%3B%20R.%20E.%20Johnson%3B%20J.%20M.%20Pechinski%3B%20Sharon%20Plowman%20-%20Inequality%20Of%20Inspired%20And%20Expired%20Gaseous%20Nitrogen%20In%20Man.pdf;https://mega.nz/file/gg4CzAKb#gCFJMVRQZ2gHbPm8u0y6NY-vlrzUZ85eEgRXSyVIm_4;1971;;;Article;img/cover page/L. T. Dudka/1971 - Inequality Of Inspired And Expired Gaseous Nitrogen In Man.webp
Loss And Restoration Of Regenerative Capacity In Tissues And Organs Of Animals;L. V. Polezhaev;https://raw.githubusercontent.com/peatysharing/bibliography/main/L.%20V.%20Polezhaev/1972%20-%20L.%20V.%20Polezhaev%20-%20Loss%20And%20Restoration%20Of%20Regenerative%20Capacity%20In%20Tissues%20And%20Organs%20Of%20Animals.pdf;https://mega.nz/file/Fsh1ibQb#aQNNM_SznT7szI59RQ7kWNBBbY8eWIrXi5ewUhKD0LM;1972;;;Book;img/cover page/L. V. Polezhaev/1972 - Loss And Restoration Of Regenerative Capacity In Tissues And Organs Of Animals.webp
Organ Regeneration in Animals;L. V. Polezhaev;https://raw.githubusercontent.com/peatysharing/bibliography/main/L.%20V.%20Polezhaev/1972%20-%20L.%20V.%20Polezhaev%20-%20Organ%20Regeneration%20in%20Animals.pdf;https://mega.nz/file/s151XQRY#FEIXhmMm7pJQrVhIv71anco1jpQAyANioBoShTc1z5E;1972;;;;img/cover page/L. V. Polezhaev/1972 - Organ Regeneration in Animals.webp
Archimedes Or The Future Of Physics;Lancelot Law Whyte;https://raw.githubusercontent.com/peatysharing/bibliography/main/Lancelot%20Law%20Whyte/1927%20-%20Lancelot%20Law%20Whyte%20-%20Archimedes%20Or%20The%20Future%20Of%20Physics.pdf;https://mega.nz/file/1kRQgTyZ#UV-7Q70I39JbWQwUc3-sSxEhHGZDWFdnXVo3EHEj41I;1927;;;Book;img/cover page/Lancelot Law Whyte/1927 - Archimedes Or The Future Of Physics.webp
Critique of Physics;Lancelot Law Whyte;https://raw.githubusercontent.com/peatysharing/bibliography/main/Lancelot%20Law%20Whyte/1931%20-%20Lancelot%20Law%20Whyte%20-%20Critique%20of%20Physics.pdf;https://mega.nz/file/9ph1WYpI#hMNaVQep6tuKOl0tkI39EwxekA5WyVCSVNTQEtGWvUo;1931;;;Book;img/cover page/Lancelot Law Whyte/1931 - Critique of Physics.webp
The Unitary Principle In Physics And Biology;Lancelot Law Whyte;https://raw.githubusercontent.com/peatysharing/bibliography/main/Lancelot%20Law%20Whyte/1949%20-%20Lancelot%20Law%20Whyte%20-%20The%20Unitary%20Principle%20In%20Physics%20And%20Biology.pdf;https://mega.nz/file/R1oVwKZI#xIEwnC6harF0cHQ0T4WahJ6BB8jXALWy_ggP74l_7OA;1949;;;Book;img/cover page/Lancelot Law Whyte/1949 - The Unitary Principle In Physics And Biology.webp
The Next Development In Man;Lancelot Law Whyte;https://raw.githubusercontent.com/peatysharing/bibliography/main/Lancelot%20Law%20Whyte/1950%20-%20Lancelot%20Law%20Whyte%20-%20The%20Next%20Development%20In%20Man.pdf;https://mega.nz/file/BxgEzaab#o1rng1reSrvAtvYKh_8Ivcvlsij2oKsrq-5AIBnR1ns;1950;;;Book;img/cover page/Lancelot Law Whyte/1950 - The Next Development In Man.webp
Accent On Form. An Anticipation Of The Science Of Tomorrow;Lancelot Law Whyte;https://raw.githubusercontent.com/peatysharing/bibliography/main/Lancelot%20Law%20Whyte/1954%20-%20Lancelot%20Law%20Whyte%20-%20Accent%20On%20Form.%20An%20Anticipation%20Of%20The%20Science%20Of%20Tomorrow.pdf;https://mega.nz/file/RopAgJgK#wI1NtKuuVcHgp8c_xo0o8uHLI-usJbFd6oLVI_gpeco;1954;;;Book;img/cover page/Lancelot Law Whyte/1954 - Accent On Form. An Anticipation Of The Science Of Tomorrow.webp
Essay On Atomism. From Democritus to 1960;Lancelot Law Whyte;https://raw.githubusercontent.com/peatysharing/bibliography/main/Lancelot%20Law%20Whyte/1961%20-%20Lancelot%20Law%20Whyte%20-%20Essay%20On%20Atomism.%20From%20Democritus%20to%201960.pdf;https://mega.nz/file/E1ARAYyR#F5pVjb-_Ji1TPBXu19JP4RvriD9m1w6cLnpFoNWu3aE;1961;;;Book;img/cover page/Lancelot Law Whyte/1961 - Essay On Atomism. From Democritus to 1960.webp
The Atomic Problem. A Challenge To Physicists And Mathematicians;Lancelot Law Whyte;https://raw.githubusercontent.com/peatysharing/bibliography/main/Lancelot%20Law%20Whyte/1961%20-%20Lancelot%20Law%20Whyte%20-%20The%20Atomic%20Problem.%20A%20Challenge%20To%20Physicists%20And%20Mathematicians.pdf;https://mega.nz/file/A1Zmwa4L#wj6jeRf3BzYvfFCQ6Vgpg9A1SlnOPKrrlwzQnrKHZmM;1961;;;Book;img/cover page/Lancelot Law Whyte/1961 - The Atomic Problem. A Challenge To Physicists And Mathematicians.webp
The Unconscious Before Freud;Lancelot Law Whyte;https://raw.githubusercontent.com/peatysharing/bibliography/main/Lancelot%20Law%20Whyte/1962%20-%20Lancelot%20Law%20Whyte%20-%20The%20Unconscious%20Before%20Freud.pdf;https://mega.nz/file/l5ohhRQR#DCxogbzYUoq-GM_eoth67WD7k_MU7tJYt58T__fv7ZE;1962;;;Book;img/cover page/Lancelot Law Whyte/1962 - The Unconscious Before Freud.webp
Internal Factors In Evolution;Lancelot Law Whyte;https://raw.githubusercontent.com/peatysharing/bibliography/main/Lancelot%20Law%20Whyte/1965%20-%20Lancelot%20Law%20Whyte%20-%20Internal%20Factors%20In%20Evolution.pdf;https://mega.nz/file/x5QmASCQ#RY7-Y8lx4hZUXPYD9HoSMUoBO_k90VSMPuIk5UmU8uA;1965;;;Book;img/cover page/Lancelot Law Whyte/1965 - Internal Factors In Evolution.webp
Aspects Of Form. A Symposium On Form In Nature And Art;Lancelot Law Whyte;https://raw.githubusercontent.com/peatysharing/bibliography/main/Lancelot%20Law%20Whyte/1968%20-%20Lancelot%20Law%20Whyte%20-%20Aspects%20Of%20Form.%20A%20Symposium%20On%20Form%20In%20Nature%20And%20Art.pdf;https://mega.nz/file/1xAHwDzB#aNK32TAovoedK1hdHtDCrHsgvdtgWxq4HQfmqfDTeSU;1968;;;Book;img/cover page/Lancelot Law Whyte/1968 - Aspects Of Form. A Symposium On Form In Nature And Art.webp
The Universe Of Experience. A World View Beyond Science And Religion;Lancelot Law Whyte;https://raw.githubusercontent.com/peatysharing/bibliography/main/Lancelot%20Law%20Whyte/1974%20-%20Lancelot%20Law%20Whyte%20-%20The%20Universe%20Of%20Experience.%20A%20World%20View%20Beyond%20Science%20And%20Religion.pdf;https://mega.nz/file/41gjBCjL#Zzxk7VEyMp8XQdH2b9O1BAhTzyACznJQXa5TLPf3z7M;1974;;;Book;img/cover page/Lancelot Law Whyte/1974 - The Universe Of Experience. A World View Beyond Science And Religion.webp
Hierarchical Structures;Lancelot Law Whyte, Albert G. Wilson, Donna Wilson;https://raw.githubusercontent.com/peatysharing/bibliography/main/Lancelot%20Law%20Whyte/1969%20-%20%20Lancelot%20Law%20Whyte%2C%20Albert%20G.%20Wilson%3B%20Donna%20Wilson%20-%20Hierarchical%20Structures.pdf;https://mega.nz/file/thRTGTaD#OIeySpORJGutFfa3Ve6j8oE9RVis2GcRPMx1pajhGeQ;1969;;;Book;img/cover page/Lancelot Law Whyte/1969 - Hierarchical Structures.webp
Fine Structural Effects of L-ascorbic Acid on Buccal Epithelium;Larry G. Thaete, J.Norman Grim;https://raw.githubusercontent.com/peatysharing/bibliography/main/Larry%20G.%20Thaete/1974%20-%20Larry%20G.%20Thaete%3B%20J.Norman%20Grim%20-%20Fine%20Structural%20Effects%20of%20L-ascorbic%20Acid%20on%20Buccal%20Epithelium.pdf;https://mega.nz/file/Z5ABjJjD#wo4ZEnWyTK5dGYcFq2isu97FV9LvQ5u7u4Eq0A0j6CI;1974;;;;img/cover page/Larry G. Thaete/1974 - Fine Structural Effects of L-ascorbic Acid on Buccal Epithelium.webp
Physical Characteristics And Sex Hormone Levels In Patients With Osteoporotic Hip Fractures Or Endometrial Cancer;Larry R. Laufer, Bert J. Davidson, Ronald K. Ross, Leo D. Lagasse, Pentti K. Siiteri, Howard L. Judd;https://raw.githubusercontent.com/peatysharing/bibliography/main/Larry%20R.%20Laufer/1983%20-%20Larry%20R.%20Laufer%3B%20Bert%20J.%20Davidson%3B%20Ronald%20K.%20Ross%3B%20Leo%20D.%20Lagasse%3B%20Pentti%20K.%20Siiteri%3B%20Howard%20L.%20Judd%20-%20Physical%20Characteristics%20And%20Sex%20Hormone%20Levels%20In%20Patients%20With%20Osteoporotic%20Hip%20Fractures%20Or%20Endometrial%20Cancer.pdf;https://mega.nz/file/tgBSTCoY#wMR1eYnGNJPjnTYk2y0OZd6E0hkksoeRG5_AXHlkRj8;1983;;;Article;img/cover page/Larry R. Laufer/1983 - Physical Characteristics And Sex Hormone Levels In Patients With Osteoporotic Hip Fractures Or Endometrial Cancer.webp
Mitochondrial Substrate Oxidation-Dependent Protection Against Lipid Peroxidation;Laszlo Mezaros, Karoly Tihanyi, Istvan Horvath;https://raw.githubusercontent.com/peatysharing/bibliography/main/Laszlo%20Mezaros/1982%20-%20Laszlo%20Mezaros%3B%20Karoly%20Tihanyi%3B%20Istvan%20Horvath%20-%20Mitochondrial%20Substrate%20Oxidation-Dependent%20Protection%20Against%20Lipid%20Peroxidation.pdf;https://mega.nz/file/M1oyAIAb#oOzP1hWT16pjDjC6oC5Syn8EVIQf9kp2p7ttgq5huUQ;1982;;;Article;img/cover page/Laszlo Mezaros/1982 - Mitochondrial Substrate Oxidation-Dependent Protection Against Lipid Peroxidation.webp
Radioimmunoassay Of Androstenedione. The Steroid Molecule As A Probe For Antibody Specificity;Leon Mileiwich, Celso Gomez-Sanchez, Paul C. Macdonald, Pentti K. Siiteri;https://raw.githubusercontent.com/peatysharing/bibliography/main/Leon%20Mileiwich/1975%20-%20Leon%20Mileiwich%3B%20Celso%20Gomez-Sanchez%3B%20Paul%20C.%20Macdonald%3B%20Pentti%20K.%20Siiteri%20-%20Radioimmunoassay%20Of%20Androstenedione.%20The%20Steroid%20Molecule%20As%20A%20Probe%20For%20Antibody%20Specificity.pdf;https://mega.nz/file/VppxCCCC#d5tC2BBXgpFL0kNtPf7aVkMP-HFR73JZ9vp-DR1Y-eo;1975;;;Article;img/cover page/Leon Mileiwich/1975 - Radioimmunoassay Of Androstenedione. The Steroid Molecule As A Probe For Antibody Specificity.webp
Biological Aspects of Cancer and Aging;Leonell C. Strong;https://raw.githubusercontent.com/peatysharing/bibliography/main/Leonell%20C.%20Strong/1968%20-%20Leonell%20C.%20Strong%20-%20Biological%20Aspects%20of%20Cancer%20and%20Aging.pdf;https://mega.nz/file/whIEnIjI#X_aub1V3S-visaJ_RMeowjnOp6-OqR58nLhUzaEc3G4;1968;;;;img/cover page/Leonell C. Strong/1968 - Biological Aspects of Cancer and Aging.webp
No More War!;Linus Pauling;https://raw.githubusercontent.com/peatysharing/bibliography/main/Linus%20Pauling/1958%20-%20Linus%20Pauling%20-%20No%20More%20War%21.pdf;https://mega.nz/file/t4AFDLpT#4RnqYZa72sntVCXpTMkpGe9xJL-Wfj93bYTXwkjckYc;1958;;;Book;img/cover page/Linus Pauling/1958 - No More War!.webp
The Architecture of Molecules;Linus Pauling;https://raw.githubusercontent.com/peatysharing/bibliography/main/Linus%20Pauling/1964%20-%20Linus%20Pauling%20-%20The%20Architecture%20of%20Molecules.pdf;https://mega.nz/file/4wp1HIjS#NY2D2v4wv2SkpVwIuhVGuQrWxMIBO6iGzOjGHkaZXYw;1964;;;Book;img/cover page/Linus Pauling/1964 - The Architecture of Molecules.webp
Vitamin C And The Common Cold;Linus Pauling;https://raw.githubusercontent.com/peatysharing/bibliography/main/Linus%20Pauling/1970%20-%20Linus%20Pauling%20-%20Vitamin%20C%20And%20The%20Common%20Cold.pdf;https://mega.nz/file/I9ogFbrA#wGvjWwY5Ajnk0QfutDc7CgRwpgXbvYfoYvPaGgCInME;1970;;;Book;img/cover page/Linus Pauling/1970 - Vitamin C And The Common Cold.webp
Good Nutrition for the Good Life;Linus Pauling;https://raw.githubusercontent.com/peatysharing/bibliography/main/Linus%20Pauling/1974%20-%20Linus%20Pauling%20-%20Good%20Nutrition%20for%20the%20Good%20Life.pdf;https://mega.nz/file/UwhDAQSR#xeP9HNS9KyD2OMzDg5swpV5n7nVZoyP2dSKHuRjQhOk;1974;;;Article;img/cover page/Linus Pauling/1974 - Good Nutrition for the Good Life.webp
On Fighting Swine Flu;Linus Pauling;https://raw.githubusercontent.com/peatysharing/bibliography/main/Linus%20Pauling/1976%20-%20Linus%20Pauling%20-%20On%20Fighting%20Swine%20Flu.pdf;https://mega.nz/file/x4JQgYhI#Bb0GI5z7RCpfTTuy57fRUTyvMSUNCD6mDpesbmb_HOw;1976;;;Article;img/cover page/Linus Pauling/1976 - On Fighting Swine Flu.webp
How To Live Longer And Feel Better;Linus Pauling;https://raw.githubusercontent.com/peatysharing/bibliography/main/Linus%20Pauling/1986%20-%20Linus%20Pauling%20-%20How%20To%20Live%20Longer%20And%20Feel%20Better.pdf;https://mega.nz/file/ggoyhI6I#Dtw0G5PV_DK_9sw_iDrY_CN_n8gtLCDQnrcReYi5hpQ;1986;;;Book;img/cover page/Linus Pauling/1986 - How To Live Longer And Feel Better.webp
General Chemistry;Linus Pauling;https://raw.githubusercontent.com/peatysharing/bibliography/main/Linus%20Pauling/1988%20-%20Linus%20Pauling%20-%20General%20Chemistry.pdf;https://mega.nz/file/l1gUADQa#D1Qb8ZzsROQBFlhq8e3jtQmOrQs5YrZav9ToML6950o;1988;;;Book;img/cover page/Linus Pauling/1988 - General Chemistry.webp
Vitamin E-polyunsaturated Lipid Relationship In Diet And Tissues;Lloyd A. Witting;https://raw.githubusercontent.com/peatysharing/bibliography/main/Lloyd%20A.%20Witting/1974%20-%20Lloyd%20A.%20Witting%20-%20Vitamin%20E-polyunsaturated%20Lipid%20Relationship%20In%20Diet%20And%20Tissues.pdf;https://mega.nz/file/copTgLKR#yS9OsI9hOpYK-Hzb9x14RhzqZ48qhjgjSZ9-NTb6MRA;1974;;;Article;img/cover page/Lloyd A. Witting/1974 - Vitamin E-polyunsaturated Lipid Relationship In Diet And Tissues.webp
Prenatal Stress Reduces Fertility And Fecundity In Female Offspring;Lorraine Roth Herrenkohl;https://raw.githubusercontent.com/peatysharing/bibliography/main/Lorraine%20Roth%20Herrenkohl/1979%20-%20Lorraine%20Roth%20Herrenkohl%20-%20Prenatal%20Stress%20Reduces%20Fertility%20And%20Fecundity%20In%20Female%20Offspring.pdf;https://mega.nz/file/A8pzAJ4R#w81sbnwldOq1nU3aecZBVRE37VABIi_W1KE2LZjTT14;1979;;;Article;img/cover page/Lorraine Roth Herrenkohl/1979 - Prenatal Stress Reduces Fertility And Fecundity In Female Offspring.webp
Prenatal Stress May Alter Sexual Differentiation In Male And Female Offspring;Lorraine Roth Herrenkohl;https://raw.githubusercontent.com/peatysharing/bibliography/main/Lorraine%20Roth%20Herrenkohl/1983%20-%20Lorraine%20Roth%20Herrenkohl%20-%20Prenatal%20Stress%20May%20Alter%20Sexual%20Differentiation%20In%20Male%20And%20Female%20Offspring.pdf;https://mega.nz/file/JsYDhJSD#B_Bvlovxmx3LWSOw8XPwG4tdLBeNg2IxSgZyRko7o4I;1983;;;Article;img/cover page/Lorraine Roth Herrenkohl/1983 - Prenatal Stress May Alter Sexual Differentiation In Male And Female Offspring.webp
Prenatal Stress Disrupts Reproductive Behavior And Physiology In Offspring;Lorraine Roth Herrenkohl;https://raw.githubusercontent.com/peatysharing/bibliography/main/Lorraine%20Roth%20Herrenkohl/1986%20-%20Lorraine%20Roth%20Herrenkohl%20-%20Prenatal%20Stress%20Disrupts%20Reproductive%20Behavior%20And%20Physiology%20In%20Offspring.pdf;https://mega.nz/file/UxIjDTaD#5VsCD9YwgKQ9APYOxT_15hADaK_us7NjEhK1YyUteDI;1986;;;Article;img/cover page/Lorraine Roth Herrenkohl/1986 - Prenatal Stress Disrupts Reproductive Behavior And Physiology In Offspring.webp
Effects Of Prenatal Stress On The Estrous Cycle Of Female Offspring As Adults;Lorraine Roth Herrenkohl, J. A. Politch;https://raw.githubusercontent.com/peatysharing/bibliography/main/Lorraine%20Roth%20Herrenkohl/1978%20-%20Lorraine%20Roth%20Herrenkohl%3B%20J.%20A.%20Politch%20-%20Effects%20Of%20Prenatal%20Stress%20On%20The%20Estrous%20Cycle%20Of%20Female%20Offspring%20As%20Adults.pdf;https://mega.nz/file/8hwRkCoD#BqGWhFAp-1Iucl3ZZib47iU_enPum0slCjSo0N3G4qs;1978;;;Article;img/cover page/Lorraine Roth Herrenkohl/1978 - Effects Of Prenatal Stress On The Estrous Cycle Of Female Offspring As Adults.webp
Serum Prolactin Levels And Maintenance Of Progeny By Prenatally-stressed Female Offspring;Lorraine Roth Herrenkohl, R. R. Gala;https://raw.githubusercontent.com/peatysharing/bibliography/main/Lorraine%20Roth%20Herrenkohl/1979%20-%20Lorraine%20Roth%20Herrenkohl%3B%20R.%20R.%20Gala%20-%20Serum%20Prolactin%20Levels%20And%20Maintenance%20Of%20Progeny%20By%20Prenatally-stressed%20Female%20Offspring.pdf;https://mega.nz/file/N0QQ1YYT#SKgak1VICQoMFLMLk5l4TT3eCC0hTFb1sA-iOQ1g5Ok;1979;;;Article;img/cover page/Lorraine Roth Herrenkohl/1979 - Serum Prolactin Levels And Maintenance Of Progeny By Prenatally-stressed Female Offspring.webp
Short-term Effects Of Oestradiol Benzoate In Normal, Hypohpysectomized And Alloxan-diabetic Male Rats;M. N. Goodman, R. L. Hazelwood;https://raw.githubusercontent.com/peatysharing/bibliography/main/M.%20N.%20Goodman/1974%20-%20M.%20N.%20Goodman%3B%20R.%20L.%20Hazelwood%20-%20Short-term%20Effects%20Of%20Oestradiol%20Benzoate%20In%20Normal%2C%20Hypohpysectomized%20And%20Alloxan-diabetc%20Male%20Rats.pdf;https://mega.nz/file/pwp3kKyD#vQ6LQbstzRbnvnyTomaZjB_E1go3FxPmsTRjqOq3QMk;1974;;;Article;img/cover page/M. N. Goodman/1974 - Short-term Effects Of Oestradiol Benzoate In Normal, Hypohpysectomized And Alloxan-diabetic Male Rats.webp
The Rainbow And The Worm - The Physics Of Organisms;Mae-Wan Ho;https://raw.githubusercontent.com/peatysharing/bibliography/main/Mae-Wan%20Ho/1993%20-%20Mae-Wan%20Ho%20-%20The%20Rainbow%20And%20The%20Worm%20-%20The%20Physics%20Of%20Organisms.pdf;https://mega.nz/file/Z9oUWK4D#xcPD8JPJ759ecyrc5SqmpQ-dW_pWCRLhdcvIZKVNd9Q;1993;;;;img/cover page/Mae-Wan Ho/1993 - The Rainbow And The Worm - The Physics Of Organisms.webp
The Biology of Free Will;Mae-Wan Ho;https://raw.githubusercontent.com/peatysharing/bibliography/main/Mae-Wan%20Ho/1996%20-%20Mae-Wan%20Ho%20-%20The%20Biology%20of%20Free%20Will.pdf;https://mega.nz/file/gkYx3BIJ#FMlddozqqk6RpM7AEZO4I8ipPzvLBeq9Y1xA9wDN7IA;1996;;;;img/cover page/Mae-Wan Ho/1996 - The Biology of Free Will.webp
Genetic Engineering Dreams Or Nightmares;Mae-Wan Ho;https://raw.githubusercontent.com/peatysharing/bibliography/main/Mae-Wan%20Ho/1997%20-%20Mae-Wan%20Ho%20-%20Genetic%20Engineering%20Dreams%20Or%20Nightmares.pdf;https://mega.nz/file/d9gHHbCZ#ShRa8LQcFdJNsAAGJxxOsvjo4w1Aelvug9LCG-XNwCA;1997;;;;img/cover page/Mae-Wan Ho/1997 - Genetic Engineering Dreams Or Nightmares.webp
A Scientific Audit - The 'Golden Rice' - How Not To Do Science;Mae-Wan Ho;https://raw.githubusercontent.com/peatysharing/bibliography/main/Mae-Wan%20Ho/2000%20-%20Mae-Wan%20Ho%20-%20A%20Scientific%20Audit%20-%20The%20%27Golden%20Rice%27%20-%20How%20Not%20To%20Do%20Science.pdf;https://mega.nz/file/o4QBgaaL#pC3cIMrJXymD1fUG2WBA7Q5-b1GU8Dv6V7MaU6U1qU0;2000;;;;img/cover page/Mae-Wan Ho/2000 - A Scientific Audit - The 'Golden Rice' - How Not To Do Science.webp
Living with the Fluid Genome;Mae-Wan Ho;https://raw.githubusercontent.com/peatysharing/bibliography/main/Mae-Wan%20Ho/2003%20-%20Mae-Wan%20Ho%20-%20Living%20with%20the%20Fluid%20Genome.pdf;https://mega.nz/file/1hxwSRZA#tPfoeIzhgJGpVAOCcyYMM2yUicfpar8Q9QGN1z8GLn8;2003;;;;img/cover page/Mae-Wan Ho/2003 - Living with the Fluid Genome.webp
Unraveling Aids, The Independent Science And Promising;Mae-Wan Ho;https://raw.githubusercontent.com/peatysharing/bibliography/main/Mae-Wan%20Ho/2005%20-%20Mae-Wan%20Ho%20-%20Unraveling%20Aids%2C%20The%20Independent%20Science%20And%20Promising.pdf;https://mega.nz/file/c4QVmQoD#f5tzc1a-ze6xNF-ZBHLTVI778i90QuX59ko3F_LgdAc;2005;;;Book;img/cover page/Mae-Wan Ho/2005 - Unraveling Aids, The Independent Science And Promising.webp
Living Rainbow H2o;Mae-Wan Ho;https://raw.githubusercontent.com/peatysharing/bibliography/main/Mae-Wan%20Ho/2012%20-%20Mae-Wan%20Ho%20-%20Living%20Rainbow%20H2o.pdf;https://mega.nz/file/0o4SHJRT#wvc86lk_xN-rgpRfr--kHbG3gjiWfevGmy3Dn-Wjd7U;2012;https://ln5.sync.com/dl/3a0eed5c0/8nf9bxd9-xsvrm8sr-ge38usc5-6q7pkr3x/view/default/13088509645014?sync_id=13088470215014;Biology;Book;img/cover page/Mae-Wan Ho/2012 - Living Rainbow H2o.webp
How Parental Care Changes Genes;Mae-Wan Ho;https://raw.githubusercontent.com/peatysharing/bibliography/main/Mae-Wan%20Ho/2013%20-%20Mae-Wan%20Ho%20-%20How%20Parental%20Care%20Changes%20Genes.pdf;https://mega.nz/file/xlRHSL4a#zU-8Q0W9TFUnFJUjZPmGfxmoUuR-Wd49skgCQA89r5w;2013;;;Article;img/cover page/Mae-Wan Ho/2013 - How Parental Care Changes Genes.webp
No Genes For Intelligence;Mae-Wan Ho;https://raw.githubusercontent.com/peatysharing/bibliography/main/Mae-Wan%20Ho/2013%20-%20Mae-Wan%20Ho%20-%20No%20Genes%20For%20Intelligence.pdf;https://mega.nz/file/o4ggzT6b#URMYZ7ruik1gX0sXkBCKHbghtZRmMELql_Hp1ImFe8Y;2013;;;Article;img/cover page/Mae-Wan Ho/2013 - No Genes For Intelligence.webp
Horizontal Transfer Of GM DNA - Why Is Almost No One Looking;Mae-Wan Ho;https://raw.githubusercontent.com/peatysharing/bibliography/main/Mae-Wan%20Ho/2014%20-%20Mae-Wan%20Ho%20-%20Horizontal%20Transfer%20Of%20GM%20DNA%20-%20Why%20Is%20Almost%20No%20One%20Looking.pdf;https://mega.nz/file/osoQiIAB#dtzhGs-bv_1lttnueSfEh3k_b14ur-ZUZTbUpgAtF8w;2014;;;Article;img/cover page/Mae-Wan Ho/2014 - Horizontal Transfer Of GM DNA - Why Is Almost No One Looking.webp
Water Is The Means, Medium and Message of Life;Mae-Wan Ho;https://raw.githubusercontent.com/peatysharing/bibliography/main/Mae-Wan%20Ho/2014%20-%20Mae-Wan%20Ho%20-%20Water%20Is%20The%20Means%2C%20Medium%20and%20Message%20of%20Life.pdf;https://mega.nz/file/h4J3CBrb#wRJHf_43dluDnmbdEkF1efKHnq0bvCP9Omucav-dhZ0;2014;;;;img/cover page/Mae-Wan Ho/2014 - Water Is The Means, Medium and Message of Life.webp
Bioelectrodynamics And Biocommunication;Mae-Wan Ho, Fritz Albert Popp, Ulrich Warnke;https://raw.githubusercontent.com/peatysharing/bibliography/main/Mae-Wan%20Ho/1994%20-%20Mae-Wan%20Ho%3B%20Fritz%20Albert%20Popp%3B%20Ulrich%20Warnke%20-%20Bioelectrodynamics%20And%20Biocommunication.pdf;https://mega.nz/file/RoJCmTRL#BZnIAzVuVH3KfiCJs6K_Gf1ZMTypwu9vah3_chmTgAA;1994;;;Book;img/cover page/Mae-Wan Ho/1994 - Bioelectrodynamics And Biocommunication.webp
GMO Free, Exposing The Hazards Of Biotechnology To Ensure;Mae-Wan Ho, Li Ching Lim;https://raw.githubusercontent.com/peatysharing/bibliography/main/Mae-Wan%20Ho/2004%20-%20Mae-Wan%20Ho%3B%20Li%20Ching%20Lim%20-%20GMO%20Free%2C%20Exposing%20The%20Hazards%20Of%20Biotechnology%20To%20Ensure.pdf;https://mega.nz/file/k0YVhTpa#zGdySRARz2QAz_N7J5VGPBRT_fz1d2DLdfj9NZOYMOo;2004;;;Book;img/cover page/Mae-Wan Ho/2004 - GMO Free, Exposing The Hazards Of Biotechnology To Ensure.webp
The Case For A GM-free Sustainable World;Mae-Wan Ho, Lim Li Ching;https://raw.githubusercontent.com/peatysharing/bibliography/main/Mae-Wan%20Ho/2003%20-%20Mae-Wan%20Ho%3B%20Lim%20Li%20Ching%20-%20The%20Case%20For%20A%20GM-free%20Sustainable%20World.pdf;https://mega.nz/file/sxwlyYaC#90jcjQgWNeiwtcfPRgd7MaZkdHPN1Azx-pyMZzubPWI;2003;;;Book;img/cover page/Mae-Wan Ho/2003 - The Case For A GM-free Sustainable World.webp
Beyond Neo-Darwinism. An Introduction To The New Evolutionary Paradigm;Mae-Wan Ho, Peter T. Saunders;https://raw.githubusercontent.com/peatysharing/bibliography/main/Mae-Wan%20Ho/1984%20-%20Mae-Wan%20Ho%3B%20Peter%20T.%20Saunders%20-%20Beyond%20Neo-Darwinism.%20An%20Introduction%20To%20The%20New%20Evolutionary%20Paradigm.pdf;https://mega.nz/file/YhwwlQja#FidOVYgYxGcTqPA0YSm7E2H488g0z6fuPU8DmGQ8Sd4;1984;;;;img/cover page/Mae-Wan Ho/1984 - Beyond Neo-Darwinism. An Introduction To The New Evolutionary Paradigm.webp
Evolutionary Processes and Metaphors (Part 1);Mae-Wan Ho, Sidney W. Fox;https://raw.githubusercontent.com/peatysharing/bibliography/main/Multiple%20Researchers/1988%20-%20Mae-Wan%20Ho%3B%20Sidney%20W.%20Fox%20-%20Evolutionary%20Processes%20and%20Metaphors%20%28Part%201%29.pdf;https://mega.nz/file/As5BUT6Z#e0Z1KZI8kIeo5s-8PxvZ3dln9m6U9EnMfWr_Gnb0JTM;1988;;;;img/cover page/Multiple Researchers/1988 - Evolutionary Processes and Metaphors.webp
Evolutionary Processes and Metaphors (Part 2);Mae-Wan Ho, Sidney W. Fox;https://raw.githubusercontent.com/peatysharing/bibliography/main/Multiple%20Researchers/1988%20-%20Mae-Wan%20Ho%3B%20Sidney%20W.%20Fox%20-%20Evolutionary%20Processes%20and%20Metaphors%20%28Part%202%29.pdf;https://mega.nz/file/As5BUT6Z#e0Z1KZI8kIeo5s-8PxvZ3dln9m6U9EnMfWr_Gnb0JTM;1988;;;;img/cover page/Multiple Researchers/1988 - Evolutionary Processes and Metaphors.webp
Gene Technology in the Etiology of Drug resistant diseases;Mae-Wan Ho, Traavik, Olsvik, Midtvedt, Tappeser, howard, von Weizsacker, McGavin;https://raw.githubusercontent.com/peatysharing/bibliography/main/Mae-Wan%20Ho/1998%20-%20Mae-Wan%20Ho%3B%20Traavik%3B%20Olsvik%3B%20Midtvedt%3B%20Tappeser%3B%20howard%3B%20von%20Weizsacker%3B%20McGavin%20-%20Gene%20Technology%20in%20the%20Etiology%20of%20Drug%20resistant%20diseases.pdf;https://mega.nz/file/9kBxjBhb#NNzpE0Yf8gR7qpIASsEO24C9NVADbDBI2KwrFlwlRCM;1998;;;;img/cover page/Mae-Wan Ho/1998 - Gene Technology in the Etiology of Drug resistant diseases.webp
Sentics, The Touch Of The Emotions;Manfred Clynes;https://raw.githubusercontent.com/peatysharing/bibliography/main/Manfred%20Clynes/1989%20-%20Manfred%20Clynes%20-%20Sentics%2C%20The%20Touch%20Of%20The%20Emotions.pdf;https://mega.nz/file/BgRyyKCa#elWQnQ1g7_Jh06noPBorRwnI1CeEK52b_BeFIP6Rg5Y;1989;;;Book;img/cover page/Manfred Clynes/1989 - Sentics, The Touch Of The Emotions.webp
The Association Of Steroids With Blood Cells In Vivo;Margarehe Holzbauer;https://raw.githubusercontent.com/peatysharing/bibliography/main/Margarehe%20Holzbauer/1972%20-%20Margarehe%20Holzbauer%20-%20The%20Association%20Of%20Steroids%20With%20Blood%20Cells%20In%20Vivo.pdf;https://mega.nz/file/M1IWzRQQ#8BKdestlYU3Nb0hcDWDXUgT8qR4GLuPaR0KkzcJJ154;1972;;;Article;img/cover page/Margarehe Holzbauer/1972 - The Association Of Steroids With Blood Cells In Vivo.webp
The Effects Of Early Hypophysectomy And Hormone Therapy On Brain Development;Marian C. Diamond;https://raw.githubusercontent.com/peatysharing/bibliography/main/Marian%20Diamond/1968%20-%20Marian%20C.%20Diamond%20-%20The%20Effects%20Of%20Early%20Hypophysectomy%20And%20Hormone%20Therapy%20On%20Brain%20Development.pdf;https://mega.nz/file/Z4gwXZrC#pW1kzFkzpPRf_UO-jDruaqvhJyXhn7RQSbNFxSe5fR4;1968;https://ln5.sync.com/dl/0d71c52c0/mv259afk-iay5sa2n-jkj78r5h-mdx4by85;Neuroscience;Article;img/cover page/Marian C. Diamond/1968 - The Effects Of Early Hypophysectomy And Hormone Therapy On Brain Development.webp
A Possible Role Of Sex Steroid Hormones In Determining Immune Deficiency Differences Between The Sexes;Marian C. Diamond;https://raw.githubusercontent.com/peatysharing/bibliography/main/Marian%20Diamond/1985%20-%20Marian%20C.%20Diamond%20-%20A%20Possible%20Role%20Of%20Sex%20Steroid%20Hormones%20In%20Determining%20Immune%20Deficiency%20Differences%20Between%20The%20Sexes.pdf;https://mega.nz/file/BhBlXIxZ#4sh4wOs-0d7LLVLcmpZ5GtPm7ChiX6DoX9MbIsTPwi4;1985;;;;img/cover page/Marian C. Diamond/1985 - A Possible Role Of Sex Steroid Hormones In Determining Immune Deficiency Differences Between The Sexes.webp
Enriching Heredity [part 1];Marian C. Diamond;https://raw.githubusercontent.com/peatysharing/bibliography/main/Marian%20Diamond/1988%20-%20Marian%20C.%20Diamond%20-%20Enriching%20Heredity%20%5Bpart%201%5D.pdf;https://mega.nz/file/M95xFRBB#G3m76pZhYgVe7713mHGRQ2_JiIIwMQcdbaEbDwLoniE;1988;;;Book;img/cover page/Marian C. Diamond/1988 - Enriching Heredity.webp
Enriching Heredity [part 2];Marian C. Diamond;https://raw.githubusercontent.com/peatysharing/bibliography/main/Marian%20Diamond/1988%20-%20Marian%20C.%20Diamond%20-%20Enriching%20Heredity%20%5Bpart%202%5D.pdf;https://mega.nz/file/c54TFY4C#1YU4QFJiFo2yFxMBuRdsdIqjeL6dMSreD8CIIAu3v-k;1988;;;Book;img/cover page/Marian C. Diamond/1988 - Enriching Heredity.webp
Response Of The Brain To Enrichment;Marian Cleeves Diamond;https://raw.githubusercontent.com/peatysharing/bibliography/main/Marian%20Diamond/2001%20-%20Marian%20Cleeves%20Diamond%20-%20Response%20Of%20The%20Brain%20To%20Enrichment.pdf;https://mega.nz/file/YkAiDCSB#Yx8-PZ8q7uy5-UjkBvgyE-23g_J5uYFA1IFzWSf8rLw;2001;https://ln5.sync.com/dl/a291a51a0/jsi27bex-r7wk69dc-mzk9hjdr-jgut2muw;Neuroscience;Article;img/cover page/Marian C. Diamond/2001 - Response Of The Brain To Enrichment.webp
Hormonal Contraceptives, Estrogens, And Human Welfare;Marian Cleeves Diamond, Carol Cleaves Korenbrot;https://raw.githubusercontent.com/peatysharing/bibliography/main/Marian%20Diamond/1978%20-%20Marian%20Cleeves%20Diamond%3B%20Carol%20Cleaves%20Korenbrot%20-%20Hormonal%20Contraceptives%2C%20Estrogens%2C%20And%20Human%20Welfare.pdf;https://mega.nz/file/chRBmIJY#eFfzcLvpi4tQb9-C-MgxqilHOnpJsK9ImQQJkEYBC7w;1978;;;Book;img/cover page/Marian C. Diamond/1978 - Hormonal Contraceptives, Estrogens, And Human Welfare.webp
Magic Trees Of The Mind;Marian Cleeves Diamond, Janet L. Hopson;https://raw.githubusercontent.com/peatysharing/bibliography/main/Marian%20Diamond/1998%20-%20Marian%20Cleeves%20Diamond%3B%20Janet%20L.%20Hopson%20-%20Magic%20Trees%20Of%20The%20Mind.pdf;https://mega.nz/file/QtRSQBKA#wLXkluakKx33o5Rg3Lwaro6hXG1HjDmMK6Bw833uymE;1998;;;Book;img/cover page/Marian C. Diamond/1998 - Magic Trees Of The Mind.webp
Waves That Heal. The New Science Of Radiobiology (Account of theories of Georges Lakhovsky)[Higher Quality Image];Mark Clement, Georges Lakhovsky;https://raw.githubusercontent.com/peatysharing/bibliography/main/Georges%20Lakhovsky/1949%20-%20%20Mark%20Clement%3B%20Georges%20Lakhovsky%20-%20Waves%20That%20Heal.%20The%20New%20Science%20Of%20Radiobiology%20%28Account%20of%20theories%20of%20Georges%20Lakhovsky%29%5BHigher%20Quality%20Image%5D.pdf.pdf;https://mega.nz/file/coQCBJIS#fzsSZAnOAXoEwjZTyc3RCPfWd54GHuqA4i9xBWK13Ys;1949;;;;img/cover page/Georges Lakhovsky/1949 - Waves That Heal. The New Science Of Radiobiology (Account of theories of Georges Lakhovsky)[Higher Quality Image].webp
Influences Of Environmental Complexity And Visual Stimulation On Development Of Occipital Cortex In Rat;Mark R. Rosenzweig, Edward L. Bennett, Marian C. Diamond, Su-yu;https://raw.githubusercontent.com/peatysharing/bibliography/main/Marian%20Diamond/1969%20-%20Mark%20R.%20Rosenzweig%2C%20Edward%20L.%20Bennett%2C%20Marian%20C.%20Diamond%2C%20Su-yu%20-%20Influences%20Of%20Environmental%20Complexity%20And%20Visual%20Stimulation%20On%20Development%20Of%20Occipital%20Cortex%20In%20Rat.pdf;https://mega.nz/file/c9AD2ASJ#AAp_OI-VlCn_Qx_NSWkRgCKhwXqHMt3tytpjPb4V3oE;1969;;;Article;img/cover page/Marian C. Diamond/1969 - Influences Of Environmental Complexity And Visual Stimulation On Development Of Occipital Cortex In Rat.webp
Electromagnetic Fields In Biology And Medicine;Marko S. Markov;https://raw.githubusercontent.com/peatysharing/bibliography/main/Marko%20S.%20Markov/2015%20-%20Marko%20S.%20Markov%20-%20Electromagnetic%20Fields%20In%20Biology%20And%20Medicine.pdf;https://mega.nz/file/0lRxjRgQ#fCOpMBqRgSMqVJDICc3QmVLTiksICyi_F55vmjHizms;2015;;;Book;img/cover page/Marko S. Markov/2015 - Electromagnetic Fields In Biology And Medicine.webp
Growth Hormone And Skeletal Tissue Metabolism;Marshall R. Urist;https://raw.githubusercontent.com/peatysharing/bibliography/main/Marshall%20R.%20Urist/1972%20-%20Marshall%20R.%20Urist%20-%20Growth%20Hormone%20And%20Skeletal%20Tissue%20Metabolism.pdf;https://mega.nz/file/hwxDRCKB#9HY356UgIMByyF-caZc-xsIh-gp_rSXUBDFq4VAo52k;1972;;;Article;img/cover page/Marshall R. Urist/1972 - Growth Hormone And Skeletal Tissue Metabolism.webp
Helplessness - On Depression, Development, and Death;Martin E. P. Seligman;https://raw.githubusercontent.com/peatysharing/bibliography/main/Martin%20E.%20P.%20Seligman/1975%20-%20Martin%20E.%20P.%20Seligman%20-%20Helplessness%20-%20On%20Depression%2C%20Development%2C%20and%20Death.pdf;https://mega.nz/file/I5RmVZ5J#0-ZW9T18u8JRJrQnKj6JOpqA1m76cA7-qx91wNsMZ7E;1975;;;;img/cover page/Martin E. P. Seligman/1975 - Helplessness - On Depression, Development, and Death.webp
Berdyaev And Origen;Matthew Spinka;https://raw.githubusercontent.com/peatysharing/bibliography/main/Matthew%20Spinka/1947%20-%20Matthew%20Spinka%20-%20Berdyaev%20And%20Origen.pdf;https://mega.nz/file/FlpCRKYK#Zzg3oZBYQRtjIwqNN3BOtA_UMuh9DHcIRFIVWSdw9Zk;1947;;;Article;img/cover page/Matthew Spinka/1947 - Berdyaev And Origen.webp
The Prose of the World (Studies in Phenomenology and);Maurice  Merleau-Ponty;https://raw.githubusercontent.com/peatysharing/bibliography/main/Maurice%20Merleau-Ponty/1973%20-%20Maurice%20%20Merleau-Ponty%20-%20The%20Prose%20of%20the%20World%20%28Studies%20in%20Phenomenology%20and%29.pdf;https://mega.nz/file/J44kQSob#szLVS86zgi6XS76DxWqi2HOzkHzEZJFc9hqjS1GXnZU;1973;;;;img/cover page/Maurice Merleau-Ponty/1973 - The Prose of the World (Studies in Phenomenology and).webp
Phénoménologie De La Perception;Maurice Merleau-Ponty;https://raw.githubusercontent.com/peatysharing/bibliography/main/Maurice%20Merleau-Ponty/1945%20-%20Maurice%20Merleau-Ponty%20-%20Ph%C3%A9nom%C3%A9nologie%20De%20La%20Perception.pdf;https://mega.nz/file/F5IQRBSA#KEto7gR5Ss9XEqR71NarnK_jWRHy9FvkMwdsNejGNjc;1945;;;Book;img/cover page/Maurice Merleau-Ponty/1945 - Phénoménologie De La Perception.webp
Phenomenology Of Perception;Maurice Merleau-Ponty;https://raw.githubusercontent.com/peatysharing/bibliography/main/Maurice%20Merleau-Ponty/1962%20-%20Maurice%20Merleau-Ponty%20-%20Phenomenology%20Of%20Perception.pdf;https://mega.nz/file/Fp5RSLjQ#czgPlx667u3E9r7_n3n4jXGe7MFd_I65Jy15yebs7cA;1962;;;Book;img/cover page/Maurice Merleau-Ponty/1962 - Phenomenology Of Perception.webp
L'Oeil et L'Esprit;Maurice Merleau-Ponty;https://raw.githubusercontent.com/peatysharing/bibliography/main/Maurice%20Merleau-Ponty/1964%20-%20Maurice%20Merleau-Ponty%20-%20L%27Oeil%20et%20L%27Esprit.pdf;https://mega.nz/file/Ihg1nQRB#j3WkOVdrVVfti57DFByby7KV1jbxz-T3uHBGvwZzOkQ;1964;;;;img/cover page/Maurice Merleau-Ponty/1964 - L'Oeil et L'Esprit.webp
Le visible et l'invisible;Maurice Merleau-Ponty;https://raw.githubusercontent.com/peatysharing/bibliography/main/Maurice%20Merleau-Ponty/1964%20-%20Maurice%20Merleau-Ponty%20-%20Le%20visible%20et%20l%27invisible.pdf;https://mega.nz/file/ttxhlBBS#bmV5ofQRnube3XVAKKdyImJfvA_0xmYMFNi-FNNeldU;1964;;;;img/cover page/Maurice Merleau-Ponty/1964 - Le visible et l'invisible.webp
The Primacy of Perception. And Other Essays;Maurice Merleau-Ponty;https://raw.githubusercontent.com/peatysharing/bibliography/main/Maurice%20Merleau-Ponty/1964%20-%20Maurice%20Merleau-Ponty%20-%20The%20Primacy%20of%20Perception.%20And%20Other%20Essays.pdf;https://mega.nz/file/cxgVhJKJ#iqDHW0evVVigLHiVeZNeK-qRQf4Gpv254jkMHTNBUxY;1964;;;;img/cover page/Maurice Merleau-Ponty/1964 - The Primacy of Perception. And Other Essays.webp
The Visible And The Invisible, Studies In Phenomenology And Existental Philosophy;Maurice Merleau-Ponty;https://raw.githubusercontent.com/peatysharing/bibliography/main/Maurice%20Merleau-Ponty/1968%20-%20Maurice%20Merleau-Ponty%20-%20The%20Visible%20And%20The%20Invisible%2C%20Studies%20In%20Phenomenology%20And%20Existental%20Philosophy.pdf;https://mega.nz/file/Ft5znCIB#VeIOcqV-wEBAqP_3rdac_SGLPmloKdk-B6UlsbLgkkE;1968;;;;img/cover page/Maurice Merleau-Ponty/1968 - The Visible And The Invisible, Studies In Phenomenology And Existental Philosophy.webp
The Structure of Behavior;Maurice Merleau-Ponty;https://raw.githubusercontent.com/peatysharing/bibliography/main/Maurice%20Merleau-Ponty/1983%20-%20Maurice%20Merleau-Ponty%20-%20The%20Structure%20of%20Behavior.pdf;https://mega.nz/file/Q4Qk0BwC#vIIDtoxqqgfpaLgYWfKuHn_Tikrxbj5P0AEa49LivGU;1983;;;;img/cover page/Maurice Merleau-Ponty/1983 - The Structure of Behavior.webp
Development Of Tumors In Hamsters Inoculated In The Neonatal Period With Vacuolating Virus SV40;Maurice R. Hilleman;https://raw.githubusercontent.com/peatysharing/bibliography/main/Maurice%20R.%20Hilleman/1962%20-%20Maurice%20R.%20Hilleman%20-%20Development%20Of%20Tumors%20In%20Hamsters%20Inoculated%20In%20The%20Neonatal%20Period%20With%20Vacuolating%20Virus%20Sv40.pdf;https://mega.nz/file/o5xnzRZY#NyjkxQ2-grN2GIoA4g8ZNihW74aAckdMW5Ay2a4I9MI;1962;;;;img/cover page/Maurice R. Hilleman/1962 - Development Of Tumors In Hamsters Inoculated In The Neonatal Period With Vacuolating Virus SV40.webp
Vaccines In Historic Evolution And Perspective, A Narrative Of Vaccine Discoveries;Maurice R. Hilleman;https://raw.githubusercontent.com/peatysharing/bibliography/main/Maurice%20R.%20Hilleman/2000%20-%20Maurice%20R.%20Hilleman%20-%20Vaccines%20In%20Historic%20Evolution%20And%20Perspective%2C%20A%20Narrative%20Of%20Vaccine%20Discoveries.pdf;https://mega.nz/file/wpg2xDaB#CatJ5R5AtzB8IFXOC-ISwEkz-ktkBO5sZiPaqvR9br0;2000;;;;img/cover page/Maurice R. Hilleman/2000 - Vaccines In Historic Evolution And Perspective, A Narrative Of Vaccine Discoveries.webp
Meine Diat. Ein Ratgeber fur Kranke und Gesunde;Max Gerson;https://raw.githubusercontent.com/peatysharing/bibliography/main/Max%20Gerson/%5B1930%20-%20Max%20Gerson%20-%20Meine%20Diat.%20Ein%20Ratgeber%20fur%20Kranke%20und%20Gesunde%5D.pdf;https://mega.nz/file/IgQWFZCS#W3q_ehnIXcNnvdFPj1BTxL7x0gr0zRbyDF65EXfWqgg;1930;;;;img/cover page/Max Gerson/1930 - Meine Diat. Ein Ratgeber fur Kranke und Gesunde.webp
Effects of Combined Dietary Regime on Patients with Malignant Tumors;Max Gerson;https://raw.githubusercontent.com/peatysharing/bibliography/main/Max%20Gerson/1949%20-%20Max%20Gerson%20-%20Effects%20of%20Combined%20Dietary%20Regime%20on%20Patients%20with%20Malignant%20Tumors.pdf;https://mega.nz/file/E9gygaIT#dtCx0CePhxu4UsdIr26GHvEZnWB4MkVj9gAeh_ai48A;1949;;;;img/cover page/Max Gerson/1949 - Effects of Combined Dietary Regime on Patients with Malignant Tumors.webp
Are Soil, Nutrient and Metabolic Degradation;Max Gerson;https://raw.githubusercontent.com/peatysharing/bibliography/main/Max%20Gerson/1955%20-%20Max%20Gerson%20-%20Are%20Soil%2C%20Nutrient%20and%20Metabolic%20Degradation.pdf;https://mega.nz/file/Y0oRnS6B#v3F2Wf4xvPOnNLG6pKVPHPNZNNlsotrt8Dq5rd6k97M;1955;;;;img/cover page/Max Gerson/1955 - Are Soil, Nutrient and Metabolic Degradation.webp
The Gerson Treatment;Max Gerson;https://raw.githubusercontent.com/peatysharing/bibliography/main/Max%20Gerson/1955%20-%20Max%20Gerson%20-%20The%20Gerson%20Treatment.pdf;https://mega.nz/file/JhojVZyZ#yqPLWl2WghOaRnvz9BqJVpKkLE-qxDqV0ToJfUp6lks;1955;;;;img/cover page/Max Gerson/1955 - The Gerson Treatment.webp
Can Cancer Be Prevented;Max Gerson;https://raw.githubusercontent.com/peatysharing/bibliography/main/Max%20Gerson/1957%20-%20Max%20Gerson%20-%20Can%20Cancer%20Be%20Prevented.pdf;https://mega.nz/file/soBWRTiT#zI_yEsqbUraKen4UIFS2qsH-UBnN_TA8Pw4gfGkJeVk;1957;;;;img/cover page/Max Gerson/1957 - Can Cancer Be Prevented.webp
The Cure of Advanced Cancer by Diet Therapy - A Summary of 30 Years of Clinical Experimentation;Max Gerson;https://raw.githubusercontent.com/peatysharing/bibliography/main/Max%20Gerson/1978%20-%20Max%20Gerson%20-%20The%20Cure%20of%20Advanced%20Cancer%20by%20Diet%20Therapy%20-%20A%20Summary%20of%2030%20Years%20of%20Clinical%20Experimentation.pdf;https://mega.nz/file/xowQlYCY#9BeE0JZXCLNoYP2h2BkLNXdG-GF8T-sPstpAyGrp0Hs;1978;;;;img/cover page/Max Gerson/1978 - The Cure of Advanced Cancer by Diet Therapy - A Summary of 30 Years of Clinical Experimentation.webp
A Cancer Therapy, Results Of Fifty Cases And The Cure Of Advanced Cancer By Diet Therapy [Higher Quality, Made After Passing of Max Gerson];Max Gerson;https://raw.githubusercontent.com/peatysharing/bibliography/main/Max%20Gerson/1997%20-%20Max%20Gerson%20-%20A%20Cancer%20Therapy%2C%20Results%20Of%20Fifty%20Cases%20And%20The%20Cure%20Of%20Advanced%20Cancer%20By%20Diet%20Therapy%20%5BHigher%20Quality%2C%20Made%20After%20Passing%20of%20Max%20Gerson%5D.pdf;https://mega.nz/file/40BQRBKI#HabUschmawU1SbnPG7Meqml0tELm_cO2KKBK_DEq4AE;1997;;;;img/cover page/Max Gerson/1997 - A Cancer Therapy, Results Of Fifty Cases And The Cure Of Advanced Cancer By Diet Therapy [Higher Quality, Made After Passing of Max Gerson].webp
A Cancer Therapy, Results Of Fifty Cases And The Cure Of Advanced Cancer By Diet Therapy;Max Gerson;https://raw.githubusercontent.com/peatysharing/bibliography/main/Max%20Gerson/2002%20-%20Max%20Gerson%20-%20A%20Cancer%20Therapy%2C%20Results%20Of%20Fifty%20Cases%20And%20The%20Cure%20Of%20Advanced%20Cancer%20By%20Diet%20Therapy.pdf;https://mega.nz/file/w4Ym1bCa#zEDcibEtZ4iHz_E2SbNaS8uP5WlLjhJCBerW-WN7I8w;2002;;;;img/cover page/Max Gerson/2002 - A Cancer Therapy, Results Of Fifty Cases And The Cure Of Advanced Cancer By Diet Therapy.webp
Psychoendocrinology;Max Reiss;https://raw.githubusercontent.com/peatysharing/bibliography/main/Max%20Reiss/1958%20-%20Max%20Reiss%20-%20Psychoendocrinology.pdf;https://mega.nz/file/IkhGyBCB#7U3zfzgBJoSh6ocAeLQQESWku17HSsIXwNIUh-xBiDc;1958;;;Book;img/cover page/Max Reiss/1958 - Psychoendocrinology.webp
Elf And Vlf Electromagnetic Field Effects;Michael A. Persinger;https://raw.githubusercontent.com/peatysharing/bibliography/main/Michael%20A.%20Persinger/1974%20-%20Michael%20A.%20Persinger%20-%20Elf%20And%20Vlf%20Electromagnetic%20Field%20Effects.pdf;https://mega.nz/file/h9RkhIaT#GijFdRKkRnPb6BK_fq8ZRKTnQe7QuUFRSG-phfaOnEE;1974;https://ln5.sync.com/dl/3a0eed5c0/8nf9bxd9-xsvrm8sr-ge38usc5-6q7pkr3x/view/default/13088594945014?sync_id=13088482235014;Neurology;Book;img/cover page/Michael A. Persinger/1974 - Elf And Vlf Electromagnetic Field Effects.webp
The Paranormal, Part 1 The Patterns;Michael A. Persinger;https://raw.githubusercontent.com/peatysharing/bibliography/main/Michael%20A.%20Persinger/1974%20-%20Michael%20A.%20Persinger%20-%20The%20Paranormal%2C%20Part%201%20The%20Patterns.pdf;https://mega.nz/file/xkI30KBZ#ZlmnR1CD3nkKptM60P1V0T3lhwb9p4aIsvX0amRvMjA;1974;;;;img/cover page/Michael A. Persinger/1974 - The Paranormal, Part 1 The Patterns.webp
The Paranormal, Part II Mechanisms and Models;Michael A. Persinger;https://raw.githubusercontent.com/peatysharing/bibliography/main/Michael%20A.%20Persinger/1974%20-%20Michael%20A.%20Persinger%20-%20The%20Paranormal%2C%20Part%20II%20Mechanisms%20and%20Models.pdf;https://mega.nz/file/xkI30KBZ#ZlmnR1CD3nkKptM60P1V0T3lhwb9p4aIsvX0amRvMjA;1974;;;;img/cover page/Michael A. Persinger/1974 - The Paranormal, Part II Mechanisms and Models.webp
Weather Matrix and Human Behaviour;Michael A. Persinger;https://raw.githubusercontent.com/peatysharing/bibliography/main/Michael%20A.%20Persinger/1980%20-%20Michael%20A.%20Persinger%20-%20Weather%20Matrix%20and%20Human%20Behaviour.pdf;https://mega.nz/file/R9wkTSiT#04Icift040FbZ6RPUZpf02afX84eqlcGPTvrkQtORCA;1980;;;Book;img/cover page/Michael A. Persinger/1980 - Weather Matrix and Human Behaviour.webp
Space-time Transients And Unusual Events [part 1];Michael A. Persinger, Gyslaine F. Lafreniere;https://raw.githubusercontent.com/peatysharing/bibliography/main/Michael%20A.%20Persinger/1977%20-%20Michael%20A.%20Persinger%2C%20Gyslaine%20F.%20Lafreniere%20-%20Space-time%20Transients%20And%20Unusual%20Events%20%5Bpart%201%5D.pdf;https://mega.nz/file/Uo4xFSyI#z57qbjbODxZI7cAwlenSjepYfcxB3NLTQ4lKSP8kTBA;1977;;;;img/cover page/Michael A. Persinger/1977 - Space-time Transients And Unusual Events.webp
Space-time Transients And Unusual Events [part 2];Michael A. Persinger, Gyslaine F. Lafreniere;https://raw.githubusercontent.com/peatysharing/bibliography/main/Michael%20A.%20Persinger/1977%20-%20Michael%20A.%20Persinger%2C%20Gyslaine%20F.%20Lafreniere%20-%20Space-time%20Transients%20And%20Unusual%20Events%20%5Bpart%202%5D.pdf;https://mega.nz/file/Uo4xFSyI#z57qbjbODxZI7cAwlenSjepYfcxB3NLTQ4lKSP8kTBA;1977;;;;img/cover page/Michael A. Persinger/1977 - Space-time Transients And Unusual Events.webp
TM and Cult Mania;Michael A. Persinger, Normand J. Carrey, Lynn A. Suess;https://raw.githubusercontent.com/peatysharing/bibliography/main/Michael%20A.%20Persinger/1980%20-%20Michael%20A.%20Persinger%3B%20Normand%20J.%20Carrey%3B%20Lynn%20A.%20Suess%20-%20TM%20and%20Cult%20Mania.pdf;https://mega.nz/file/YkQyySSB#WNgDVirYYBT2I451-RknOowOG7Um3CulU-FQHhDne_I;1980;;;Book;img/cover page/Michael A. Persinger/1980 - TM and Cult Mania.webp
Vitamin D - Physiology, Molecular Biology, And Clinical;Michael F. Holick;https://raw.githubusercontent.com/peatysharing/bibliography/main/Michael%20F.%20Holick/2010%20-%20Michael%20F.%20Holick%20-%20Vitamin%20D%20-%20Physiology%2C%20Molecular%20Biology%2C%20And%20Clinical.pdf;https://mega.nz/file/95xyARKK#0SjwZX-6QVpK3Nif5M4myWo1Oz3RWa4shCJ95-VFKp8;2010;;;Book;img/cover page/Michael F. Holick/2010 - Vitamin D - Physiology, Molecular Biology, And Clinical.webp
Global Climatic Catastrophes;Michael Ivanovich Budyko, Georgi S. Golitsyn, Yuri A. Izrael;https://raw.githubusercontent.com/peatysharing/bibliography/main/Mikhail%20Ivanovich%20Budyko/1988%20-%20Michael%20Ivanovich.%20Budyko%3B%20Georgi%20S.%20Golitsyn%3B%20Yuri%20A.%20Izrael%20-%20Global%20Climatic%20Catastrophes.pdf;https://mega.nz/file/psY0CQAD#ixgsIZ5DRi0ndVSCHwUKq7wdBHdE0QBvn6_SBaquO-c;1988;;;Book;img/cover page/Mikhail Ivanovich Budyko/1988 - Global Climatic Catastrophes.webp
Aromatization And 5alpha-reduction Of Androgens In Discrete Hypothalamic And Limbic Regions Of The Male And Female Rat;Michael K. Selmanoff, Laurence D. Brodkin, Richard I. Weiner, Pentti K. Siiteri;https://raw.githubusercontent.com/peatysharing/bibliography/main/Michael%20K.%20Selmanoff/1977%20-%20Michael%20K.%20Selmanoff%3B%20Laurence%20D.%20Brodkin%3B%20Richard%20I.%20Weiner%3B%20Pentti%20K.%20Siiteri%20-%20Aromatization%20And%205alpha-reduction%20Of%20Androgens%20In%20Discrete%20Hypothalamic%20And%20Limbic%20Regions%20Of%20The%20Male%20And%20Female%20Rat.pdf;https://mega.nz/file/hkIRlQpJ#yKel_ZH10vlCsev4CuPbP2qqKsr7Aeb-J2dSRTNciO4;1977;;;Article;img/cover page/Michael K. Selmanoff/1977 - Aromatization And 5alpha-reduction Of Androgens In Discrete Hypothalamic And Limbic Regions Of The Male And Female Rat.webp
Michael Perkins's response;Michael Perkins;https://raw.githubusercontent.com/peatysharing/bibliography/main/Paul%20Kammerer/08-18-1923%20-%20Michael%20Perkins%27s%20response.pdf;https://mega.nz/file/9oB2BabB#C7ngIvOKsJeIO8oEkLjVvyR0m4fLZuLdl8n7sK_kEqY;1923;;;;img/cover page/Paul Kammerer/1923 - Michael Perkins's response.webp
Neuropsychological Bases of God Beliefs;Michael Persinger;https://raw.githubusercontent.com/peatysharing/bibliography/main/Michael%20A.%20Persinger/1987%20-%20Michael%20Persinger%20-%20Neuropsychological%20Bases%20of%20God%20Beliefs.pdf;https://mega.nz/file/skwgybTb#ZuMNmoCsQK20xhtTkmCHj3QwZlE1yg9u7MrApV0PKqM;1987;;;Book;img/cover page/Michael A. Persinger/1987 - Neuropsychological Bases of God Beliefs.webp
Science, Faith And Society;Michael Polanyi;https://raw.githubusercontent.com/peatysharing/bibliography/main/Michael%20Polanyi/1946%20-%20Michael%20Polanyi%20-%20Science%2C%20Faith%20And%20Society.pdf;https://mega.nz/file/B1QUFZIK#93h6uJNTcq6QgUU_7-iMhfjD6gOTpFMjiDZQlsGs1Uc;1946;;;Book;img/cover page/Michael Polanyi/1946 - Science, Faith And Society.webp
The Logic Of Liberty, Reflections And Rejoinders;Michael Polanyi;https://raw.githubusercontent.com/peatysharing/bibliography/main/Michael%20Polanyi/1951%20-%20Michael%20Polanyi%20-%20The%20Logic%20Of%20Liberty%2C%20Reflections%20And%20Rejoinders.pdf;https://mega.nz/file/FoYHGAzT#djLPvYmqAZLIpV4pN8Tn5EHNOL8KpYEUxmReHPRD3jk;1951;;;Book;img/cover page/Michael Polanyi/1951 - The Logic Of Liberty, Reflections And Rejoinders.webp
Beyond Nihilism;Michael Polanyi;https://raw.githubusercontent.com/peatysharing/bibliography/main/Michael%20Polanyi/1960%20-%20Michael%20Polanyi%20-%20Beyond%20Nihilism.pdf;https://mega.nz/file/ps5wDaiY#c8zP0Fta8nlr6NT1Dls5QBFT32Feuhlk4-aDykD6HX8;1960;;;Book;img/cover page/Michael Polanyi/1960 - Beyond Nihilism.webp
Personal Knowledge, Towards A Post-critical Philosophy;Michael Polanyi;https://raw.githubusercontent.com/peatysharing/bibliography/main/Michael%20Polanyi/1962%20-%20Michael%20Polanyi%20-%20Personal%20Knowledge%2C%20Towards%20A%20Post-critical%20Philosophy.pdf;https://mega.nz/file/wsomHKIb#pHsiC25Az2pdvQxJigZLLc0kuCQTaYxGYOaRWvJwppY;1962;;;Book;img/cover page/Michael Polanyi/1962 - Personal Knowledge, Towards A Post-critical Philosophy.webp
The Tacit Dimension;Michael Polanyi;https://raw.githubusercontent.com/peatysharing/bibliography/main/Michael%20Polanyi/1967%20-%20Michael%20Polanyi%20-%20The%20Tacit%20Dimension.pdf;https://mega.nz/file/EoBECbDI#HBtdC0qfXG9rZVZWSsdod9evUPqsMJfkF5osLEaoj-U;1967;;;Book;img/cover page/Michael Polanyi/1967 - The Tacit Dimension.webp
Knowing And Being;Michael Polanyi;https://raw.githubusercontent.com/peatysharing/bibliography/main/Michael%20Polanyi/1969%20-%20Michael%20Polanyi%20-%20Knowing%20And%20Being.pdf;https://mega.nz/file/Z5YX0azB#0euvSnKdwN09z31IY-gjA40OJkgXElJjb6ex1H2YijU;1969;;;Book;img/cover page/Michael Polanyi/1969 - Knowing And Being.webp
Meaning;Michael Polanyi, Harry Prosch;https://raw.githubusercontent.com/peatysharing/bibliography/main/Michael%20Polanyi/1975%20-%20Michael%20Polanyi%3B%20Harry%20Prosch%20-%20Meaning.pdf;https://mega.nz/file/0pQiQDgC#IerUcLS58__Pvw7F1rIJUAoCQWg29v0gD7HpyMI7DyI;1975;;;Book;img/cover page/Michael Polanyi/1975 - Meaning.webp
The Cosmic Clocks, From Astrology To A Modern Science;Michel Gauquelin;https://raw.githubusercontent.com/peatysharing/bibliography/main/Michel%20Gauquelin/1967%20-%20Michel%20Gauquelin%20-%20The%20Cosmic%20Clocks%2C%20From%20Astrology%20To%20A%20Modern%20Science.pdf;https://mega.nz/file/Vp5y2D6C#hJ3Rdn_tFpMlIi6gOIfE0w1-IVT3nwcBof3Ml8_2M4c;1967;https://ln5.sync.com/dl/20d4fa130/hbs8xjnz-j8mp26vv-sd5kuk7r-wy3d8k35;Astrology;Book;img/cover page/Michel Gauquelin/1967 - The Cosmic Clocks, From Astrology To A Modern Science.webp
La Cosmopsychologie;Michel Gauquelin;https://raw.githubusercontent.com/peatysharing/bibliography/main/Michel%20Gauquelin/1974%20-%20Michel%20Gauquelin%20-%20La%20Cosmopsychologie.pdf;https://mega.nz/file/twQEyZzQ#3PpDDArOz6mNxPRXqYX0qsxURKv5jrPP-8U6lstspfE;1974;;;Book;img/cover page/Michel Gauquelin/1974 - La Cosmopsychologie.webp
Dreams And illusions of astrology;Michel Gauquelin;https://raw.githubusercontent.com/peatysharing/bibliography/main/Michel%20Gauquelin/1980%20-%20Michel%20Gauquelin%20-%20Dreams%20And%20illusions%20of%20astrology.pdf;https://mega.nz/file/UhhTEIrS#7yXwUUmWLRmj5djuE3XeI5-SeO3MPjl36-D4ToYXOVw;1980;;;Book;img/cover page/Michel Gauquelin/1980 - Dreams And illusions of astrology.webp
Birth-Times. A Scientific Investigation Of the Secrets Of Astrology;Michel Gauquelin;https://raw.githubusercontent.com/peatysharing/bibliography/main/Michel%20Gauquelin/1983%20-%20Michel%20Gauquelin%20-%20Birth-Times.%20A%20Scientific%20Investigation%20Of%20the%20Secrets%20Of%20Astrology.pdf;https://mega.nz/file/4oIFDQIb#CLqd1_ZdOgHwlaz6b7RAvcvkd82uyTctN3EHeRg2AD4;1983;;;Book;img/cover page/Michel Gauquelin/1983 - Birth-Times. A Scientific Investigation Of the Secrets Of Astrology.webp
Les Personnalites Planetaires;Michel Gauquelin;https://raw.githubusercontent.com/peatysharing/bibliography/main/Michel%20Gauquelin/1992%20-%20Michel%20Gauquelin%20-%20Les%20Personnalites%20Planetaires.pdf;https://mega.nz/file/dxpznLQC#x0-gr70vbRAg2OeP1hKw8ZENF6Q9ZxfjDc06yZle-H0;1992;;;Book;img/cover page/Michel Gauquelin/1992 - Les Personnalites Planetaires.webp
Cosmic Influences On Human Behavior - The Planetary Factors In Personality;Michel Gauquelin;https://raw.githubusercontent.com/peatysharing/bibliography/main/Michel%20Gauquelin/1994%20-%20Michel%20Gauquelin%20-%20Cosmic%20Influences%20On%20Human%20Behavior%20-%20The%20Planetary%20Factors%20In%20Personality.pdf;https://mega.nz/file/Y5RzzQhC#vl7xyC3OlMLoF6SlFWr0b45DulHN30jMhxg571EUJgE;1994;https://ln5.sync.com/dl/970848910/ghniuwmu-s3hisqxp-giidk6ym-ybzw42w3;Astrology;Book;img/cover page/Michel Gauquelin/1994 - Cosmic Influences On Human Behavior - The Planetary Factors In Personality.webp
Climate And Life;Mikhail Ivanovich Budyko;https://raw.githubusercontent.com/peatysharing/bibliography/main/Mikhail%20Ivanovich%20Budyko/1974%20-%20Mikhail%20Ivanovich%20Budyko%20-%20Climate%20And%20Life.pdf;https://mega.nz/file/l4BFDBrA#GYe-VExgMGdMl7Fv9aGSM6MhGr4L441jLWT-zawtKEs;1974;;;Book;img/cover page/Mikhail Ivanovich Budyko/1974 - Climate And Life.webp
Climatic Changes;Mikhail Ivanovich Budyko;https://raw.githubusercontent.com/peatysharing/bibliography/main/Mikhail%20Ivanovich%20Budyko/1977%20-%20Mikhail%20Ivanovich%20Budyko%20-%20Climatic%20Changes.pdf;https://mega.nz/file/A1xlBTJL#FbTvUAxnmYiImHyk5koTwWjI1d8zJ3_qVxtkaY7cdUI;1977;;;Book;img/cover page/Mikhail Ivanovich Budyko/1977 - Climatic Changes.webp
The Earth's Climate, Past And Future;Mikhail Ivanovich Budyko;https://raw.githubusercontent.com/peatysharing/bibliography/main/Mikhail%20Ivanovich%20Budyko/1982%20-%20Mikhail%20Ivanovich%20Budyko%20-%20The%20Earth%27s%20Climate%2C%20Past%20And%20Future.pdf;https://mega.nz/file/kgpnlTSQ#ctiSUOKSODbjm-PCSxCg4ucULjhWn2ln1zBgrVR4tm0;1982;;;Book;img/cover page/Mikhail Ivanovich Budyko/1982 - The Earth's Climate, Past And Future.webp
The Evolution Of The Biosphere;Mikhail Ivanovich Budyko;https://raw.githubusercontent.com/peatysharing/bibliography/main/Mikhail%20Ivanovich%20Budyko/1986%20-%20Mikhail%20Ivanovich%20Budyko%20-%20The%20Evolution%20Of%20The%20Biosphere.pdf;https://mega.nz/file/x54RkJQT#cY5SA5pveP1AKLKc3ZSF3s2WLZXJMTtkBJaZKw2P7eU;1986;;;Book;img/cover page/Mikhail Ivanovich Budyko/1986 - The Evolution Of The Biosphere.webp
History Of The Earth's Atmosphere;Mikhail Ivanovich Budyko, Aleksandr B. Ronov;https://raw.githubusercontent.com/peatysharing/bibliography/main/Mikhail%20Ivanovich%20Budyko/1987%20-%20Mikhail%20Ivanovich%20Budyko%3B%20Aleksandr%20B.%20Ronov%20-%20History%20Of%20The%20Earth%27s%20Atmosphere.pdf;https://mega.nz/file/0sgUVZZb#U98NoF1fnN9VW_FaPf7dErc6AjRl5oEgaNwX9nv3Lfg;1987;;;Book;img/cover page/Mikhail Ivanovich Budyko/1987 - History Of The Earth's Atmosphere.webp
Magnesium Interrelationships In Ischemic Heart Disease, A Review;Mildred S. Seelig, Alexander Heggtveit;https://raw.githubusercontent.com/peatysharing/bibliography/main/Mildred%20S.%20Seelig/1974%20-%20Mildred%20S.%20Seelig%3B%20Alexander%20Heggtveit%20-%20Magnesium%20Interrelationships%20In%20Ischemic%20Heart%20Disease%2C%20A%20Review.pdf;https://mega.nz/file/cpxgVIJR#j1qgguf9YJ3EUTCr1G8Fb4TTvpoi8vDC21jRipH9G9s;1974;;;Article;img/cover page/Mildred S. Seelig/1974 - Magnesium Interrelationships In Ischemic Heart Disease, A Review.webp
Nutritional Therapy Of Endocrine Disturbances;Morton Sidney Biskind;https://raw.githubusercontent.com/peatysharing/bibliography/main/Morton%20Sidney%20Biskind/1946%20-%20Morton%20Sidney%20Biskind%20-%20Nutritional%20Therapy%20Of%20Endocrine%20Disturbances.pdf;https://mega.nz/file/xxZEhCpS#34sp1vO9_7XKp0mhuMC_BZuijzfMS0Yn5UjRdRw1H6o;1946;;;Article;img/cover page/Morton Sidney Biskind/1946 - Nutritional Therapy Of Endocrine Disturbances.webp
Radicals in Chemistry, Past and Present;Moses Gomberg;https://raw.githubusercontent.com/peatysharing/bibliography/main/Moses%20Gomberg/1928%20-%20Moses%20Gomberg%20-%20Radicals%20in%20Chemistry%2C%20Past%20and%20Present.pdf;https://mega.nz/file/514UiDhA#ZWKyMNteyHeoTS9wuU924MFO3P8R2nGJ7GND2wOToU8;1928;;;;img/cover page/Moses Gomberg/1928 - Radicals in Chemistry, Past and Present.webp
A Survey Of The Chemistry Of Free Radicals;Moses Gomberg;https://raw.githubusercontent.com/peatysharing/bibliography/main/Moses%20Gomberg/1932%20-%20Moses%20Gomberg%20-%20A%20Survey%20Of%20The%20Chemistry%20Of%20Free%20Radicals.pdf;https://mega.nz/file/514UiDhA#ZWKyMNteyHeoTS9wuU924MFO3P8R2nGJ7GND2wOToU8;1932;https://ln5.sync.com/dl/6cbbcc330/g3mg3sn5-rtkvpx6a-h7fzccjr-zgtqre5b;Chemistry;Article;img/cover page/Moses Gomberg/1932 - A Survey Of The Chemistry Of Free Radicals.webp
Volcanic Phenomena on the Moon;N. A. Kozyrev;https://raw.githubusercontent.com/peatysharing/bibliography/main/N.A.%20Kozyrev/1963%20-%20N.%20A.%20Kozyrev%20-%20Volcanic%20Phenomena%20on%20the%20Moon.pdf;https://mega.nz/file/w44mETKI#B8z_wTh12YRqtMa7ZSeD9hS3nD0J8lzd8XqS2v_x6F0;1963;;;;img/cover page/N. A. Kozyrev/1963 - Volcanic Phenomena on the Moon.webp
Possibility Of Experimental Study Of Properties Of Time;N. A. Kozyrev;https://raw.githubusercontent.com/peatysharing/bibliography/main/N.A.%20Kozyrev/1967%20-%20N.%20A.%20Kozyrev%20-%20Possibility%20Of%20Experimental%20Study%20Of%20Properties%20Of%20Time.pdf;https://mega.nz/file/VoYwVSjb#JnwQXfpVXQy7cmFpm9S38NHffvTAgaPC08Q-_-fwOvM;1967;;;;img/cover page/N. A. Kozyrev/1967 - Possibility Of Experimental Study Of Properties Of Time.webp
Sources Of Stellar Energy And The Theory Of The Internal Constitution Of Stars;N. A. Kozyrev;https://raw.githubusercontent.com/peatysharing/bibliography/main/N.A.%20Kozyrev/2005%20-%20N.%20A.%20Kozyrev%20-%20Sources%20Of%20Stellar%20Energy%20And%20The%20Theory%20Of%20The%20Internal%20Constitution%20Of%20Stars.pdf;https://mega.nz/file/gshCCSpI#ltArdSQsx3WeBX4J7Iq9zXHgZRIuibAZgy32gz4WqHQ;2005;;;Article;img/cover page/N. A. Kozyrev/2005 - Sources Of Stellar Energy And The Theory Of The Internal Constitution Of Stars.webp
The Neurophysiological Aspects Of Human Mental Activity;Natalia Petrovna Bekhtereva;https://raw.githubusercontent.com/peatysharing/bibliography/main/Natalia%20Petrovna%20Bekhtereva/1978%20-%20Natalia%20Petrovna%20Bekhtereva%20-%20The%20Neurophysiological%20Aspects%20Of%20Human%20Mental%20Activity.pdf;https://mega.nz/file/ol4GSTJL#lYYiPUdQXRTuWjLPTbfJ9gocU-dfPeuGWu-ijqa7qoI;1978;https://ln5.sync.com/dl/9da828010/j6nssfct-2ntujhzr-esc3cyrz-edwhfs67;Neuroscience;Book;img/cover page/Natalia Petrovna Bekhtereva/1978 - The Neurophysiological Aspects Of Human Mental Activity.webp
Stimulation Of Post-Traumatic Regeneration Of Skeletal Muscles Of Old rats After X-Ray Irradiation;Nelly V. Bulyakova, M. F. Popova;https://raw.githubusercontent.com/peatysharing/bibliography/main/Nelly%20V.%20Bulyakova/1987%20-%20Nelly%20V.%20Bulyakova%3B%20M.%20F.%20Popova%20-%20Stimulation%20Of%20Post-Traumatic%20Regeneration%20Of%20Skeletal%20Muscles%20Of%20Old%20rats%20After%20X-Ray%20Irradiation.pdf;https://mega.nz/file/1lYzRKZC#oJHjCiQVyvftLMC1qV9Rb8C7U2ksXiy05H30i5U1zWo;1987;;;Article;img/cover page/Nelly V. Bulyakova/1987 - Stimulation Of Post-Traumatic Regeneration Of Skeletal Muscles Of Old rats After X-Ray Irradiation.webp
The Human Use Of Human Beings;Norbert Wiener;https://raw.githubusercontent.com/peatysharing/bibliography/main/Norbert%20Wiener/1954%20-%20Norbert%20Wiener%20-%20The%20Human%20Use%20Of%20Human%20Beings.pdf;https://mega.nz/file/cxACnBYA#6b2Jj3uPuPtTd93u9EfbSPs-MVVih6s-68eR3F306p0;1954;https://ln5.sync.com/dl/c5761f260/qgj5jskn-e6vgmurt-e9m6wc4w-tqe7jetm;Cybernetics;Book;img/cover page/Norbert Wiener/1954 - The Human Use Of Human Beings.webp
God And Golem, A Comment On Certain Points Where Cybernetics Impinges On Religion;Norbert Wiener;https://raw.githubusercontent.com/peatysharing/bibliography/main/Norbert%20Wiener/1964%20-%20Norbert%20Wiener%20-%20God%20And%20Golem%2C%20A%20Comment%20On%20Certain%20Points%20Where%20Cybernetics%20Impinges%20On%20Religion.pdf;https://mega.nz/file/Blo3BQCJ#IZrESiqvKPHShqbv9UImkD6NgOI2fkqQg5sGeO1UeFA;1964;https://ln5.sync.com/dl/82a1302b0/cz8c6yuq-nd3mtcux-8pvdqyyi-iucsrefy;Cybernetics;Book;img/cover page/Norbert Wiener/1964 - God And Golem, A Comment On Certain Points Where Cybernetics Impinges On Religion.webp
Cybernetics Or Control And Communications In The Animal And The Behaviour;Norbert Wiener;https://raw.githubusercontent.com/peatysharing/bibliography/main/Norbert%20Wiener/1985%20-%20Norbert%20Wiener%20-%20Cybernetics%20Or%20Control%20And%20Communications%20In%20The%20Animal%20And%20The%20Behaviour.pdf;https://mega.nz/file/ptIkRDjA#Anva4xwoeiTX-Er9Nr8_uEf_P63-h9tQSVPyTIQOCY8;1985;https://ln5.sync.com/dl/904f0d830/4zfsjqzc-g5bn6ihb-ebgdwwvq-8xnqqvde;Cybernetics;Book;img/cover page/Norbert Wiener/1985 - Cybernetics Or Control And Communications In The Animal And The Behaviour.webp
Emotions In The Function Of Heuristics;O. K. Tikhomirov, Ye. E. Vinogradov;https://raw.githubusercontent.com/peatysharing/bibliography/main/O.%20K.%20Tikhomirov/1970%20-%20O.%20K.%20Tikhomirov%3B%20Ye.%20E.%20Vinogradov%20-%20Emotions%20In%20The%20Function%20Of%20Heuristics.pdf;https://mega.nz/file/1tYnlDqK#-gTWQ4zanAv-ojtKlOJRuAsBN1W5OMQYaZonP-J2dCA;1970;;;Article;img/cover page/O. K. Tikhomirov/1970 - Emotions In The Function Of Heuristics.webp
The Metabolism Of Tumors In The Body;Otto Warburg;https://raw.githubusercontent.com/peatysharing/bibliography/main/Otto%20Warburg/1926%20-%20Otto%20Warburg%20-%20The%20Metabolism%20Of%20Tumors%20In%20The%20Body.pdf;https://mega.nz/file/YwYWTAyS#qoDcIeee1fETtE9CMVPy-6wXezaAcl8IKgUyrvPkPZE;1926;https://ln5.sync.com/dl/3a0eed5c0/8nf9bxd9-xsvrm8sr-ge38usc5-6q7pkr3x/view/default/9640211070014?sync_id=9640209930014;Cancer;Article;img/cover page/Otto Warburg/1926 - The Metabolism Of Tumors In The Body.webp
The Oxygen-transferring Ferment Of Respiration;Otto Warburg;https://raw.githubusercontent.com/peatysharing/bibliography/main/Otto%20Warburg/1931%20-%20Otto%20Warburg%20-%20The%20Oxygen-transferring%20Ferment%20Of%20Respiration.pdf;https://mega.nz/file/g9J1jYYb#qBola0_KUKNT8m_DTnCxmH-kok7OpUQ7TiQFVnJueqY;1931;https://ln5.sync.com/dl/d8f8f41a0/54wjhimu-52wiatxm-8k2xaitx-uby2zjfh;Biology;Article;img/cover page/Otto Warburg/1931 - The Oxygen-transferring Ferment Of Respiration.webp
On The Origin Of Cancer Cells;Otto Warburg;https://raw.githubusercontent.com/peatysharing/bibliography/main/Otto%20Warburg/1956%20-%20Otto%20Warburg%20-%20On%20The%20Origin%20Of%20Cancer%20Cells.pdf;https://mega.nz/file/A4pCGK4B#5AiI5s-3Qw49M9IieeaaW-YNiG1UhY9yUFfiheVKz2w;1956;https://ln5.sync.com/dl/3a0eed5c0/8nf9bxd9-xsvrm8sr-ge38usc5-6q7pkr3x/view/default/9640211100014?sync_id=9640209930014;Cancer;Article;img/cover page/Otto Warburg/1956 - On The Origin Of Cancer Cells.webp
The Chemical Constitution Of Respiration Ferment;Otto Warburg;https://raw.githubusercontent.com/peatysharing/bibliography/main/Otto%20Warburg/2010%20-%20Otto%20Warburg%20-%20The%20Chemical%20Constitution%20Of%20Respiration%20Ferment.pdf;https://mega.nz/file/VxgEUZpL#A51yI8Yk52VK52kqyOS-1cgCsPHeI9GDN0VyHayXqfU;2010;https://ln5.sync.com/dl/b62acd510/2pgrk32k-6tvum2zc-w6qcqe73-z47f45xe;Biology;Article;img/cover page/Otto Warburg/2010 - The Chemical Constitution Of Respiration Ferment.webp
Endocrine Glands And The Sympathetic System;P. Lereboullet, H. Carrion, A.G. Guillaume, P. Harvier;https://raw.githubusercontent.com/peatysharing/bibliography/main/Pierre%20Lereboullet/1922%20-%20P.%20Lereboullet%3B%20H.%20Carrion%3B%20A.G.%20Guillaume%3B%20P.%20Harvier%20-%20Endocrine%20Glands%20And%20The%20Sympathetic%20System.pdf;https://mega.nz/file/doxWULqK#C56R_bIMPL4mXajv7Gi36X-3FQpUb91Egiv6JCsFHEc;1922;https://ln5.sync.com/dl/9ccb9a7d0/3ynvpta9-qb4jq5ux-epwwh6cb-abwrxrtt;Endocrinology;Book;img/cover page/Pierre Lereboullet/1922 - Endocrine Glands And The Sympathetic System.webp
Hormonal Correlates Of 'masculinization' In Female Spotted Hyaenas (crocuta Crocuta). 2. Maternal And Fetal Steroids;P. Licht, L. G. Frank, S. Pavgi, T. M. Yalcinkaya, Pentii K. Siiteri, S. E. Glickman;https://raw.githubusercontent.com/peatysharing/bibliography/main/P.%20Licht/1992%20-%20P.%20Licht%3B%20L.%20G.%20Frank%3B%20S.%20Pavgi%3B%20T.%20M.%20Yalcinkaya%3B%20Pentii%20K.%20Siiteri%3B%20S.%20E.%20Glickman%20-%20Hormonal%20Correlates%20Of%20%27masculinization%27%20In%20Female%20Spotted%20Hyaenas%20%28crocuta%20Crocuta%29.%202.%20Maternal%20And%20Fetal%20Steroids.pdf;https://mega.nz/file/l9AjmbJC#RJagEFWrFZbYIo-g_nMNAZGVyKNpCVVLj_qa2i5FT3I;1992;;;Article;img/cover page/P. Licht/1992 - Hormonal Correlates Of 'masculinization' In Female Spotted Hyaenas (crocuta Crocuta). 2. Maternal And Fetal Steroids.webp
Influence Of Estrogen On Aging Of The Central Nervous System. Its Role In Declining Female Reproductive Function;P. M. Wise;https://raw.githubusercontent.com/peatysharing/bibliography/main/P.%20M.%20Wise/1989%20-%20P.%20M.%20Wise%20-%20Influence%20Of%20Estrogen%20On%20Aging%20Of%20The%20Central%20Nervous%20System.%20Its%20Role%20In%20Declining%20Female%20Reproductive%20Function.pdf;https://mega.nz/file/89xzFByJ#0d_xphenqgWaXGMWH51Bcu4wKXYEnSmXgH9-KT5uTOg;1989;;;Article;img/cover page/P. M. Wise/1989 - Influence Of Estrogen On Aging Of The Central Nervous System. Its Role In Declining Female Reproductive Function.webp
Plasma Androgen Response To Hcg Stimulation In Prepubertal Boys With Hypospadias And Cryptorchidism;Patrick C. Walsh, Norvelle Curry, Roy C. Mills, Pentti K. Siiteri;https://raw.githubusercontent.com/peatysharing/bibliography/main/Patrick%20C.%20Walsh/1976%20-%20Patrick%20C.%20Walsh%3B%20Norvelle%20Curry%3B%20Roy%20C.%20Mills%3B%20Pentti%20K.%20Siiteri%20-%20Plasma%20Androgen%20Response%20To%20Hcg%20Stimulation%20In%20Prepubertal%20Boys%20With%20Hypospadias%20And%20Cryptorchidism.pdf;https://mega.nz/file/50BjXLBD#fsiSI2YQQ54DK2kATTu0SzR5gpU7WRbIMZ-Q1jesTE0;1976;;;Article;img/cover page/Patrick C. Walsh/1976 - Plasma Androgen Response To Hcg Stimulation In Prepubertal Boys With Hypospadias And Cryptorchidism.webp
Suppression Of Plasma Androgens By Spironolactone In Castrated Men With Carcinoma Of The Prostate;Patrick C. Walsh, Pentti K. Siiteri;https://raw.githubusercontent.com/peatysharing/bibliography/main/Patrick%20C.%20Walsh/1975%20-%20Patrick%20C.%20Walsh%3B%20%20Pentti%20K.%20Siiteri%20-%20Suppression%20Of%20Plasma%20Androgens%20By%20Spironolactone%20In%20Castrated%20Men%20With%20Carcinoma%20Of%20The%20Prostate.pdf;https://mega.nz/file/sopxwCwB#dP4Y_nWw-BZDITADquLUhZodbtvET6rq-D1f1GcIk-4;1975;;;Article;img/cover page/Patrick C. Walsh/1975 - Suppression Of Plasma Androgens By Spironolactone In Castrated Men With Carcinoma Of The Prostate.webp
Effect Of Obesity On Conversion Of Plasma Androstenedione To Estrone In Postmenopausal Women With And Without Endometrial Cancer;Paul C. Macdonald, C. D. Edman, D. L. Hemsell, J. C. Porter, P. K. Siiteri;https://raw.githubusercontent.com/peatysharing/bibliography/main/Paul%20C.%20Macdonald/1978%20-%20Paul%20C.%20Macdonald%3B%20C.%20D.%20Edman%3B%20D.%20L.%20Hemsell%3B%20J.%20C.%20Porter%3B%20P.%20K.%20Siiteri%20-%20Effect%20Of%20Obesity%20On%20Conversion%20Of%20Plasma%20Androstenedione%20To%20Estrone%20In%20Postmenopausal%20Women%20With%20And%20Without%20Endometrial%20Cancer.pdf;https://mega.nz/file/J1xRnBRa#Fps4ib355xZkHjXaUkKoVs1oR183yxx2IKeNIndxjEo;1978;;;Article;img/cover page/Paul C. Macdonald/1978 - Effect Of Obesity On Conversion Of Plasma Androstenedione To Estrone In Postmenopausal Women With And Without Endometrial Cancer.webp
Origin Of Estrogen In Normal Men And In Women With Testicular Feminization;Paul C. Macdonald, James D. Madden, Paul F. Brenner, Jean D. Wilson, And Pentti K. Siiteri;https://raw.githubusercontent.com/peatysharing/bibliography/main/Paul%20C.%20Macdonald/1979%20-%20Paul%20C.%20Macdonald%2C%20James%20D.%20Madden%2C%20Paul%20F.%20Brenner%2C%20Jean%20D.%20Wilson%2C%20And%20Pentti%20K.%20Siiteri%20-%20Origin%20Of%20Estrogen%20In%20Normal%20Men%20And%20In%20Women%20With%20Testicular%20Feminization.pdf;https://mega.nz/file/dx4DFTbD#ODZ_9lqlzvb5EHarseISQi-vURRsp8t0D_OiPH8vz_I;1979;;;Article;img/cover page/Paul C. Macdonald/1979 - Origin Of Estrogen In Normal Men And In Women With Testicular Feminization.webp
Plasma Precursors Of Estrogen. I. Extent Of Conversion Of Plasma delta-4 -androstenedione To Estrone In Normal Males And Nonpregnant Normal, Castrate And Adrenalectomized Females;Paul C. Macdonald, Raoul P. Rombaut, Pentti K. Siiteri;https://raw.githubusercontent.com/peatysharing/bibliography/main/Paul%20C.%20Macdonald/1967%20-%20Paul%20C.%20Macdonald%3B%20Raoul%20P.%20Rombaut%3B%20Pentti%20K.%20Siiteri%20-%20Plasma%20Precursors%20Of%20Estrogen.%20I.%20Extent%20Of%20Conversion%20Of%20Plasma%20delta-4%20-androstenedione%20To%20Estrone%20In%20Normal%20Males%20And%20Nonpregnant%20Normal%2C%20Castrate%20And%20Adrenalectomized%20Females.pdf;https://mega.nz/file/JgQCQZJB#xTkoxz1cbmxiuBsg459EInMpUMCHNyZ1mAo4HN7RjyE;1967;;;Article;img/cover page/Paul C. Macdonald/1967 - Plasma Precursors Of Estrogen. I. Extent Of Conversion Of Plasma delta-4 -androstenedione To Estrone In Normal Males And Nonpregnant Normal, Castrate And Adrenalectomized Females.webp
Faulting Continental Drift;Paul D. Lowman;https://raw.githubusercontent.com/peatysharing/bibliography/main/Paul%20D.%20Lowman/1983%20-%20Paul%20D.%20Lowman%20-%20Faulting%20Continental%20Drift.pdf;https://mega.nz/file/44wzxCxR#zFvKBSYaNsQsuI40a3Zo1qwuvX-3q8XhAfuHwSazkSg;1983;;;Article;img/cover page/Paul D. Lowman/1983 - Faulting Continental Drift.webp
Mechanical Obstacle To The Movement Of Continent-Bearing Plates;Paul D. Lowman;https://raw.githubusercontent.com/peatysharing/bibliography/main/Paul%20D.%20Lowman/1985%20-%20Paul%20D.%20Lowman%20-%20Mechanical%20Obstacle%20To%20The%20Movement%20Of%20Continent-Bearing%20Plates.pdf;https://mega.nz/file/B9gzAS6S#iodiH18_kuNEPCxXVverjUczUwUbxGUtgzqYEDfPzDc;1985;;;Article;img/cover page/Paul D. Lowman/1985 - Mechanical Obstacle To The Movement Of Continent-Bearing Plates.webp
Weimer Culture, Causality, and Quantum Theory, 1918-1927. Adaptation by German Physicists and Mathematicians to a Hostile Intellectual Environment;Paul Forman;https://raw.githubusercontent.com/peatysharing/bibliography/main/Paul%20Forman/1971%20-%20Paul%20Forman%20-%20Weimer%20Culture%2C%20Causality%2C%20and%20Quantum%20Theory%2C%201918-1927.%20Adaptation%20by%20German%20Physicists%20and%20Mathematicians%20to%20a%20Hostile%20Intellectual%20Environment.pdf;https://mega.nz/file/R8xXAAJI#Yp6JOx90mfvSvEFv_q7tZ4akLha4N6drK8AAbHMiYu4;1971;;;;img/cover page/Paul Forman/1971 - Weimer Culture, Causality, and Quantum Theory, 1918-1927. Adaptation by German Physicists and Mathematicians to a Hostile Intellectual Environment.webp
Tocopherol And Hemolysis In Vivo And In Vitro;Paul Gyorgy, Catahrine S. Rose;https://raw.githubusercontent.com/peatysharing/bibliography/main/Paul%20Gyorgy/1949%20-%20Paul%20Gyorgy%3B%20Catahrine%20S.%20Rose%20-%20Tocopherol%20And%20Hemolysis%20In%20Vivo%20And%20In%20Vitro.pdf;https://mega.nz/file/ss5kyY6Q#HuYSrnDanMzsebfCnn_WbrFfAqHI66b3cAiSEEne2W4;1949;;;Article;img/cover page/Paul Gyorgy/1949 - Tocopherol And Hemolysis In Vivo And In Vitro.webp
Bioelectromagnetic Medicine;Paul J. Rosch, Marko S. Markov;https://raw.githubusercontent.com/peatysharing/bibliography/main/Marko%20S.%20Markov/2005%20-%20Paul%20J.%20Rosch%3B%20Marko%20S.%20Markov%20-%20Bioelectromagnetic%20Medicine.pdf;https://mega.nz/file/Zt5xVRIY#ebJFA3qM6_3ZiFIfiW_lwt2PKho-YaGUcxXUDXELxa4;2005;;;;img/cover page/Marko S. Markov/2005 - Bioelectromagnetic Medicine.webp
Breeding experiments on the inheritance of acquired characters;Paul Kammerer;https://raw.githubusercontent.com/peatysharing/bibliography/main/Paul%20Kammerer/05-12-1923%20-%20Paul%20Kammerer%20-%20Breeding%20experiments%20on%20the%20inheritance%20of%20acquired%20characters.pdf;https://mega.nz/file/RsJTHZzD#gwhFHmlSDjzSccit5wFdGh4ULLvMrnXGLrVycb2zRDE;1923;;;;img/cover page/Paul Kammerer/1923 - Breeding experiments on the inheritance of acquired characters.webp
Paul Kammerer's Response after publishing  Breeding experiments on the inheritance of acquired characters;Paul Kammerer;https://raw.githubusercontent.com/peatysharing/bibliography/main/Paul%20Kammerer/08-18-1923%20-%20Paul%20Kammerer%27s%20Response%20after%20publishing%20%20Breeding%20experiments%20on%20the%20inheritance%20of%20acquired%20characters.pdf;https://mega.nz/file/RsJTHZzD#gwhFHmlSDjzSccit5wFdGh4ULLvMrnXGLrVycb2zRDE;1923;;;;img/cover page/Paul Kammerer/1923 - Paul Kammerer's Response after publishing Breeding experiments on the inheritance of acquired characters.webp
The inheritance of acquired characteristics;Paul Kammerer;https://raw.githubusercontent.com/peatysharing/bibliography/main/Paul%20Kammerer/1924%20-%20Paul%20Kammerer%20-%20The%20inheritance%20of%20acquired%20characteristics.pdf;https://mega.nz/file/kl4UxQCB#G-34bOBeZt0hFxWLhu89jJVf6qtXcuV3sbfwjOB1wcE;1924;;;;img/cover page/Paul Kammerer/1924 - The inheritance of acquired characteristics.webp
Shufflebrain;Paul Pietsch;https://raw.githubusercontent.com/peatysharing/bibliography/main/Paul%20Pietsch/1981%20-%20Paul%20Pietsch%20-%20Shufflebrain.pdf;https://mega.nz/file/BgQn2Q4D#AmT7R9tpn3HIXaw5bJXmzGId6p8UXW8oEi-RzKNuygA;1981;;;Book;img/cover page/Paul Pietsch/1981 - Shufflebrain.webp
Brain Transplantation In Salamanders, An Approach To Memory Transfer;Paul Pietsch, Carl W. Schneider;https://raw.githubusercontent.com/peatysharing/bibliography/main/Paul%20Pietsch/1969%20-%20Paul%20Pietsch%3B%20Carl%20W.%20Schneider%20-%20Brain%20Transplantation%20In%20Salamanders%2C%20An%20Approach%20To%20Memory%20Transfer.pdf;https://mega.nz/file/MhBm2BCJ#iCs9fCZB9u8aQ7yINm5ZaAZPrPWw-ksVxIpY9ALy-FI;1969;;;Article;img/cover page/Paul Pietsch/1969 - Brain Transplantation In Salamanders, An Approach To Memory Transfer.webp
Interrelations Of The Proliferation And Differentiation Processes During Cardiac Myogenesis And Regeneration;Pavel P. Rumyantsev;https://raw.githubusercontent.com/peatysharing/bibliography/main/Pavel%20P.%20Rumyantsev/1977%20-%20Pavel%20P.%20Rumyantsev%20-%20Interrelations%20Of%20The%20Proliferation%20And%20Differentiation%20Processes%20During%20Cardiac%20Myogenesis%20And%20Regeneration.pdf;https://mega.nz/file/ps43XQSA#wd-tHZvztmVAQcPyd6AfmKLnPOXgi4UncLlIOn0hgWs;1977;;;Article;img/cover page/Pavel P. Rumyantsev/1977 - Interrelations Of The Proliferation And Differentiation Processes During Cardiac Myogenesis And Regeneration.webp
The Emotional Brain, Physiology, Neuroanatomy, Psychology;Pavel V. Simonov;https://raw.githubusercontent.com/peatysharing/bibliography/main/Pavel%20V.%20Simonov/1986%20-%20Pavel%20V.%20Simonov%20-%20The%20Emotional%20Brain%2C%20Physiology%2C%20Neuroanatomy%2C%20Psychology.pdf;https://mega.nz/file/wtxjSI7I#pRK92n0vj5kXexC_3RQYJR3LH555STa_QMgW59ktsh4;1986;;;Book;img/cover page/Pavel V. Simonov/1986 - The Emotional Brain, Physiology, Neuroanatomy, Psychology.webp
Interaction Of Brain Macrostructures In The Behavior Organization Process;Pavel V. Simonov;https://raw.githubusercontent.com/peatysharing/bibliography/main/Pavel%20V.%20Simonov/1988%20-%20Pavel%20V.%20Simonov%20-%20Interaction%20Of%20Brain%20Macrostructures%20In%20The%20Behavior%20Organization%20Process.pdf;https://mega.nz/file/YwBAzAKK#woYLdPMlWNwHXIK3554-TWsQjewKdGwQG-_ydkQZy1w;1988;;;Article;img/cover page/Pavel V. Simonov/1988 - Interaction Of Brain Macrostructures In The Behavior Organization Process.webp
Reflexes Of Purpose And Freedom In The Comparative Physiology Of Higher Nervous Activityµ;Pavel V. Simonov;https://raw.githubusercontent.com/peatysharing/bibliography/main/Pavel%20V.%20Simonov/1990%20-%20Pavel%20V.%20Simonov%20%20-%20Reflexes%20Of%20Purpose%20And%20Freedom%20In%20The%20Comparative%20Physiology%20Of%20Higher%20Nervous%20Activity%C2%B5.pdf;https://mega.nz/file/g8xi0DCR#ws4DQ6twsDapQZNbJ5XWw1BFLWQnQIsrfwbHXPcEp78;1990;;;Article;img/cover page/Pavel V. Simonov/1990 - Reflexes Of Purpose And Freedom In The Comparative Physiology Of Higher Nervous Activityµ.webp
The Motivated Brain, A Neurophysiological Analysis Of Human Behavior;Pavel V. Simonov;https://raw.githubusercontent.com/peatysharing/bibliography/main/Pavel%20V.%20Simonov/1991%20-%20Pavel%20V.%20Simonov%20-%20The%20Motivated%20Brain%2C%20A%20Neurophysiological%20Analysis%20Of%20Human%20Behavior.pdf;https://mega.nz/file/AkxRwLCS#yK4AR2pqjIKvL9DTsTkACpFJpeC1UJfzEX_bM5cPJpA;1991;;;Book;img/cover page/Pavel V. Simonov/1991 - The Motivated Brain, A Neurophysiological Analysis Of Human Behavior.webp
Consciousness And The Brain;Pavel V. Simonov;https://raw.githubusercontent.com/peatysharing/bibliography/main/Pavel%20V.%20Simonov/1994%20-%20Pavel%20V.%20Simonov%20-%20Consciousness%20And%20The%20Brain.pdf;https://mega.nz/file/p1gETTaC#Fap-V_SGFEW0Yox9VbRAHKLyNwp9o7m6Acv2D90PzUY;1994;;;Article;img/cover page/Pavel V. Simonov/1994 - Consciousness And The Brain.webp
Corticohypothalamic Relationships During The Development And Realization Of The Conditioned Reflex;Pavel V. Simonov;https://raw.githubusercontent.com/peatysharing/bibliography/main/Pavel%20V.%20Simonov/1994%20-%20Pavel%20V.%20Simonov%20-%20Corticohypothalamic%20Relationships%20During%20The%20Development%20And%20Realization%20Of%20The%20Conditioned%20Reflex.pdf;https://mega.nz/file/V5gxxYzK#snW1HFJlmIip6BqsPjwvuyAzZU0vbR9zSID088WXOy4;1994;;;Article;img/cover page/Pavel V. Simonov/1994 - Corticohypothalamic Relationships During The Development And Realization Of The Conditioned Reflex.webp
Brain Mechanisms Of Emotions;Pavel V. Simonov;https://raw.githubusercontent.com/peatysharing/bibliography/main/Pavel%20V.%20Simonov/1997%20-%20Pavel%20V.%20Simonov%20-%20Brain%20Mechanisms%20Of%20Emotions.pdf;https://mega.nz/file/9oATkRgJ#NqjFTs7ZuJf4c6QMHBtz5Rdq8AtSn6gfllr3B8Ej6Fg;1997;;;Article;img/cover page/Pavel V. Simonov/1997 - Brain Mechanisms Of Emotions.webp
Neurobiological Basis Of Creativity;Pavel V. Simonov;https://raw.githubusercontent.com/peatysharing/bibliography/main/Pavel%20V.%20Simonov/1997%20-%20Pavel%20V.%20Simonov%20-%20Neurobiological%20Basis%20Of%20Creativity.pdf;https://mega.nz/file/A9gkVITB#OKih5z4hhFd7LtDEVBAV2mzYFJ1NNetjl8XDUODuXWk;1997;;;Article;img/cover page/Pavel V. Simonov/1997 - Neurobiological Basis Of Creativity.webp
The Isolation Of Urinary Estrogens And Determination Of Their Specific Activites Following The Administration Of Radioactive Precursors To Humans;Pentti K. Siiteri;https://raw.githubusercontent.com/peatysharing/bibliography/main/Penttii%20K.%20Siiteri/1963%20-%20Pentti%20K.%20Siiteri%20-%20The%20Isolation%20Of%20Urinary%20Estrogens%20And%20Determination%20Of%20Their%20Specific%20Activites%20Following%20The%20Administration%20Of%20Radioactive%20Precursors%20To%20Humans.pdf;https://mega.nz/file/AoQmyJCB#GUz7RwqjuADrED8BTscS98sphCXQ-zgjygj1RBUigKA;1963;;;Article;img/cover page/Penttii K. Siiteri/1963 - The Isolation Of Urinary Estrogens And Determination Of Their Specific Activites Following The Administration Of Radioactive Precursors To Humans.webp
Sex Hormone Production And Action;Pentti K. Siiteri;https://raw.githubusercontent.com/peatysharing/bibliography/main/Penttii%20K.%20Siiteri/1979%20-%20Pentti%20K.%20Siiteri%20-%20Sex%20Hormone%20Production%20And%20Action.pdf;https://mega.nz/file/IwJWWa6D#4p6w3ZybqjmD-Xi27NbZQ4uT9HBlqao-JcwtKGUdm-s;1979;;;Article;img/cover page/Penttii K. Siiteri/1979 - Sex Hormone Production And Action.webp
Adipose Tissue As A Source Of Hormones;Pentti K. Siiteri;https://raw.githubusercontent.com/peatysharing/bibliography/main/Penttii%20K.%20Siiteri/1987%20-%20Pentti%20K.%20Siiteri%20-%20Adipose%20Tissue%20As%20A%20Source%20Of%20Hormones.pdf;https://mega.nz/file/d9AElaRB#qe9pplqakg9s17wBdfoA9N1wjCSU1wr_I7a386SSG8I;1987;;;Article;img/cover page/Penttii K. Siiteri/1987 - Adipose Tissue As A Source Of Hormones.webp
Testosterone Formation And Metabolism During Male Sexual Differentiation In The Human Embryo;Pentti K. Siiteri, And Jean D. Wilson;https://raw.githubusercontent.com/peatysharing/bibliography/main/Penttii%20K.%20Siiteri/1974%20-%20Pentti%20K.%20Siiteri%2C%20And%20Jean%20D.%20Wilson%20-%20Testosterone%20Formation%20And%20Metabolism%20During%20Male%20Sexual%20Differentiation%20In%20The%20Human%20Embryo.pdf;https://mega.nz/file/A9YSnD5Q#VaW5xFwTPOiA1ES7xSMojePNXm5U_nkdJ-UznjH_xRg;1974;;;Article;img/cover page/Penttii K. Siiteri/1974 - Testosterone Formation And Metabolism During Male Sexual Differentiation In The Human Embryo.webp
Studies On Human Placental Aromatase;Pentti K. Siiteri, E. Aubrey Thompson;https://raw.githubusercontent.com/peatysharing/bibliography/main/Penttii%20K.%20Siiteri/1975%20-%20Pentti%20K.%20Siiteri%3B%20E.%20Aubrey%20Thompson%20-%20Studies%20On%20Human%20Placental%20Aromatase.pdf;https://mega.nz/file/s1BjEC4J#RkvuvlWNrypq9FJObpmtOeJjAyJs6_qugwEQiRHUd1w;1975;;;Article;img/cover page/Penttii K. Siiteri/1975 - Studies On Human Placental Aromatase.webp
Steroid Abnormalities In Endometrial And Breast Carcinoma. A Unifying Hypothesis;Pentti K. Siiteri, James E. Williams, Norman K. Takaki;https://raw.githubusercontent.com/peatysharing/bibliography/main/Penttii%20K.%20Siiteri/1976%20-%20Pentti%20K.%20Siiteri%3B%20James%20E.%20Williams%3B%20Norman%20K.%20Takaki%20-%20Steroid%20Abnormalities%20In%20Endometrial%20And%20Breast%20Carcinoma.%20A%20Unifying%20Hypothesis.pdf;https://mega.nz/file/5xZwRKZL#yUJ8t6odccqPNlTa_nWq-qFF1LxTOflgkJrkGiyviaE;1976;;;Article;img/cover page/Penttii K. Siiteri/1976 - Steroid Abnormalities In Endometrial And Breast Carcinoma. A Unifying Hypothesis.webp
The Role of Extraglandular Estrogen in Human Endocrinology;Penttii K. Siiteri, MacDonald PC;https://raw.githubusercontent.com/peatysharing/bibliography/main/Penttii%20K.%20Siiteri/1973%20-%20Siiteri%20PK%3B%20MacDonald%20PC%20-%20The%20Role%20of%20Extraglandular%20Estrogen%20in%20Human%20Endocrinology.pdf;https://mega.nz/file/QhgzyQ4I#H0dldHnJlWGIDkIZsRw2ZPIzDCzp-ZaPYEld0eIDAOc;1973;;;;img/cover page/Penttii K. Siiteri/1973 - The Role of Extraglandular Estrogen in Human Endocrinology.webp
The Recapitulation Theory And Human Infancy;Percy E. Davidson;https://raw.githubusercontent.com/peatysharing/bibliography/main/Percy%20E.%20Davidson/1914%20-%20Percy%20E.%20Davidson%20-%20The%20Recapitulation%20Theory%20And%20Human%20Infancy.pdf;https://mega.nz/file/pwQAiSYZ#fsoUrulx09ZJ5c1siUjhCpI42IWlttsE22Mq8Oze7r0;1914;;;Book;img/cover page/Percy E. Davidson/1914 - The Recapitulation Theory And Human Infancy.webp
How To Understand Acid-Base, A Quantitative Acid-Base Primer For Biology And Medicine;Peter A. Stewart;https://raw.githubusercontent.com/peatysharing/bibliography/main/Peter%20A.%20Stewart/1981%20-%20Peter%20A.%20Stewart%20-%20How%20To%20Understand%20Acid-Base%2C%20A%20Quantitative%20Acid-Base%20Primer%20For%20Biology%20And%20Medicine.pdf;https://mega.nz/file/hxYFUITK#gxak5P5DAysAZnSRbkMusK2snhP8X6EUwVKyPXAPXW0;1981;;;;img/cover page/Peter A. Stewart/1981 - How To Understand Acid-Base, A Quantitative Acid-Base Primer For Biology And Medicine.webp
Inventing The Aids Virus;Peter H. Duesberg;https://raw.githubusercontent.com/peatysharing/bibliography/main/Peter%20H.%20Duesberg/1997%20-%20Peter%20H.%20Duesberg%20-%20Inventing%20The%20Aids%20Virus.pdf;https://mega.nz/file/M94CwAAa#6qZ2OQoxYkVHl48v3Tp4cicE7XRW-_-GTLp5C5-0nKw;1997;https://ln5.sync.com/dl/e9036e6e0/8rnwnbgb-ei35yz3c-bmkynbhv-vqnckuv4;Immunology;Book;img/cover page/Peter H. Duesberg/1997 - Inventing The Aids Virus.webp
Mutual Aid;Peter Kropotkin;https://raw.githubusercontent.com/peatysharing/bibliography/main/Peter%20Kropotkin/1989%20-%20Peter%20Kropotkin%20-%20Mutual%20Aid.pdf;https://mega.nz/file/YxwAlCZL#FfmEZUksVzILRgNrtHNg1k1aE8UWOxXMGj7X9TXGlNk;1989;;;;img/cover page/Peter Kropotkin/1989 - Mutual Aid.webp
Water Structure As A Determinant Of Ion Distribution In Living Tissue;Philippa M. Wiggins;https://raw.githubusercontent.com/peatysharing/bibliography/main/Philippa%20M.%20Wiggins/1971%20-%20Philippa%20M.%20Wiggins%20-%20Water%20Structure%20As%20A%20Determinant%20Of%20Ion%20Distribution%20In%20Living%20Tissue.pdf;https://mega.nz/file/N8wz1ABI#iwO87QbKKtxba1yFtmcLBICQ30XPnJ2XxcbYQTOSHN0;1971;;;Article;img/cover page/Philippa M. Wiggins/1971 - Water Structure As A Determinant Of Ion Distribution In Living Tissue.webp
Ionic Partition Between Surface And Bulk Water In A Silica Gel, A Biological Model;Philippa M. Wiggins;https://raw.githubusercontent.com/peatysharing/bibliography/main/Philippa%20M.%20Wiggins/1973%20-%20Philippa%20M.%20Wiggins%20-%20Ionic%20Partition%20Between%20Surface%20And%20Bulk%20Water%20In%20A%20Silica%20Gel%2C%20A%20Biological%20Model.pdf;https://mega.nz/file/1kgHALpY#onp18vJL5BCMgeWXKiK2A9KMwJZd15uh_CTTSaF-X5o;1973;;;Article;img/cover page/Philippa M. Wiggins/1973 - Ionic Partition Between Surface And Bulk Water In A Silica Gel, A Biological Model.webp
Centuries Of Childhood, A Social History Of Family Life;Philippe Aries;https://raw.githubusercontent.com/peatysharing/bibliography/main/Philippe%20Aries/1962%20-%20Philippe%20Aries%20-%20Centuries%20Of%20Childhood%2C%20A%20Social%20History%20Of%20Family%20Life.pdf;https://mega.nz/file/5ghzCCyR#rbjWZ_1elJq19fg9Z09_thGOFmSP3UOme3oZVz0dk0Q;1962;;;Book;img/cover page/Philippe Aries/1962 - Centuries Of Childhood, A Social History Of Family Life.webp
Le Phenomene Humain;Pierre Teilhard De Chardin;https://raw.githubusercontent.com/peatysharing/bibliography/main/Pierre%20Teilhard%20De%20Chardin/1955%20-%20Pierre%20Teilhard%20De%20Chardin%20-%20Le%20Phenomene%20Humain.pdf;https://mega.nz/file/ZoQHnKhL#T9EwuHRKX541_L-0ob7iXNQLXFgsCEi6slVac9JMn0g;1955;;;Book;img/cover page/Pierre Teilhard De Chardin/1955 - Le Phenomene Humain.webp
The Phenomenon Of Man;Pierre Teilhard De Chardin;https://raw.githubusercontent.com/peatysharing/bibliography/main/Pierre%20Teilhard%20De%20Chardin/1959%20-%20Pierre%20Teilhard%20De%20Chardin%20-%20The%20Phenomenon%20Of%20Man.pdf;https://mega.nz/file/o5oDAJJS#KKrhZ7ISUXsny3yM1ufPstYHz-TiIHYu31KC4EHN6B8;1959;;;Book;img/cover page/Pierre Teilhard De Chardin/1959 - The Phenomenon Of Man.webp
The Danger Model, A Renewed Sense Of Self;Polly Matzinger;https://raw.githubusercontent.com/peatysharing/bibliography/main/Polly%20Matzinger/2002%20-%20Polly%20Matzinger%20-%20The%20Danger%20Model%2C%20A%20Renewed%20Sense%20Of%20Self.pdf;https://mega.nz/file/8oxyFLaJ#R5Y1QxmB6qNMi462yeQaY6uZDqFTgKtsUDuU7UnANv0;2002;https://ln5.sync.com/dl/521191530/q86z5fc8-i2d4p3n2-tfpg8xtr-f2rzst56;Immunology;Article;img/cover page/Polly Matzinger/2002 - The Danger Model, A Renewed Sense Of Self.webp
A New Conception Of The Physiological Architecture Of Conditioned Reflex;Pyotr Kuzmich Anokhin;https://raw.githubusercontent.com/peatysharing/bibliography/main/Pyotr%20Kuzmich%20Anokhin/1961%20-%20Pyotr%20Kuzmich%20Anokhin%20-%20A%20New%20Conception%20Of%20The%20Physiological%20Architecture%20Of%20Conditioned%20Reflex.pdf;https://mega.nz/file/JoACkDRa#LVV3Vk2UKQYXpGkhUKEOm40OFwlQsBFnOvZZaE4ys4U;1961;;;Article;img/cover page/Pyotr Kuzmich Anokhin/1961 - A New Conception Of The Physiological Architecture Of Conditioned Reflex.webp
Systemogenesis As A General Regulartor Of Brain Development;Pyotr Kuzmich Anokhin;https://raw.githubusercontent.com/peatysharing/bibliography/main/Pyotr%20Kuzmich%20Anokhin/1964%20-%20Pyotr%20Kuzmich%20Anokhin%20-%20Systemogenesis%20As%20A%20General%20Regulartor%20Of%20Brain%20Development.pdf;https://mega.nz/file/wkIAgIyS#hp1fMUYB5KSx6spC3Oh6LEKucU5VJWAYGw1jBVqgPd8;1964;;;Article;img/cover page/Pyotr Kuzmich Anokhin/1964 - Systemogenesis As A General Regulartor Of Brain Development.webp
Nodular Mechanism Of Functional Systems As A Self-Regulating Appartus;Pyotr Kuzmich Anokhin;https://raw.githubusercontent.com/peatysharing/bibliography/main/Pyotr%20Kuzmich%20Anokhin/1968%20-%20Pyotr%20Kuzmich%20Anokhin%20-%20Nodular%20Mechanism%20Of%20Functional%20Systems%20As%20A%20Self-Regulating%20Appartus.pdf;https://mega.nz/file/c0h3zAzT#mffq9psnZFy67L1fh90fXidbLnTixKzJnasLwSXB8-Q;1968;;;Article;img/cover page/Pyotr Kuzmich Anokhin/1968 - Nodular Mechanism Of Functional Systems As A Self-Regulating Appartus.webp
Philosophical Aspects Of The Theory Of A Functional System;Pyotr Kuzmich Anokhin;https://raw.githubusercontent.com/peatysharing/bibliography/main/Pyotr%20Kuzmich%20Anokhin/1971%20-%20Pyotr%20Kuzmich%20Anokhin%20-%20Philosophical%20Aspects%20Of%20The%20Theory%20Of%20A%20Functional%20System.pdf;https://mega.nz/file/AxBR3C4A#244TDkNh1KnsqbrhKWM2puO2uH662x_UR8Lkzn-zVR4;1971;;;Article;img/cover page/Pyotr Kuzmich Anokhin/1971 - Philosophical Aspects Of The Theory Of A Functional System.webp
Biology And Neurophysiology Of The Conditioned Reflex And Its Role In Adaptive Behavior;Pyotr Kuzmich Anokhin;https://raw.githubusercontent.com/peatysharing/bibliography/main/Pyotr%20Kuzmich%20Anokhin/1974%20-%20Pyotr%20Kuzmich%20Anokhin%20-%20Biology%20And%20Neurophysiology%20Of%20The%20Conditioned%20Reflex%20And%20Its%20Role%20In%20Adaptive%20Behavior.pdf;https://mega.nz/file/l44QARBZ#MHJPYK62bYh5fFg5Gf3swIQsnVYCdYj_hYXxHnyJZxs;1974;;;Book;img/cover page/Pyotr Kuzmich Anokhin/1974 - Biology And Neurophysiology Of The Conditioned Reflex And Its Role In Adaptive Behavior.webp
System Organization Of Alimentary Behavior In The Newborn And The Developing Cat;Pyotr Kuzmich Anokhin, Kira Vladimirovna Shuleikina;https://raw.githubusercontent.com/peatysharing/bibliography/main/Pyotr%20Kuzmich%20Anokhin/1977%20-%20Pyotr%20Kuzmich%20Anokhin%3B%20Kira%20Vladimirovna%20Shuleikina%20-%20System%20Organization%20Of%20Alimentary%20Behavior%20In%20The%20Newborn%20And%20The%20Developing%20Cat.pdf;https://mega.nz/file/RlAiHIQC#mzpRO810cSU1YINDlObSpcVeRUmD_t95i-M6fZowhgM;1977;;;Article;img/cover page/Pyotr Kuzmich Anokhin/1977 - System Organization Of Alimentary Behavior In The Newborn And The Developing Cat.webp
The Cellular Localisation Of Glutathione Peroxidase And Its Release From Mitochondria During Swelling;R. C. Green, J. O'brien;https://raw.githubusercontent.com/peatysharing/bibliography/main/R.%20C.%20Green/1970%20-%20R.%20C.%20Green%3B%20J.%20O%27brien%20-%20The%20Cellular%20Localisation%20Of%20Glutathione%20Peroxidase%20And%20Its%20Release%20From%20Mitochondria%20During%20Swelling.pdf;https://mega.nz/file/MsAQEBJJ#4Wwts5QTzW8EK1l3JnvS-e4u8Z2SaJsIwJ-5SayXh3o;1970;;;Article;img/cover page/R. C. Green/1970 - The Cellular Localisation Of Glutathione Peroxidase And Its Release From Mitochondria During Swelling.webp
A Study Of The Influence Of Sociohistorical Conditions On Child Development;R. G. Gurova;https://raw.githubusercontent.com/peatysharing/bibliography/main/R.%20G.%20Gurova/1971%20-%20R.%20G.%20Gurova%20-%20A%20Study%20Of%20The%20Influence%20Of%20Sociohistorical%20Conditions%20On%20Child%20Development.pdf;https://mega.nz/file/k1QiHJSC#LCzl3h5h9H5113cEhbp_9kxScueB-a7gNOcrliFbEyc;1971;;;Article;img/cover page/R. G. Gurova/1971 - A Study Of The Influence Of Sociohistorical Conditions On Child Development.webp
Plant Distribution And The Temperature Coefficient Of Metabolism;R. S. Criddle, M. S. Hopkin, E. D. McArthur, L. D. Hansen;https://raw.githubusercontent.com/peatysharing/bibliography/main/R.%20S.%20Criddle/1994%20-%20R.%20S.%20Criddle%3B%20M.%20S.%20Hopkin%3B%20E.%20D.%20McArthur%3B%20L.%20D.%20Hansen%20-%20Plant%20Distribution%20And%20The%20Temperature%20Coefficient%20Of%20Metabolism.pdf;https://mega.nz/file/EsY3BCrA#TbYnTbqIqiuEshEy1YxhxS_vjlMWaT2SkHCYPLXIlRc;1994;;;Article;img/cover page/R. S. Criddle/1994 - Plant Distribution And The Temperature Coefficient Of Metabolism.webp
Effects Of Temperature And Oxygen Depletion On Metabolic Rates Of Tomato And Carrot cell Cultures And Cuttings measured By Calorimetry;R. S. Criddle, R. W. Breidenbach, E. A. Lewis, D. J. Eatough, L. D. Hansen;https://raw.githubusercontent.com/peatysharing/bibliography/main/R.%20S.%20Criddle/1988%20-%20R.%20S.%20Criddle%3B%20R.%20W.%20Breidenbach%3B%20E.%20A.%20Lewis%3B%20D.%20J.%20Eatough%3B%20L.%20D.%20Hansen%20-%20Effects%20Of%20Temperature%20And%20Oxygen%20Depletion%20On%20Metabolic%20Rates%20Of%20Tomato%20And%20Carrot%20cell%20Cultures%20And%20Cuttings%20measured%20By%20Calorimetry.pdf;https://mega.nz/file/gwom3DqZ#DM30aLChNoPkEDX6NawYnBndm6k8Gwwy8X_GyBauA7I;1988;;;Article;img/cover page/R. S. Criddle/1988 - Effects Of Temperature And Oxygen Depletion On Metabolic Rates Of Tomato And Carrot cell Cultures And Cuttings measured By Calorimetry.webp
The Effects Of Early Stress And Undernutrition On The Behavior Of Young Adult Rats And The Correlations Between Behavioral And Brain Parameters;Ramiro Villescas, Stephen Zamenhof, Donald Guthrie;https://raw.githubusercontent.com/peatysharing/bibliography/main/Ramiro%20Villescas/1979%20-%20Ramiro%20Villescas%3B%20Stephen%20Zamenhof%3B%20Donald%20Guthrie%20-%20The%20Effects%20Of%20Early%20Stress%20And%20Undernutrition%20On%20The%20Behavior%20Of%20Young%20Adult%20Rats%20And%20The%20Correlations%20Between%20Behavioral%20And%20Brain%20Parameters.pdf;https://mega.nz/file/htIXDL4D#sKdpb5NrVDjLhza6votAzqGJiC55DJ1CkoECwU_bfoE;1979;;;Article;img/cover page/Ramiro Villescas/1979 - The Effects Of Early Stress And Undernutrition On The Behavior Of Young Adult Rats And The Correlations Between Behavioral And Brain Parameters.webp
Les Glandes Endocrines;Raymond Kehl;https://raw.githubusercontent.com/peatysharing/bibliography/main/Raymond%20Kehl/1958%20-%20Raymond%20Kehl%20-%20Les%20Glandes%20Endocrines.pdf;https://mega.nz/file/wpQ3QJIL#U_q8ubXZ73v0jZWBprQbODQ6j8p8yZ-pVLQxS0sF4dg;1958;;;;img/cover page/Raymond Kehl/1958 - Les Glandes Endocrines.webp
The Rate Of Living;Raymond Pearl;https://raw.githubusercontent.com/peatysharing/bibliography/main/Raymond%20Pearl/1928%20-%20Raymond%20Pearl%20-%20The%20Rate%20Of%20Living.pdf;https://mega.nz/file/B0YgVQrI#vsklF84UIzxThMU0Vu6wI2U1HEZxoYs-h2roe5nUTJw;1928;;;Book;img/cover page/Raymond Pearl/1928 - The Rate Of Living.webp
Meditations On First Philosophy;Rene Descartes;https://raw.githubusercontent.com/peatysharing/bibliography/main/Rene%20Descartes/1960%20-%20Rene%20Descartes%20-%20Meditations%20On%20First%20Philosophy.pdf;https://mega.nz/file/U5xFHCzB#oW7G_h2XIXBBHkRtDjQBh7XOw9Jv3r--R1cukO7dO5g;1960;;;Book;img/cover page/Rene Descartes/1960 - Meditations On First Philosophy.webp
Les Meditations Metaphysiques;René Descartes;https://raw.githubusercontent.com/peatysharing/bibliography/main/Rene%20Descartes/1641%20-%20Ren%C3%A9%20Descartes%20-%20Les%20Meditations%20Metaphysiques.pdf;https://mega.nz/file/lsxnEZxD#qc9Wi6TpIVfiZ2Rjn7GEsS7R4WzGqWDgrxdxM_GESEk;1641;;;Book;img/cover page/Rene Descartes/1641 - Les Meditations Metaphysiques.webp
The Bell Curve , Intelligence And Class Structure In American Life;Richard J. Hernstein, Charles Murray;https://raw.githubusercontent.com/peatysharing/bibliography/main/Richard%20J.%20Hernstein/1994%20-%20Richard%20J.%20Hernstein%3B%20Charles%20Murray%20-%20The%20Bell%20Curve%20%2C%20Intelligence%20And%20Class%20Structure%20In%20American%20Life.pdf;https://mega.nz/file/ksREQDaa#TqW1wbj4ScQDsAzVCH73STMgdSmb-68u_vEeyy3tOfQ;1994;;;Book;img/cover page/Richard J. Hernstein/1994 - The Bell Curve , Intelligence And Class Structure In American Life.webp
Dialectics and Reductionism in Ecology;Richard Levins, Richard Lewontin;https://raw.githubusercontent.com/peatysharing/bibliography/main/Richard%20Lewontin/1980%20-%20Richard%20Levins%3B%20Richard%20Lewontin%20-%20Dialectics%20and%20Reductionism%20in%20Ecology.pdf;https://mega.nz/file/UgAWnDLQ#ORgWb-6oVhtwSI-B5NdUYOXXJswIFjOCE4D8CWYPnL8;1980;;;;img/cover page/Richard Lewontin/1980 - Dialectics and Reductionism in Ecology.webp
The dialectical biologist;Richard Levins, Richard Lewontin;https://raw.githubusercontent.com/peatysharing/bibliography/main/Richard%20Lewontin/1985%20-%20Richard%20Levins%20and%20Richard%20Lewontin%20-%20The%20dialectical%20biologist.pdf;https://mega.nz/file/91BkDbIA#u4n-Je-LQG52KuKLvRav5E7RYhDHIWwBRM5cRNd0xxI;1985;;;;img/cover page/Richard Lewontin/1985 - The dialectical biologist.webp
Biological Effects Of Magnetic Fields, Volume 2;Robert A. Abler, Madeleine F. Barnothy;https://raw.githubusercontent.com/peatysharing/bibliography/main/Madeleine%20F.%20Barnothy/1995%20-%20Robert%20A.%20Abler%2C%20Madeleine%20F.%20Barnothy%20-%20Biological%20Effects%20Of%20Magnetic%20Fields%2C%20Volume%202.pdf;https://mega.nz/file/VwJQEIjJ#N_t5BgwEjUFLRZCsyTRDwc_ritiIKkjjLkTrf00mOKI;1995;https://ln5.sync.com/dl/d4bcbfd50/r3cbudef-mkwjvbf3-ia2dfkqt-f6935xav;EMF;Book;img/cover page/Madeleine F. Barnothy/1995 - Biological Effects Of Magnetic Fields, Volume 2.webp
The Scientific and Technological Revolution - Social Effects and Prospects;Robert Daglish;https://raw.githubusercontent.com/peatysharing/bibliography/main/Robert%20Daglish/1972%20-%20Robert%20Daglish%20%28ed%29%20-%20The%20Scientific%20and%20Technological%20Revolution%20-%20Social%20Effects%20and%20Prospects.pdf;https://mega.nz/file/copUWDRJ#qf9xScNxyDW5c_3eAXV5UOv3StGUW4KCROgOIQl2SQA;1972;;;;img/cover page/Robert Daglish/1972 - The Scientific and Technological Revolution - Social Effects and Prospects.webp
Effect of Progesterone and Other Hormones on Liver Glycogen;Robert Gaunt, John W. Remington, Abraham Edelmann;https://raw.githubusercontent.com/peatysharing/bibliography/main/Robert%20Gaunt/1939%20-%20Robert%20Gaunt%3B%20John%20W.%20Remington%3B%20Abraham%20Edelmann%20-%20Effect%20of%20Progesterone%20and%20Other%20Hormones%20on%20Liver%20Glycogen.pdf;https://mega.nz/file/d8IHFC7D#sQpeVPgzAYMPeW9nfg303Pq4sO76v_931kSjffXEjYk;1939;;;;img/cover page/Robert Gaunt/1939 - Effect of Progesterone and Other Hormones on Liver Glycogen.webp
Inhibition Of Peripheral Aromatization Of Androstenedione To Estrone In Postmenopausal Women With Breast Cancer Using Delta-testololactone;Robert M. Barone, Issa M. Shamonki, Pentti K. Siiteri, Howard L. Judd;https://raw.githubusercontent.com/peatysharing/bibliography/main/Robert%20M.%20Barone/1979%20-%20Robert%20M.%20Barone%3B%20Issa%20M.%20Shamonki%3B%20Pentti%20K.%20Siiteri%3B%20Howard%20L.%20Judd%20-%20Inhibition%20Of%20Peripheral%20Aromatization%20Of%20Androstenedione%20To%20Estrone%20In%20Postmenopausal%20Women%20With%20Breast%20Cancer%20Using%20Delta-testololactone.pdf;https://mega.nz/file/9sRDURJL#EKFaiX9AEC3To8YhrDlR1jAK8OxM6PPTtfNxJOPnmzo;1979;;;Article;img/cover page/Robert M. Barone/1979 - Inhibition Of Peripheral Aromatization Of Androstenedione To Estrone In Postmenopausal Women With Breast Cancer Using Delta-testololactone.webp
Nutrition And Alcoholism;Roger J. Williams;https://raw.githubusercontent.com/peatysharing/bibliography/main/Roger%20J.%20Williams/1954%20-%20Roger%20J.%20Williams%20-%20Nutrition%20And%20Alcoholism.pdf;https://mega.nz/file/Qwwm0JwR#3wUMeYmgWnPqt43ZqSF0rAd1oN2Sulhf-YHbIgEWLMQ;1954;;;Book;img/cover page/Roger J. Williams/1954 - Nutrition And Alcoholism.webp
Alcoholism, The Nutritional Approach;Roger J. Williams;https://raw.githubusercontent.com/peatysharing/bibliography/main/Roger%20J.%20Williams/1959%20-%20Roger%20J.%20Williams%20-%20Alcoholism%2C%20The%20Nutritional%20Approach.pdf;https://mega.nz/file/NgghWCYT#e0r06SQUuc7bLV3QMNZyqtNRpRksE8u45Gf5jCWSNCY;1959;;;;img/cover page/Roger J. Williams/1959 - Alcoholism, The Nutritional Approach.webp
Nutrition In A Nutshell;Roger J. Williams;https://raw.githubusercontent.com/peatysharing/bibliography/main/Roger%20J.%20Williams/1962%20-%20Roger%20J.%20Williams%20-%20Nutrition%20In%20A%20Nutshell.pdf;https://mega.nz/file/dx5kRaQa#uUcO-WmiqHLAoqnv3tVKMKhqSHYlsUuhZH704v8Oelo;1962;;;Book;img/cover page/Roger J. Williams/1962 - Nutrition In A Nutshell.webp
Alcoholism, The Nutritional Approach;Roger J. Williams;https://raw.githubusercontent.com/peatysharing/bibliography/main/Roger%20J.%20Williams/1970%20-%20Roger%20J.%20Williams%20-%20Alcoholism%2C%20The%20Nutritional%20Approach.pdf;https://mega.nz/file/ZkAByZ7J#ot8RvBY2io4N__Yb8tuEHCO_sxB-XasIRrtVnuVs8S8;1970;;;Book;img/cover page/Roger J. Williams/1970 - Alcoholism, The Nutritional Approach.webp
Nutrition Against Disease;Roger J. Williams;https://raw.githubusercontent.com/peatysharing/bibliography/main/Roger%20J.%20Williams/1973%20-%20Roger%20J.%20Williams%20-%20Nutrition%20Against%20Disease.pdf;https://mega.nz/file/Z0ZBjarY#7BsLdRiNjwQVlHw8jKHYGmpK0ms-dxLB218oi7mfk7g;1973;;;Book;img/cover page/Roger J. Williams/1973 - Nutrition Against Disease.webp
Physicians' Handbook Of Nutritional Science;Roger J. Williams;https://raw.githubusercontent.com/peatysharing/bibliography/main/Roger%20J.%20Williams/1976%20-%20Roger%20J.%20Williams%20-%20Physicians%27%20Handbook%20Of%20Nutritional%20Science.pdf;https://mega.nz/file/ZwBlBRSK#YqSom83Zd6qTu9LqvlVnHo9aZNjYzlTdXGZqUAVxX5s;1976;;;Book;img/cover page/Roger J. Williams/1976 - Physicians' Handbook Of Nutritional Science.webp
The Wonderful World Within You;Roger J. Williams;https://raw.githubusercontent.com/peatysharing/bibliography/main/Roger%20J.%20Williams/1977%20-%20Roger%20J.%20Williams%20-%20The%20Wonderful%20World%20Within%20You.pdf;https://mega.nz/file/ksRCjSCA#kSmXWMD_BmXnNCZ_0UIxTjG_biFTc9mPvC2t_A4b5qQ;1977;;;Book;img/cover page/Roger J. Williams/1977 - The Wonderful World Within You.webp
The Prevention Of Alcoholism Through Nutrition;Roger J. Williams;https://raw.githubusercontent.com/peatysharing/bibliography/main/Roger%20J.%20Williams/1981%20-%20Roger%20J.%20Williams%20-%20The%20Prevention%20Of%20Alcoholism%20Through%20Nutrition.pdf;https://mega.nz/file/15JCETwR#VeBcmHSdvVyjAUTCGQYG2wDl7Mjl1mys-BefwMCAcqA;1981;;;Book;img/cover page/Roger J. Williams/1981 - The Prevention Of Alcoholism Through Nutrition.webp
A Physician’s Handbook On Orthomolecular Medicine;Roger J. Williams, Linus Pauling, Dwight K. Kalita, Abram;https://raw.githubusercontent.com/peatysharing/bibliography/main/Roger%20J.%20Williams/1979%20-%20Roger%20J.%20Williams%3B%20Linus%20Pauling%3B%20Dwight%20K.%20Kalita%20%3B%20Abram%20-%20A%20Physician%E2%80%99s%20Handbook%20On%20Orthomolecular%20Medicine.pdf;https://mega.nz/file/4oAEVLAL#lyoAiw1RXwfbiB6mrgCH7sSuHL9MPHdkWu5_RDIGvTw;1979;;;Book;img/cover page/Roger J. Williams/1979 - A Physician’s Handbook On Orthomolecular Medicine.webp
The Biochemistry Of B Vitamins;Roger J. Williams, Robert E. Eakin, Ernest Beerstecher;https://raw.githubusercontent.com/peatysharing/bibliography/main/Roger%20J.%20Williams/1950%20-%20Roger%20J.%20Williams%3B%20Robert%20E.%20Eakin%3B%20Ernest%20Beerstecher%20-%20The%20Biochemistry%20Of%20B%20Vitamins.pdf;https://mega.nz/file/58BjQIrL#2zrn3rU00MQRA3lRUQnUjyr4E3R5coD8h6pt3ySC7Ao;1950;;;Book;img/cover page/Roger J. Williams/1950 - The Biochemistry Of B Vitamins.webp
Handbook Of Vitamins And Hormones;Roman J. Kutsky;https://raw.githubusercontent.com/peatysharing/bibliography/main/Roman%20J.%20Kutsky/1973%20-%20Roman%20J.%20Kutsky%20-%20Handbook%20Of%20Vitamins%20And%20Hormones.pdf;https://mega.nz/file/gpZ20ZCR#Oplc20RYcWur99cmZrFJ4ldUPeCHK81dWfChhlLu6v4;1973;;;Book;img/cover page/Roman J. Kutsky/1973 - Handbook Of Vitamins And Hormones.webp
The Politics Of Experience;Ronald David Laing;https://raw.githubusercontent.com/peatysharing/bibliography/main/Ronald%20David%20Laing/1967%20-%20Ronald%20David%20Laing%20-%20The%20Politics%20Of%20Experience.pdf;https://mega.nz/file/Ft42GBxI#T7FI1C9fTj7PKD5NKYvwROC1u4jTXtV3YCWqsN8IJ7U;1967;;;Book;img/cover page/Ronald David Laing/1967 - The Politics Of Experience.webp
A New Science Of Life, The Hypothesis Of Formative Causation;Rupert Sheldrake;https://raw.githubusercontent.com/peatysharing/bibliography/main/Rupert%20Sheldrake/1981%20-%20Rupert%20Sheldrake%20-%20A%20New%20Science%20Of%20Life%2C%20The%20Hypothesis%20Of%20Formative%20Causation.pdf;https://mega.nz/file/x1ZgkALR#Yg0XOhI5nT1RMVPHf42OCvBqdpFRSjqzlf_Oe7ABaZU;1981;;;Book;img/cover page/Rupert Sheldrake/1981 - A New Science Of Life, The Hypothesis Of Formative Causation.webp
The Presence Of The Past, Morphic Resonance And The Habits;Rupert Sheldrake;https://raw.githubusercontent.com/peatysharing/bibliography/main/Rupert%20Sheldrake/1988%20-%20Rupert%20Sheldrake%20-%20The%20Presence%20Of%20The%20Past%2C%20Morphic%20Resonance%20And%20The%20Habits.pdf;https://mega.nz/file/F8hxiA7Y#IvA0z-uh3zGo03fVS9yTpbwnp4lUvtyb4GDOnYVncIE;1988;;;Book;img/cover page/Rupert Sheldrake/1988 - The Presence Of The Past, Morphic Resonance And The Habits.webp
Rebirth Of Nature, New Science And The Revival Of Animism;Rupert Sheldrake;https://raw.githubusercontent.com/peatysharing/bibliography/main/Rupert%20Sheldrake/1993%20-%20Rupert%20Sheldrake%20-%20Rebirth%20Of%20Nature%2C%20New%20Science%20And%20The%20Revival%20Of%20Animism.pdf;https://mega.nz/file/Y0BhQYyZ#hFjGSvSLQMbTgOQTEZKnTvrX2Tol-fldY6WdPul-_Mc;1993;;;Book;img/cover page/Rupert Sheldrake/1993 - Rebirth Of Nature, New Science And The Revival Of Animism.webp
Seven Experiments That Could Change The World;Rupert Sheldrake;https://raw.githubusercontent.com/peatysharing/bibliography/main/Rupert%20Sheldrake/1995%20-%20Rupert%20Sheldrake%20-%20Seven%20Experiments%20That%20Could%20Change%20The%20World.pdf;https://mega.nz/file/5hZ2DZqI#uqlFfAu3IWMM9_QyJLOjoHp0KyHTtCgaHRdrVrHA_MU;1995;;;Book;img/cover page/Rupert Sheldrake/1995 - Seven Experiments That Could Change The World.webp
The Sense Of Being Stared At. And Other Unexplained Powers Of The Human Mind;Rupert Sheldrake;https://raw.githubusercontent.com/peatysharing/bibliography/main/Rupert%20Sheldrake/2003%20-%20Rupert%20Sheldrake%20-%20The%20Sense%20Of%20Being%20Stared%20At.%20And%20Other%20Unexplained%20Powers%20Of%20The%20Human%20Mind.pdf;https://mega.nz/file/plQUAKpb#r6LI2k2Dnka3toLc_lezPTuWS49tZ0KPIERBLFI8JeU;2003;;;Book;img/cover page/Rupert Sheldrake/2003 - The Sense Of Being Stared At. And Other Unexplained Powers Of The Human Mind.webp
The Science Delusion;Rupert Sheldrake;https://raw.githubusercontent.com/peatysharing/bibliography/main/Rupert%20Sheldrake/2012%20-%20Rupert%20Sheldrake%20-%20The%20Science%20Delusion.pdf;https://mega.nz/file/Q44gHLwQ#fCGXn9YFLJKrOOmM5ZU8zIFzUshc1u9gfjnf3grir-k;2012;;;Book;img/cover page/Rupert Sheldrake/2012 - The Science Delusion.webp
Science and Spiritual Practices, Transformative Experiences;Rupert Sheldrake;https://raw.githubusercontent.com/peatysharing/bibliography/main/Rupert%20Sheldrake/2017%20-%20Rupert%20Sheldrake%20-%20Science%20and%20Spiritual%20Practices%2C%20Transformative%20Experiences.pdf;https://mega.nz/file/l1RRCYgS#ScvqE3dm3EQTWRJ-U1CVGkn38KcbQnzDtKHAraddAcw;2017;;;Book;img/cover page/Rupert Sheldrake/2017 - Science and Spiritual Practices, Transformative Experiences.webp
Bound Water In Biological Integrity;S. J. Webb;https://raw.githubusercontent.com/peatysharing/bibliography/main/S.%20J.%20Webb/1965%20-%20S.%20J.%20Webb%20-%20Bound%20Water%20In%20Biological%20Integrity.pdf;https://mega.nz/file/NhgznYyQ#gMreT754cRF3oWMTGaGsKsP7fwJe0nv5QthCUpOygic;1965;;;Book;img/cover page/S. J. Webb/1965 - Bound Water In Biological Integrity.webp
Environmental Effects On Brain And Behavior;S. Rose;https://raw.githubusercontent.com/peatysharing/bibliography/main/S.%20Rose/1972%20-%20S.%20Rose%20-%20Environmental%20Effects%20On%20Brain%20And%20Behavior.pdf;https://mega.nz/file/FkhBgDZY#nVSXqrK9ogDoVObxN8SAh4H0mNzbyZ9GMZFV5dihBcg;1972;;;Article;img/cover page/S. Rose/1972 - Environmental Effects On Brain And Behavior.webp
Cosmophysical Factors In Random Processes;S. Shnoll;https://raw.githubusercontent.com/peatysharing/bibliography/main/S.%20Shnoll/2012%20-%20S.%20Shnoll%20-%20Cosmophysical%20Factors%20In%20Random%20Processes.pdf;https://mega.nz/file/8oAAnA7K#6LTQV3r6cLedEJrQboaNVYPp1YxrR1CZQ9uON8beU0k;2012;https://ln5.sync.com/dl/690b82ee0/bpnb3tam-4rtknzvj-tfkp3nuk-352ej4mt;Physics;Book;img/cover page/S. Shnoll/2012 - Cosmophysical Factors In Random Processes.webp
50 Secrets Of Magic Craftsmanship;Salvador Dali;https://raw.githubusercontent.com/peatysharing/bibliography/main/Salvador%20Dali/1992%20-%20Salvador%20Dali%20-%2050%20Secrets%20Of%20Magic%20Craftsmanship.pdf;https://mega.nz/file/EkxSxSDI#hMFwOMK_6vWkNKqfSVks6CnppHDx7FDh_fb7APJhmk4;1992;;;Book;img/cover page/Salvador Dali/1992 - 50 Secrets Of Magic Craftsmanship.webp
Key Note Address C.M.R.L. 2Nd Annual Convention;Sam Swain;https://raw.githubusercontent.com/peatysharing/bibliography/main/William%20F.%20Koch/Sam%20Swain%20-%20Key%20Note%20Address%20C.M.R.L.%202Nd%20Annual%20Convention.pdf;;;;;;img/cover page/William F. Koch/Key Note Address C.M.R.L. 2Nd Annual Convention.webp
Evolution, Old and New;Samuel Butler;https://raw.githubusercontent.com/peatysharing/bibliography/main/Samuel%20Butler/1879%20-%20Samuel%20Butler%20-%20Evolution%2C%20Old%20and%20New.pdf;https://mega.nz/file/BwRxRIwZ#ZsQxmGoZgDDSI-uUzm9yewSz30bfCMOmPUz1-4O0Q1g;1879;;;;img/cover page/Samuel Butler/1879 - Evolution, Old and New.webp
The Politics of Cancer;Samuel S. Epstein;https://raw.githubusercontent.com/peatysharing/bibliography/main/Samuel%20S.%20Epstein/1979%20-%20Samuel%20S.%20Epstein%20-%20The%20Politics%20of%20Cancer.pdf;https://mega.nz/file/MpRRgLAQ#JuCIvAM_BRA56Eoi1QmvJ0vd-WvO_nYVwe8JHUXhYbI;1979;;;;img/cover page/Samuel S. Epstein/1979 - The Politics of Cancer.webp
The Politics of Cancer Revisited;Samuel S. Epstein;https://raw.githubusercontent.com/peatysharing/bibliography/main/Samuel%20S.%20Epstein/1998%20-%20Samuel%20S.%20Epstein%20-%20The%20Politics%20of%20Cancer%20Revisited.pdf;https://mega.nz/file/hxomQQZa#wolMd8v6mWN64S2KzJBlupllypCtG4qJKnE9cQ6zV4I;1998;;;;img/cover page/Samuel S. Epstein/1998 - The Politics of Cancer Revisited.webp
Palaeomagnetic Evidence Relevant To A Change In The Earth's Radius;Samuel Warren Carey;https://raw.githubusercontent.com/peatysharing/bibliography/main/Samuel%20Warren%20Carey/1961%20-%20Samuel%20Warren%20Carey%20-%20Palaeomagnetic%20Evidence%20Relevant%20To%20A%20Change%20In%20The%20Earth%27s%20Radius.pdf;https://mega.nz/file/5pBxASpR#LsjufDfoOj2SnIYhOUhteUFsffpxJ0nDjSS78q0iI0s;1961;;;Article;img/cover page/Samuel Warren Carey/1961 - Palaeomagnetic Evidence Relevant To A Change In The Earth's Radius.webp
The Expanding Earth;Samuel Warren Carey;https://raw.githubusercontent.com/peatysharing/bibliography/main/Samuel%20Warren%20Carey/1976%20-%20Samuel%20Warren%20Carey%20-%20The%20Expanding%20Earth.pdf;https://mega.nz/file/IwpGRbpT#FAQ2iP6SDLspiDEc0yje1mTXML5IaCwhEuTqp1GV5-k;1976;;;Book;img/cover page/Samuel Warren Carey/1976 - The Expanding Earth.webp
Theories Of The Earth And Universe;Samuel Warren Carey;https://raw.githubusercontent.com/peatysharing/bibliography/main/Samuel%20Warren%20Carey/1988%20-%20Samuel%20Warren%20Carey%20-%20Theories%20Of%20The%20Earth%20And%20Universe.pdf;https://mega.nz/file/okpRHTaK#dv8VyAVr_bqHVaA7nEtsVoTyHiwEEmwFxRFLBFwE1GI;1988;;;Book;img/cover page/Samuel Warren Carey/1988 - Theories Of The Earth And Universe.webp
A Heuristic Proposal For Understanding Steroidogenic Processes;Seymour Lieberman, Norma J. Greenfield, Adele Wolfson;https://raw.githubusercontent.com/peatysharing/bibliography/main/Seymour%20Lieberman/1984%20-%20Seymour%20Lieberman%3B%20Norma%20J.%20Greenfield%3B%20Adele%20Wolfson%20-%20A%20Heuristic%20Proposal%20For%20Understanding%20Steroidogenic%20Processes.pdf;https://mega.nz/file/gpJxADKa#IudFvwhuHBdu841XWQT6CaUpx0gdHctQjXZp8eqk11Y;1984;;;Article;img/cover page/Seymour Lieberman/1984 - A Heuristic Proposal For Understanding Steroidogenic Processes.webp
Evolution, A View From The 21st Century;Shapiro, James Alan;https://raw.githubusercontent.com/peatysharing/bibliography/main/James%20Alan%20Shapiro/2011%20-%20Shapiro%2C%20James%20Alan%20-%20Evolution%2C%20A%20View%20From%20The%2021st%20Century.pdf;https://mega.nz/file/sh4VBLJS#EqieRRvbHEAhueLy0lIZTyIio4R-OwvVfUCcbvte408;2011;;;Book;img/cover page/James Alan Shapiro/2011 - Evolution, A View From The 21st Century.webp
The Structure And Function Of Enzymes;Sidney A. Bernhard;https://raw.githubusercontent.com/peatysharing/bibliography/main/Sidney%20A.%20Bernhard/1968%20-%20Sidney%20A.%20Bernhard%20-%20The%20Structure%20And%20Function%20Of%20Enzymes.pdf;https://mega.nz/file/El4yUCDA#YO1UgI3Ve2Nx9bLsX-WIPtsCrYlDV_FmSpMs3koCe14;1968;;;Book;img/cover page/Sidney A. Bernhard/1968 - The Structure And Function Of Enzymes.webp
The intracellular equilibrium thermodynamic and steady-state concentrations of metabolites;Sidney A. Bernhard;https://raw.githubusercontent.com/peatysharing/bibliography/main/Sidney%20A.%20Bernhard/1988%20-%20Sidney%20A.%20Bernhard%20-%20The%20intracellular%20equilibrium%20thermodynamic%20and%20steady-state%20concentrations%20of%20metabolites.pdf;https://mega.nz/file/shAFlZoZ#g5wGozpOaSV49uSSd3Oljopm1n_EIW5VR8hIcd74Jbc;1988;;;;img/cover page/Sidney A. Bernhard/1988 - The intracellular equilibrium thermodynamic and steady-state concentrations of metabolites.webp
Molecular Evolution To The First Cells;Sidney Fox;https://raw.githubusercontent.com/peatysharing/bibliography/main/Sidney%20Fox/1972%20-%20Sidney%20Fox%20-%20Molecular%20Evolution%20To%20The%20First%20Cells.pdf;https://mega.nz/file/9kwkXaQC#KpKLKaKJD_QsklbdYYfeBVjoKhTnF2SuG1yeDyLpea8;1972;https://ln5.sync.com/dl/3a0eed5c0/8nf9bxd9-xsvrm8sr-ge38usc5-6q7pkr3x/view/default/13088610885014?sync_id=13088560595014;Evolution;Book;img/cover page/Sidney Fox/1972 - Molecular Evolution To The First Cells.webp
In Memory Of Professor Albert Szent-Györgyi;Sidney Fox;https://raw.githubusercontent.com/peatysharing/bibliography/main/Sidney%20Fox/1987%20-%20Sidney%20Fox%20-%20In%20Memory%20Of%20Professor%20Albert%20Szent-Gy%C3%B6rgyi.pdf;https://mega.nz/file/M4YiBRgS#MNOsJzwFukIRo3l44y1rDy3EwVc8GdqtARp_O4rDEaE;1987;;;Article;img/cover page/Sidney Fox/1987 - In Memory Of Professor Albert Szent-Györgyi.webp
Molecular Evolution And The Origin Of Life;Sidney W. Fox;https://raw.githubusercontent.com/peatysharing/bibliography/main/Sidney%20Fox/1977%20-%20Sidney%20W.%20Fox%20-%20Molecular%20Evolution%20And%20The%20Origin%20Of%20Life.pdf;https://mega.nz/file/k0ZWBDZL#KzzYhPZWYdqEq4qIfUmMBzyd-57LykDYLWjRPibyAbw;1977;;;Book;img/cover page/Sidney Fox/1977 - Molecular Evolution And The Origin Of Life.webp
Proteinoid Experiments And Evolutionary Theory;Sidney W. Fox;https://raw.githubusercontent.com/peatysharing/bibliography/main/Sidney%20Fox/1984%20-%20Sidney%20W.%20Fox%20-%20Proteinoid%20Experiments%20And%20Evolutionary%20Theory.pdf;https://mega.nz/file/x1AG2ITZ#ct5LyedEooQ3A-sy12sQ1xoRgG6L9bgBm9qJcJ3xkvw;1984;;;;img/cover page/Sidney Fox/1984 - Proteinoid Experiments And Evolutionary Theory.webp
The Emergence Of Life;Sidney W. Fox;https://raw.githubusercontent.com/peatysharing/bibliography/main/Sidney%20Fox/1988%20-%20Sidney%20W.%20Fox%20-%20The%20Emergence%20Of%20Life.pdf;https://mega.nz/file/R0ggQISD#09pQV_Cw3VjjERky7SsezCbhlMLnvL1_8JNNzjySGwc;1988;;;Book;img/cover page/Sidney Fox/1988 - The Emergence Of Life.webp
Introduction To Protein Chemistry;Sidney W. Fox, Joseph F. Foster;https://raw.githubusercontent.com/peatysharing/bibliography/main/Sidney%20Fox/1957%20-%20Sidney%20W.%20Fox%3B%20Joseph%20F.%20Foster%20-%20Introduction%20To%20Protein%20Chemistry.pdf;https://mega.nz/file/AoJkXbqS#QBO7W2t2l3hUkmJgRaPzYbP3lVPJvibrKP5UkGIgSKI;1957;;;Book;img/cover page/Sidney Fox/1957 - Introduction To Protein Chemistry.webp
The Interpretation Of Dreams;Sigmund Freud;https://raw.githubusercontent.com/peatysharing/bibliography/main/Sigmund%20Freud/1948%20-%20Sigmund%20Freud%20-%20The%20Interpretation%20Of%20Dreams.pdf;https://mega.nz/file/0pA0gC4D#WvMyKLdyZFK07u0j_wi5SszZCzuYz-Mo9Q_dMl58vtY;1948;;;Book;img/cover page/Sigmund Freud/1948 - The Interpretation Of Dreams.webp
Psychical Physics [Low Quality];Solco Walle Tromp;https://raw.githubusercontent.com/peatysharing/bibliography/main/Solco%20Walle%20Tromp/1949%20-%20Solco%20Walle%20Tromp%20-%20Psychical%20Physics%20%5BLow%20Quality%5D.pdf;https://mega.nz/file/lsYzxBJL#eIhwWJfOEbRRPjTh5o2JXgpNNfzXW0vi-MND2Kjj--Q;1949;;;Book;img/cover page/Solco Walle Tromp/1949 - Psychical Physics [Low Quality].webp
Biometeorology. Proceedings Of The Second International Bioclimatological Congress;Solco Walle Tromp;https://raw.githubusercontent.com/peatysharing/bibliography/main/Solco%20Walle%20Tromp/1960%20-%20Solco%20Walle%20Tromp%20-%20Biometeorology.%20Proceedings%20Of%20The%20Second%20International%20Bioclimatological%20Congress.pdf;https://mega.nz/file/okwzhYbb#VT7sao9q-kgsXCdkI3lPQpblTS7e1lhGCiWhvBDXDK8;1960;;;Book;img/cover page/Solco Walle Tromp/1960 - Biometeorology. Proceedings Of The Second International Bioclimatological Congress.webp
Biometeorology. Proceedings Of The Second International Bioclimatological Congress;Solco Walle Tromp;https://raw.githubusercontent.com/peatysharing/bibliography/main/Solco%20Walle%20Tromp/1962%20-%20Solco%20Walle%20Tromp%20-%20Biometeorology.%20Proceedings%20Of%20The%20Second%20International%20Bioclimatological%20Congress.pdf;https://mega.nz/file/ghB3jQAR#wyObUcTl7MALPfLcrvOoGIhdeEyE7WztbwQnAsT8-VQ;1962;;;;img/cover page/Solco Walle Tromp/1962 - Biometeorology. Proceedings Of The Second International Bioclimatological Congress.webp
Medical Biometeorology Weather, Climate, And The Living;Solco Walle Tromp;https://raw.githubusercontent.com/peatysharing/bibliography/main/Solco%20Walle%20Tromp/1963%20-%20Solco%20Walle%20Tromp%20-%20Medical%20Biometeorology%20Weather%2C%20Climate%2C%20And%20The%20Living.pdf;https://mega.nz/file/5khTXKzb#5djlCkuxrJkmv4ulFdsU05_d3HMXgumMFlchLL3uvEI;1963;https://ln5.sync.com/dl/58cfabfd0/9rz2hcpx-vnzpwh8f-cavaxvr6-yrxd78qr;Biology;Book;img/cover page/Solco Walle Tromp/1963 - Medical Biometeorology Weather, Climate, And The Living.webp
Biometeorology. The Impact Of The Weather And Climate On Humans And Their Environement (Animals And Plants);Solco Walle Tromp;https://raw.githubusercontent.com/peatysharing/bibliography/main/Solco%20Walle%20Tromp/1980%20-%20Solco%20Walle%20Tromp%20-%20Biometeorology.%20The%20Impact%20Of%20The%20Weather%20And%20Climate%20On%20Humans%20And%20Their%20Environement%20%28Animals%20And%20Plants%29.pdf;https://mega.nz/file/l1IQjJjI#gYloWwkyYVNFzzo9HdbsxXFmeXO2JFCOdsR9udbtPVY;1980;;;Book;img/cover page/Solco Walle Tromp/1980 - Biometeorology. The Impact Of The Weather And Climate On Humans And Their Environement (Animals And Plants).webp
Biometeorology Volume 2, Part 1, Proceedings Of The Third International Bioclimatological Congress;Solco Walle Tromp, W. H. Weihe;https://raw.githubusercontent.com/peatysharing/bibliography/main/Solco%20Walle%20Tromp/1967%20-%20Solco%20Walle%20Tromp%3B%20W.%20H.%20Weihe%20-%20Biometeorology%20Volume%202%2C%20Part%201%2C%20Proceedings%20Of%20The%20Third%20International%20Bioclimatological%20Congress.pdf;https://mega.nz/file/lkAHnYqJ#AQfdy_-8TIpO5P1mtfYa1bbp92BOH-SuoHwFUueIKTo;1967;;;;img/cover page/Solco Walle Tromp/1967 - Biometeorology Volume 2, Part 1, Proceedings Of The Third International Bioclimatological Congress.webp
Biometeorology Volume 2, Part 2, Proceedings Of The Third International Bioclimatological Congress;Solco Walle Tromp, W. H. Weihe;https://raw.githubusercontent.com/peatysharing/bibliography/main/Solco%20Walle%20Tromp/1967%20-%20Solco%20Walle%20Tromp%3B%20W.%20H.%20Weihe%20-%20Biometeorology%20Volume%202%2C%20Part%202%2C%20Proceedings%20Of%20The%20Third%20International%20Bioclimatological%20Congress.pdf;https://mega.nz/file/QwJkDIgI#D9LUiSj1v5WJhB86phZAAZfC4bWSPV089SeTk8PjvRY;1967;;;;img/cover page/Solco Walle Tromp/1967 - Biometeorology Volume 2, Part 2, Proceedings Of The Third International Bioclimatological Congress.webp
The Endocrine Control Of The Prostate;Solomon Zuckerman;https://raw.githubusercontent.com/peatysharing/bibliography/main/Solomon%20Zuckerman/1936%20-%20Solomon%20Zuckerman%20-%20The%20Endocrine%20Control%20Of%20The%20Prostate.pdf;https://mega.nz/file/JwRT0A5A#wxiFlJmAYoT6DdkP8ijrPhNhOJICxywLN3gFrDCLe98;1936;;;Article;img/cover page/Solomon Zuckerman/1936 - The Endocrine Control Of The Prostate.webp
The Economic Significance Of National Education;Stanislav Goustavovitch Strumilin;https://raw.githubusercontent.com/peatysharing/bibliography/main/Stanislav%20Goustavovitch%20Strumilin/1966%20-%20Stanislav%20Goustavovitch%20Strumilin%20-%20The%20Economic%20Significance%20Of%20National%20Education.pdf;https://mega.nz/file/h9RF3TJJ#31MobFjzYcWgTMz1ifh6kXGyH_yueucReZcJFdAh_Pc;1966;;;Article;img/cover page/Stanislav Goustavovitch Strumilin/1966 - The Economic Significance Of National Education.webp
Androstenedione May Organize Or Activate Sex-reversed Traits In Female Spotted Hyenas;Stephen E. Glickman, Laurence G. Frank, Julian M. Davidsont, Erla R. Smitht, Pentii K. Siiteri;https://raw.githubusercontent.com/peatysharing/bibliography/main/Stephen%20E.%20Glickman/1987%20-%20Stephen%20E.%20Glickman%3B%20Laurence%20G.%20Frank%3B%20Julian%20M.%20Davidsont%3B%20Erla%20R.%20Smitht%3B%20Pentii%20K.%20Siiteri%20-%20Androstenedione%20May%20Organize%20Or%20Activate%20Sex-reversed%20Traits%20In%20Female%20Spotted%20Hyenas.pdf;https://mega.nz/file/Yo4wXJ6Y#OFuoDz3Mx3qnHP3UYwAemakCs1L0YxB10Y9WgSkgueU;1987;;;Article;img/cover page/Stephen E. Glickman/1987 - Androstenedione May Organize Or Activate Sex-reversed Traits In Female Spotted Hyenas.webp
The Fabric Of The Heavens. The Development Of Astronomy And Dynamics (The Ancestry Of Science Volume 1);Stephen Toulmin, June GoodField;https://raw.githubusercontent.com/peatysharing/bibliography/main/Stephen%20Toulmin/1961%20-%20Stephen%20Toulmin%3B%20June%20GoodField%20-%20The%20Fabric%20Of%20The%20Heavens.%20The%20Development%20Of%20Astronomy%20And%20Dynamics%20%28The%20Ancestry%20Of%20Science%20Volume%201%29.pdf;https://mega.nz/file/psZCHDYY#8OXLjobghyzAUOnh0s-_sDVTxkTfwxiGMGVgKmzaD4A;1961;;;;img/cover page/Stephen Toulmin/1961 - The Fabric Of The Heavens. The Development Of Astronomy And Dynamics (The Ancestry Of Science Volume 1).webp
The Architecture Of Matter (The Ancestry Of Science Volume 2);Stephen Toulmin, June Goodfield;https://raw.githubusercontent.com/peatysharing/bibliography/main/Stephen%20Toulmin/1962%20-%20Stephen%20Toulmin%3B%20June%20Goodfield%20-%20The%20Architecture%20Of%20Matter%20%28The%20Ancestry%20Of%20Science%20Volume%202%29.pdf;https://mega.nz/file/dkRwxCrK#J6Tfq2yznWFubML5rvz1rLfTH9d0njKxEl6929jbllQ;1962;;;;img/cover page/Stephen Toulmin/1962 - The Architecture Of Matter (The Ancestry Of Science Volume 2).webp
The Discovery Of Time - The Discovery Of Time (The Ancestry Of Science Volume 3);Stephen Toulmin, June Goodfield;https://raw.githubusercontent.com/peatysharing/bibliography/main/Stephen%20Toulmin/1965%20-%20Stephen%20Toulmin%3B%20June%20Goodfield%20-%20The%20Discovery%20Of%20Time%20-%20The%20Discovery%20Of%20Time%20%28The%20Ancestry%20Of%20Science%20Volume%203%29.pdf;https://mega.nz/file/V9gUwICS#_zHUc3-5HewzfRGOFYH8MzlfYs809fUPHaBzz9dFs-8;1965;;;;img/cover page/Stephen Toulmin/1965 - The Discovery Of Time - The Discovery Of Time (The Ancestry Of Science Volume 3).webp
Final Number Of Purkinje And Other Large Cells In The Chick Cerebellum Influenced By Incubation Temperatures During Their Proliferation;Stephen Zamenhof;https://raw.githubusercontent.com/peatysharing/bibliography/main/Stephen%20Zamenhof/1976%20-%20Stephen%20Zamenhof%20-%20Final%20Number%20Of%20Purkinje%20And%20Other%20Large%20Cells%20In%20The%20Chick%20Cerebellum%20Influenced%20By%20Incubation%20Temperatures%20During%20Their%20Proliferation.pdf;https://mega.nz/file/FgRESb5R#ukSBOB8GoxirYS-H9DRRd7leW6miAegfKKHg6R-W2pU;1976;;;Article;img/cover page/Stephen Zamenhof/1976 - Final Number Of Purkinje And Other Large Cells In The Chick Cerebellum Influenced By Incubation Temperatures During Their Proliferation.webp
Stimulation Of Brain Development In Chick Embryo By Elevated Temperatur;Stephen Zamenhof;https://raw.githubusercontent.com/peatysharing/bibliography/main/Stephen%20Zamenhof/1976%20-%20Stephen%20Zamenhof%20-%20Stimulation%20Of%20Brain%20Development%20In%20Chick%20Embryo%20By%20Elevated%20Temperatur.pdf;https://mega.nz/file/9lxkRKYJ#k0L3p1QUDiV-MyQ5O6XuvEQ2QmFtDhyWTy6Cy764Sf0;1976;;;Article;img/cover page/Stephen Zamenhof/1976 - Stimulation Of Brain Development In Chick Embryo By Elevated Temperatur.webp
Stimulation Of Brain Development In Chick Embryo By Elevated Temperature;Stephen Zamenhof;https://raw.githubusercontent.com/peatysharing/bibliography/main/Stephen%20Zamenhof/1976%20-%20Stephen%20Zamenhof%20-%20Stimulation%20Of%20Brain%20Development%20In%20Chick%20Embryo%20By%20Elevated%20Temperature.pdf;https://mega.nz/file/A0QWAZ7C#xxg_7asdDBSIu7XRSfd22wbXkkfQ6kv8W2J_Rmngoig;1976;;;Article;img/cover page/Stephen Zamenhof/1976 - Stimulation Of Brain Development In Chick Embryo By Elevated Temperature.webp
Maternal Nutrient Storage And Efficiency In Production Of Fetal Brain Tissue In Rats;Stephen Zamenhof;https://raw.githubusercontent.com/peatysharing/bibliography/main/Stephen%20Zamenhof/1981%20-%20Stephen%20Zamenhof%20-%20Maternal%20Nutrient%20Storage%20And%20Efficiency%20In%20Production%20Of%20Fetal%20Brain%20Tissue%20In%20Rats.pdf;https://mega.nz/file/otQXFKKT#VCejWnG369Wixl90kxwjYaA-Z2o1SQTgeEbsJzOEFVU;1981;;;Article;img/cover page/Stephen Zamenhof/1981 - Maternal Nutrient Storage And Efficiency In Production Of Fetal Brain Tissue In Rats.webp
Radiation And Fetal Brain Development;Stephen Zamenhof;https://raw.githubusercontent.com/peatysharing/bibliography/main/Stephen%20Zamenhof/1986%20-%20Stephen%20Zamenhof%20-%20Radiation%20And%20Fetal%20Brain%20Development.pdf;https://mega.nz/file/0kJVlT7T#o0ctsVeHPNRXFxTIl1qX9-7mbispN4uMFsbvtreDowE;1986;;;Article;img/cover page/Stephen Zamenhof/1986 - Radiation And Fetal Brain Development.webp
Study Of Possible Correlations Between Body Weights And Brain Parameters In Neonatal And Mature Rats;Stephen Zamenhof, D. Gurthrie, D. Clarkson;https://raw.githubusercontent.com/peatysharing/bibliography/main/Stephen%20Zamenhof/1974%20-%20Stephen%20Zamenhof%3B%20D.%20Gurthrie%3B%20D.%20Clarkson%20-%20Study%20Of%20Possible%20Correlations%20Between%20Body%20Weights%20And%20Brain%20Parameters%20In%20Neonatal%20And%20Mature%20Rats.pdf;https://mega.nz/file/dg5U0KzB#B5JeGVtC3Ek-t8Wk_0C5RCE1JWBhdYbXni-fdV5TrNg;1974;;;Article;img/cover page/Stephen Zamenhof/1974 - Study Of Possible Correlations Between Body Weights And Brain Parameters In Neonatal And Mature Rats.webp
Neonatal Rats Kith Outstanding Values Of Brain And Hody Parmters;Stephen Zamenhof, D. Guthrie, E. Van Marthens;https://raw.githubusercontent.com/peatysharing/bibliography/main/Stephen%20Zamenhof/1976%20-%20Stephen%20Zamenhof%3B%20D.%20Guthrie%3B%20E.%20Van%20Marthens%20-%20Neonatal%20Rats%20Kith%20Outstanding%20Values%20Of%20Brain%20And%20Hody%20Parmters.pdf;https://mega.nz/file/8tJ0yIyL#jPISphMt4uDpcD2OO2lJ1oQO0AB6Jkk-eLR7MPNlx7s;1976;;;Article;img/cover page/Stephen Zamenhof/1976 - Neonatal Rats Kith Outstanding Values Of Brain And Hody Parmters.webp
Differential Responses To Prenatal Malnutrition Among Neonatal Rats;Stephen Zamenhof, Donald Guthrie;https://raw.githubusercontent.com/peatysharing/bibliography/main/Stephen%20Zamenhof/1977%20-%20Stephen%20Zamenhof%3B%20Donald%20Guthrie%20-%20Differential%20Responses%20To%20Prenatal%20Malnutrition%20Among%20Neonatal%20Rats.pdf;https://mega.nz/file/c0521BxT#4Bk5VT93TQrEgi_bwhK0CmQ1mdUt_vIFS6Gv_gRcAzw;1977;;;Article;img/cover page/Stephen Zamenhof/1977 - Differential Responses To Prenatal Malnutrition Among Neonatal Rats.webp
Study Of Factors Influencing Prenatal Brain Development;Stephen Zamenhof, E. Van Marthens;https://raw.githubusercontent.com/peatysharing/bibliography/main/Stephen%20Zamenhof/1974%20-%20Stephen%20Zamenhof%3B%20E.%20Van%20Marthens%20-%20Study%20Of%20Factors%20Influencing%20Prenatal%20Brain%20Development.pdf;https://mega.nz/file/E8QkjAyQ#8jgmol3yXHwYriTWPYt4BC-IrD6RzGThj_GwPV6ZPuc;1974;;;Article;img/cover page/Stephen Zamenhof/1974 - Study Of Factors Influencing Prenatal Brain Development.webp
Dna (cell Number) And Protein In Neonatal Rat Brain. Alteration By Timing Of Maternal Dietary Protein Restriction;Stephen Zamenhof, E. Van Marthens, L. Grauel;https://raw.githubusercontent.com/peatysharing/bibliography/main/Stephen%20Zamenhof/1971%20-%20Stephen%20Zamenhof%3B%20E.%20Van%20Marthens%3B%20L.%20Grauel%20-%20Dna%20%28cell%20Number%29%20And%20Protein%20In%20Neonatal%20Rat%20Brain.%20Alteration%20By%20Timing%20Of%20Maternal%20Dietary%20Protein%20Restriction.pdf;https://mega.nz/file/dtgXxBhQ#vqkGhkFSsWBYpm5jiXxlHqBVjRsxT-n54TffvNa46_g;1971;;;Article;img/cover page/Stephen Zamenhof/1971 - Dna (cell Number) And Protein In Neonatal Rat Brain. Alteration By Timing Of Maternal Dietary Protein Restriction.webp
Dna (cell Number) And Protein In Rat Brain;Stephen Zamenhof, E. Van Marthens, L. Grauel;https://raw.githubusercontent.com/peatysharing/bibliography/main/Stephen%20Zamenhof/1972%20-%20Stephen%20Zamenhof%3B%20E.%20Van%20Marthens%3B%20L.%20Grauel%20-%20Dna%20%28cell%20Number%29%20And%20Protein%20In%20Rat%20Brain.pdf;https://mega.nz/file/8kYVyQhZ#AvLZHyKyRi7of2W_y8n2GSTlGEXXCkVLFLSXvw-h9oo;1972;;;Article;img/cover page/Stephen Zamenhof/1972 - Dna (cell Number) And Protein In Rat Brain.webp
The Effects Of Chronic Undernutrition Generations On Rat Development;Stephen Zamenhof, Edith Van Marthens;https://raw.githubusercontent.com/peatysharing/bibliography/main/Stephen%20Zamenhof/1978%20-%20Stephen%20Zamenhof%3B%20Edith%20Van%20Marthens%20-%20The%20Effects%20Of%20Chronic%20Undernutrition%20Generations%20On%20Rat%20Development.pdf;https://mega.nz/file/IshSBIiY#XKowauycPTSt6Z9vvFZiXvHKS9Cp_RYFomzfGpHFcXo;1978;;;Article;img/cover page/Stephen Zamenhof/1978 - The Effects Of Chronic Undernutrition Generations On Rat Development.webp
Distribution Of Nutrients Between Fetal Brain And Body During Rat Development;Stephen Zamenhof, Edith Van Marthens;https://raw.githubusercontent.com/peatysharing/bibliography/main/Stephen%20Zamenhof/1982%20-%20Stephen%20Zamenhof%3B%20Edith%20Van%20Marthens%20-%20Distribution%20Of%20Nutrients%20Between%20Fetal%20Brain%20And%20Body%20During%20Rat%20Development.pdf;https://mega.nz/file/JgQQVYSQ#TVsBtgqiDI9OyfH_D6C3gh7pyOGy-8eNqzd-iU_OJKo;1982;;;Article;img/cover page/Stephen Zamenhof/1982 - Distribution Of Nutrients Between Fetal Brain And Body During Rat Development.webp
Effects Of Prenatal And Chronic Undernutrition On Aging And Survival In Rats;Stephen Zamenhof, Edith Van Marthens;https://raw.githubusercontent.com/peatysharing/bibliography/main/Stephen%20Zamenhof/1982%20-%20Stephen%20Zamenhof%3B%20Edith%20Van%20Marthens%20-%20Effects%20Of%20Prenatal%20And%20Chronic%20Undernutrition%20On%20Aging%20And%20Survival%20In%20Rats.pdf;https://mega.nz/file/BgYCXb5Y#0fmiiYYQ0nZYiZDczI9iA-TvMj3R7DEC3sZT6bdFtnI;1982;;;Article;img/cover page/Stephen Zamenhof/1982 - Effects Of Prenatal And Chronic Undernutrition On Aging And Survival In Rats.webp
Litter Size, Maternal Parameters, And Brain And Body Parameters Of Neonatal Rats;Stephen Zamenhof, Edith Van Marthens;https://raw.githubusercontent.com/peatysharing/bibliography/main/Stephen%20Zamenhof/1984%20-%20Stephen%20Zamenhof%3B%20Edith%20Van%20Marthens%20-%20Litter%20Size%2C%20Maternal%20Parameters%2C%20And%20Brain%20And%20Body%20Parameters%20Of%20Neonatal%20Rats.pdf;https://mega.nz/file/ZoRX2Sba#N1xuNLavVENl-CwTzrxTx5cisQRjOF-bOsEOHra1FqA;1984;;;Article;img/cover page/Stephen Zamenhof/1984 - Litter Size, Maternal Parameters, And Brain And Body Parameters Of Neonatal Rats.webp
Effect Of Intrauterine Positions On Fetal Brain Development In The Rat;Stephen Zamenhof, Edith Van Marthens;https://raw.githubusercontent.com/peatysharing/bibliography/main/Stephen%20Zamenhof/1986%20-%20Stephen%20Zamenhof%3B%20Edith%20Van%20Marthens%20-%20Effect%20Of%20Intrauterine%20Positions%20On%20Fetal%20Brain%20Development%20In%20The%20Rat.pdf;https://mega.nz/file/MwYUxQTD#jnHRaE200phKIEBQudaPiOeX7TSdbpuDh2mkk7mw5-0;1986;;;Article;img/cover page/Stephen Zamenhof/1986 - Effect Of Intrauterine Positions On Fetal Brain Development In The Rat.webp
Dna (cell Number) And Protein In Neonatal Brain. Alteration By Maternal Dietary Protein Restriction;Stephen Zamenhof, Edith Van Marthens, Frank L. Margolis;https://raw.githubusercontent.com/peatysharing/bibliography/main/Stephen%20Zamenhof/1968%20-%20Stephen%20Zamenhof%3B%20Edith%20Van%20Marthens%3B%20Frank%20L.%20Margolis%20-%20Dna%20%28cell%20Number%29%20And%20Protein%20In%20Neonatal%20Brain.%20Alteration%20By%20Maternal%20Dietary%20Protein%20Restriction.pdf;https://mega.nz/file/gkhWyToY#VrK6-ypv2J2BS0-s1_EKupR28htrBRZaiKhwbb0bA6I;1968;;;Article;img/cover page/Stephen Zamenhof/1968 - Dna (cell Number) And Protein In Neonatal Brain. Alteration By Maternal Dietary Protein Restriction.webp
Dna (cell Number) In Neonatal Brain. Second Generation (f2) Alteration By Matemal (fo) Dietary Protein Restriction;Stephen Zamenhof, Edith Van Marthens, Ludmila Grauel;https://raw.githubusercontent.com/peatysharing/bibliography/main/Stephen%20Zamenhof/1971%20-%20Stephen%20Zamenhof%3B%20Edith%20Van%20Marthens%3B%20Ludmila%20Grauel%20-%20Dna%20%28cell%20Number%29%20In%20Neonatal%20Brain.%20Second%20Generation%20%28f2%29%20Alteration%20By%20Matemal%20%28fo%29%20Dietary%20Protein%20Restriction.pdf;https://mega.nz/file/V15RRY5D#zzZmt8AEHBWvu1sCb6BkfrW5DpusuYWSmNaGxuesT5k;1971;;;Article;img/cover page/Stephen Zamenhof/1971 - Dna (cell Number) In Neonatal Brain. Second Generation (f2) Alteration By Matemal (fo) Dietary Protein Restriction.webp
Correlations Between Neonatal Body Weight And Adolescent Brain Development In Rats;Stephen Zamenhof, Gulzar Ahmad, Donald Guthrie;https://raw.githubusercontent.com/peatysharing/bibliography/main/Stephen%20Zamenhof/1979%20-%20Stephen%20Zamenhof%3B%20Gulzar%20Ahmad%3B%20Donald%20Guthrie%20-%20Correlations%20Between%20Neonatal%20Body%20Weight%20And%20Adolescent%20Brain%20Development%20In%20Rats.pdf;https://mega.nz/file/BxxH0Bga#prX01nyzbkjVzLg5lzrrxr9sSX1qse-cuNWK0kE0CNs;1979;;;Article;img/cover page/Stephen Zamenhof/1979 - Correlations Between Neonatal Body Weight And Adolescent Brain Development In Rats.webp
Study Of Possible Correlations Between Prenatal Brain Development And Placental Weight;Stephen Zamenhof, L. Grauel, E. Van Marthens;https://raw.githubusercontent.com/peatysharing/bibliography/main/Stephen%20Zamenhof/1971%20-%20Stephen%20Zamenhof%3B%20L.%20Grauel%3B%20E.%20Van%20Marthens%20-%20Study%20Of%20Possible%20Correlations%20Between%20Prenatal%20Brain%20Development%20And%20Placental%20Weight.pdf;https://mega.nz/file/psBXyQQB#xwSBeOESS4_cUSvz3j2xE8aRB2efnOiG7LAzwk0_jII;1971;;;Article;img/cover page/Stephen Zamenhof/1971 - Study Of Possible Correlations Between Prenatal Brain Development And Placental Weight.webp
Rat Cerebral Cortical Estrogen Receptors, Male-female, Right-left;Sukhwinder Sandhu, Paul Cook, Marian C. Diamond;https://raw.githubusercontent.com/peatysharing/bibliography/main/Marian%20Diamond/1986%20-%20Sukhwinder%20Sandhu%2C%20Paul%20Cook%2C%20Marian%20C.%20Diamond%20-%20Rat%20Cerebral%20Cortical%20Estrogen%20Receptors%2C%20Male-female%2C%20Right-left.pdf;https://mega.nz/file/IxwzASoQ#AwRFI0UIgDR-a02qgaqjyQkT0f1sNgrirx7ceX0tHqk;1986;;;Article;img/cover page/Marian C. Diamond/1986 - Rat Cerebral Cortical Estrogen Receptors, Male-female, Right-left.webp
Dissolving Illusions;Suzanne Humphries, Roman Bystrianyk;https://raw.githubusercontent.com/peatysharing/bibliography/main/Suzanne%20Humpries/2013%20-%20Suzanne%20Humphries%3B%20Roman%20Bystrianyk%20-%20Dissolving%20Illusions.pdf;https://mega.nz/file/d1xljaBR#3dZY0Z9hrC21ENP75jN-HoVNu_DdCvRXPomjQa5-6jE;2013;;;;img/cover page/Suzanne Humphries/2013 - Dissolving Illusions.webp
Histochemical Localization of Glycogen in Preimplantation and Implantation Stages of Young and Senescent Golden Hamsters;T. A. Parkening, A. L. Soderwall;https://raw.githubusercontent.com/peatysharing/bibliography/main/Arnold%20L.%20Soderwall/1974%20-%20T.%20A.%20Parkening%3B%20A.%20L.%20Soderwall%20-%20Histochemical%20Localization%20of%20Glycogen%20in%20Preimplantation%20and%20Implantation%20Stages%20of%20Young%20and%20Senescent%20Golden%20Hamsters.pdf;https://mega.nz/file/ElhCFCTY#x8rIJQ7yccEGpYTZvlE3pxneZtCkKI6P93FVACLcl3U;1974;;;;img/cover page/Arnold L. Soderwall/1974 - Histochemical Localization of Glycogen in Preimplantation and Implantation Stages of Young and Senescent Golden Hamsters.webp
Neurotoxicity Of Bacteriostatic Water;T. E. Feasby, A. F. Hahn, J. J. Gilbert;https://raw.githubusercontent.com/peatysharing/bibliography/main/T.%20E.%20Feasby/1983%20-%20T.%20E.%20Feasby%3B%20A.%20F.%20Hahn%3B%20J.%20J.%20Gilbert%20-%20Neurotoxicity%20Of%20Bacteriostatic%20Water.pdf;https://mega.nz/file/ttxlWCTC#zvbnBn2WkymQadLPUvKWWnBVIONwNWfMe61VZR9C0aA;1983;;;Article;img/cover page/T. E. Feasby/1983 - Neurotoxicity Of Bacteriostatic Water.webp
Structural Damage To The Mesencephalic Reticular Formation Induced By Immobilization Stress;T. I. Belova;https://raw.githubusercontent.com/peatysharing/bibliography/main/T.%20I.%20Belova/1989%20-%20T.%20I.%20Belova%20-%20Structural%20Damage%20To%20The%20Mesencephalic%20Reticular%20Formation%20Induced%20By%20Immobilization%20Stress.pdf;https://mega.nz/file/AwxWlI6B#H6TyOjaohKxCYEDCqcGkL5DpoLWZy3BAcqadGEMwnrw;1989;;;Article;img/cover page/T. I. Belova/1989 - Structural Damage To The Mesencephalic Reticular Formation Induced By Immobilization Stress.webp
Constrating Adaptation Of Two Eucalyptus Subgenera Is Related To Differences In Respiratory Metabolism;T. S. Anekonda, R. S. Criddle, M. Bacca, L. D. Hansen;https://raw.githubusercontent.com/peatysharing/bibliography/main/T.%20S.%20Anekonda/1999%20-%20T.%20S.%20Anekonda%3B%20R.%20S.%20Criddle%3B%20M.%20Bacca%3B%20L.%20D.%20Hansen%20-%20Constrating%20Adaptation%20Of%20Two%20Eucalyptus%20Subgenera%20Is%20Related%20To%20Differences%20In%20Respiratory%20Metabolism.pdf;https://mega.nz/file/QtBXTDIK#mqUIy495of-WVqN1_rPFL9bP9Q4GWtLiXzC71lUUZZg;1999;;;Article;img/cover page/T. S. Anekonda/1999 - Constrating Adaptation Of Two Eucalyptus Subgenera Is Related To Differences In Respiratory Metabolism.webp
Respiration Rates Predict Differences In Growth Of Coast Redwood;T. S. Anekonda, R. S. Criddle, W. J. Libby, R. W. Breidenbach, L. D. Hansen;https://raw.githubusercontent.com/peatysharing/bibliography/main/T.%20S.%20Anekonda/1994%20-%20T.%20S.%20Anekonda%3B%20R.%20S.%20Criddle%3B%20W.%20J.%20Libby%3B%20R.%20W.%20Breidenbach%3B%20L.%20D.%20Hansen%20-%20Respiration%20Rates%20Predict%20Differences%20In%20Growth%20Of%20Coast%20Redwood.pdf;https://mega.nz/file/EsY3BCrA#TbYnTbqIqiuEshEy1YxhxS_vjlMWaT2SkHCYPLXIlRc;1994;;;Article;img/cover page/T. S. Anekonda/1994 - Respiration Rates Predict Differences In Growth Of Coast Redwood.webp
Calcium And Your Health;Takuo Fujita;https://raw.githubusercontent.com/peatysharing/bibliography/main/Takuo%20Fujita/1987%20-%20Takuo%20Fujita%20-%20Calcium%20And%20Your%20Health.pdf;https://mega.nz/file/FoJSWbBR#KsSbYE6fgLJi-bKvpBdpu87e5ZMjUhl2qPG3Vwk8ns4;1987;;;Book;img/cover page/Takuo Fujita/1987 - Calcium And Your Health.webp
Calcium, Parathyroids And Aging;Takuo Fujita;https://raw.githubusercontent.com/peatysharing/bibliography/main/Takuo%20Fujita/1991%20-%20Takuo%20Fujita%20-%20Calcium%2C%20Parathyroids%20And%20Aging.pdf;https://mega.nz/file/A4hUyC6b#GfEjsiz0YHhdds5SG7FjrTjkE4F8B3G3yIQcXMqPwqY;1991;;;;img/cover page/Takuo Fujita/1991 - Calcium, Parathyroids And Aging.webp
Immobilization And Calcium Paradox;Takuo Fujita;https://raw.githubusercontent.com/peatysharing/bibliography/main/Takuo%20Fujita/2015%20-%20Takuo%20Fujita%20-%20Immobilization%20And%20Calcium%20Paradox.pdf;https://mega.nz/file/plJA1bAA#cz9BbgiSPIg8tdkCN9shVk2JIVhG_TQ4Use8L1cT8Lo;2015;https://ln5.sync.com/dl/d42444f90/u7rpm24d-5w77eetx-vq6nenxj-g5h4imjt;Nutrition;Article;img/cover page/Takuo Fujita/2015 - Immobilization And Calcium Paradox.webp
A Mechanism For Virilization Of Female Spotted Hyenas In Utero;Tamer M. Yalcinkaya, Pentti K. Siiteri, Jean-louis Vigne, Paul Licht, Sushama Pavgi, Laurence G. Frank, Stephen E. Glickman;https://raw.githubusercontent.com/peatysharing/bibliography/main/Tamer%20M.%20Yalcinkaya/1993%20-%20Tamer%20M.%20Yalcinkaya%3B%20Pentti%20K.%20Siiteri%3B%20Jean-louis%20Vigne%3B%20Paul%20Licht%3B%20Sushama%20Pavgi%3B%20Laurence%20G.%20Frank%3B%20Stephen%20E.%20Glickman%20-%20A%20Mechanism%20For%20Virilization%20Of%20Female%20Spotted%20Hyenas%20In%20Utero.pdf;https://mega.nz/file/ZtZhlBxL#wOQgeVRwxrFBlmQCTbeBKRBa_1q1JbloCp7LidZ8P3o;1993;;;Article;img/cover page/Tamer M. Yalcinkaya/1993 - A Mechanism For Virilization Of Female Spotted Hyenas In Utero.webp
Delayed Embryonic Development and Implantation in Senescent Golden Hamsters;Terry A. Parkening;https://raw.githubusercontent.com/peatysharing/bibliography/main/Arnold%20L.%20Soderwall/1973%20-%20Terry%20A.%20Parkening%20-%20Delayed%20Embryonic%20Development%20and%20Implantation%20in%20Senescent%20Golden%20Hamsters.pdf;https://mega.nz/file/NlpEna5Q#iAZ3g9YbqQtF7r9zMn5qN4orWsP76CKgU_hKZZLmUU8;1973;;;;img/cover page/Terry A. Parkening/1974 - Delayed Fertilisation In Senescent Golden Hamsters.webp
Delayed Fertilisation in Senescent Golden Hamsters;Terry A. Parkening, A. L. Soderwall;https://raw.githubusercontent.com/peatysharing/bibliography/main/Arnold%20L.%20Soderwall/1974%20-%20Terry%20A.%20Parkening%3B%20A.%20L.%20Soderwall%20-%20Delayed%20Fertilisation%20in%20Senescent%20Golden%20Hamsters.pdf;https://mega.nz/file/M0JgzKiT#_7r4vHX4tviER5sIWmEnWC3g4InxtFVgAxxnLXHVn0U;1974;;;Article;img/cover page/Arnold L. Soderwall/1974 - Delayed Fertilisation in Senescent Golden Hamsters.webp
Delayed Fertilization and Preimplantation Loss in Senescent Golden Hamsters;Terry A. Parkening, A. L. Soderwall;https://raw.githubusercontent.com/peatysharing/bibliography/main/Arnold%20L.%20Soderwall/1975%20-%20Terry%20A.%20Parkening%3B%20A.%20L.%20Soderwall%20-%20Delayed%20Fertilization%20and%20Preimplantation%20Loss%20in%20Senescent%20Golden%20Hamsters.pdf;https://mega.nz/file/4lpl3Yya#1la0PnooX4ZWFc4gUpxyI7O0gPnPXOYzu8GBtGLOhPM;1975;;;;img/cover page/Arnold L. Soderwall/1975 - Delayed Fertilization and Preimplantation Loss in Senescent Golden Hamsters.webp
Effect Of Alpha-tocopherol Upon Lipid Peroxidation And Drug Metabolism In Hepatic Microsomes;Theodore E. Gram, James R. Fouts;https://raw.githubusercontent.com/peatysharing/bibliography/main/Theodore%20E.%20Gram/1966%20-%20Theodore%20E.%20Gram%3B%20James%20R.%20Fouts%20-%20Effect%20Of%20Alpha-tocopherol%20Upon%20Lipid%20Peroxidation%20And%20Drug%20Metabolism%20In%20Hepatic%20Microsomes.pdf;https://mega.nz/file/1oB1UbDL#MjivIGY-KbA8Op80ZY_-YGs95aDfCsXyzw_0OHMk3Qs;1966;;;Article;img/cover page/Theodore E. Gram/1966 - Effect Of Alpha-tocopherol Upon Lipid Peroxidation And Drug Metabolism In Hepatic Microsomes.webp
Limitations Of Diuretic Therapy In The Management Of Severe Toxemia;Thomas Brewer;https://raw.githubusercontent.com/peatysharing/bibliography/main/Thomas%20Brewer/1962%20-%20Thomas%20Brewer%20-%20Limitations%20Of%20Diuretic%20Therapy%20In%20The%20Management%20Of%20Severe%20Toxemia.pdf;https://mega.nz/file/4tJ1hRLa#XrEEeBxGDJByrBZGJWrFyjGiP0ogqCPIXJw9EmxABZM;1962;;;;img/cover page/Thomas Brewer/1962 - Limitations Of Diuretic Therapy In The Management Of Severe Toxemia.webp
Human Pregnancy Nutrition - A Clinical View;Thomas Brewer;https://raw.githubusercontent.com/peatysharing/bibliography/main/Thomas%20Brewer/1967%20-%20Thomas%20Brewer%20-%20%20Human%20Pregnancy%20Nutrition%20-%20A%20Clinical%20View.pdf;https://mega.nz/file/A1hzWDoT#MVTFmRTXmb19HJqjB3re9YHV1qPDYimJyRYdiuC9ZQk;1967;;;;img/cover page/Thomas Brewer/1967 - Human Pregnancy Nutrition - A Clinical View.webp
Human Pregnancy Nutrition - An Examination Of Traditional Assumptions;Thomas Brewer;https://raw.githubusercontent.com/peatysharing/bibliography/main/Thomas%20Brewer/1970%20-%20Thomas%20Brewer%20-%20Human%20Pregnancy%20Nutrition%20-%20An%20Examination%20Of%20Traditional%20Assumptions.pdf;https://mega.nz/file/lxIQxKoD#7G0Q9ZuMfQqKtHhWefWUG9Jri22ttPUGUH0Sh2HP2Cw;1970;;;;img/cover page/Thomas Brewer/1970 - Human Pregnancy Nutrition - An Examination Of Traditional Assumptions.webp
Human Maternal-Fetal Nutrition;Thomas Brewer;https://raw.githubusercontent.com/peatysharing/bibliography/main/Thomas%20Brewer/1972%20-%20Thomas%20Brewer%20-%20Human%20Maternal-Fetal%20Nutrition.pdf;https://mega.nz/file/c4gRyZ4S#MvMQyHTLoFfDjzLzVm8YLR6Vy2iMMNQvjP9_jp5GS2U;1972;;;;img/cover page/Thomas Brewer/1972 - Human Maternal-Fetal Nutrition.webp
Etiology Of Eclampsia;Thomas Brewer;https://raw.githubusercontent.com/peatysharing/bibliography/main/Thomas%20Brewer/1974%20-%20Thomas%20Brewer%20-%20Etiology%20Of%20Eclampsia.pdf;https://mega.nz/file/k84h3axS#Oy5yIXmyaJ0FJokr7l48fPCyBp2vi0afm3vtEcISIYk;1974;;;;img/cover page/Thomas Brewer/1974 - Etiology Of Eclampsia.webp
Role Of Malnutrition In Pre-eclampsia And Eclampsia;Thomas Brewer;https://raw.githubusercontent.com/peatysharing/bibliography/main/Thomas%20Brewer/1976%20-%20Thomas%20Brewer%20-%20Role%20Of%20Malnutrition%20In%20Pre-eclampsia%20And%20Eclampsia.pdf;https://mega.nz/file/wl5g3JRJ#cihKmOsYN1Hzf1a_nvy0J-0LtXT87bldy7JFtu_vcnM;1976;;;;img/cover page/Thomas Brewer/1976 - Role Of Malnutrition In Pre-eclampsia And Eclampsia.webp
Metabolic Toxemia Of Late Pregnancy - A Disease Of Malnutrition;Thomas Brewer;https://raw.githubusercontent.com/peatysharing/bibliography/main/Thomas%20Brewer/1982%20-%20Thomas%20Brewer%20-%20Metabolic%20Toxemia%20Of%20Late%20Pregnancy%20-%20A%20Disease%20Of%20Malnutrition.pdf;https://mega.nz/file/dwASkC4T#30CGz2GE1d9DSNt_PscBP0Cke3KqaCChGeG3eNZHdFk;1982;;;;img/cover page/Thomas Brewer/1982 - Metabolic Toxemia Of Late Pregnancy - A Disease Of Malnutrition.webp
An Interview with Dr. Tom Brewer - Healthy Childbirth Classes, Rochester, NY;Thomas Brewer;https://raw.githubusercontent.com/peatysharing/bibliography/main/Thomas%20Brewer/An%20Interview%20with%20Dr.%20Tom%20Brewer%20-%20Healthy%20Childbirth%20Classes%2C%20Rochester%2C%20NY.pdf;https://mega.nz/file/Q4IEhZpR#iYcc5PethbgMYB1RDaIC4xUmgA-SM5To0jR7SZhSUtw;;;;;img/cover page/Thomas Brewer/An Interview with Dr. Tom Brewer - Healthy Childbirth Classes, Rochester, NY.webp
The Deep Hot Biosphere;Thomas Gold;https://raw.githubusercontent.com/peatysharing/bibliography/main/Thomas%20Gold/2001%20-%20Thomas%20Gold%20-%20The%20Deep%20Hot%20Biosphere.pdf;https://mega.nz/file/w9wmnDZT#Oq_46Or-Fiz-33bsw2dOHHp5adC2Hxel2D5n9heu03w;2001;;;Book;img/cover page/Thomas Gold/2001 - The Deep Hot Biosphere.webp
The Thyroid [bad Quality];Thomas Hodge Mcgavack;https://raw.githubusercontent.com/peatysharing/bibliography/main/Thomas%20Hodge%20McGavack/1951%20-%20Thomas%20Hodge%20Mcgavack%20-%20The%20Thyroid%20%5Bbad%20Quality%5D.pdf;https://mega.nz/file/lxRgTIrJ#F8rmmdYamSB-nwoQSBspReiyo95Xkbao0O2eMoex1U0;1951;;;;img/cover page/Thomas Hodge McGavack/1951 - The Thyroid [bad Quality].webp
Silent Nucleotide Substitutions And G + C Content Of Some Mitochondrial And Bacterial Genes;Thomas Hughes Jukes, Vikas Bhushan;https://raw.githubusercontent.com/peatysharing/bibliography/main/Thomas%20Hughes%20Jukes/1986%20-%20Thomas%20Hughes%20Jukes%3B%20Vikas%20Bhushan%20-%20Silent%20Nucleotide%20Substitutions%20And%20G%20%2B%20C%20Content%20Of%20Some%20Mitochondrial%20And%20Bacterial%20Genes.pdf;https://mega.nz/file/dkJggBoK#kAGnVgo8W48UjuQU5no0CQ18cXxLz-WYNmH1o6Ku_fA;1986;;;Article;img/cover page/Thomas Hughes Jukes/1986 - Silent Nucleotide Substitutions And G + C Content Of Some Mitochondrial And Bacterial Genes.webp
An Analysis of Preimplantation Embryonic Death in Senescent Golden Hamsters;Thomas J. Connors, Larry W. Thorpe, A. L. Soderwall;https://raw.githubusercontent.com/peatysharing/bibliography/main/Arnold%20L.%20Soderwall/1972%20-%20Thomas%20J.%20Connors%3B%20Larry%20W.%20Thorpe%3B%20A.%20L.%20Soderwall%20-%20An%20Analysis%20of%20Preimplantation%20Embryonic%20Death%20in%20Senescent%20Golden%20Hamsters.pdf;https://mega.nz/file/NkIQ2Bya#sr7GqqqbxWU5OCeq3qm2jTLIh9GceBkPGrJ3j-G7Nrc;1972;;;;img/cover page/Arnold L. Soderwall/1972 - An Analysis of Preimplantation Embryonic Death in Senescent Golden Hamsters.webp
Principles Of Internal Medicine (Part 1);Tinsley R. Harrison, Paul Bruce Beeson, William H. Resnik, Goerge W. Thorn, Maxwell M. Wintrobe;https://raw.githubusercontent.com/peatysharing/bibliography/main/Tinsley%20R.%20Harrison/1950%20-%20Tinsley%20R.%20Harrison%3B%20Paul%20Bruce%20Beeson%3B%20William%20H.%20Resnik%3B%20Goerge%20W.%20Thorn%3B%20Maxwell%20M.%20Wintrobe%20-%20Principles%20Of%20Internal%20Medicine%20%28Part%201%29.pdf;https://mega.nz/file/9sp1FJ6R#Ua3V7auMG2hzNS3JmhHZmGDkN5Ry5BeWMKzf72U2pIo;1950;;;Book;img/cover page/Tinsley R. Harrison/1950 - Principles Of Internal Medicine.webp
Principles Of Internal Medicine (Part 2);Tinsley R. Harrison, Paul Bruce Beeson, William H. Resnik, Goerge W. Thorn, Maxwell M. Wintrobe;https://raw.githubusercontent.com/peatysharing/bibliography/main/Tinsley%20R.%20Harrison/1950%20-%20Tinsley%20R.%20Harrison%3B%20Paul%20Bruce%20Beeson%3B%20William%20H.%20Resnik%3B%20Goerge%20W.%20Thorn%3B%20Maxwell%20M.%20Wintrobe%20-%20Principles%20Of%20Internal%20Medicine%20%28Part%202%29.pdf;https://mega.nz/file/Z5o2kIqL#ZZoNBHCOnV14WuF2RyeSDw-hetyltlj47Pf5_ie6AGU;1950;;;Book;img/cover page/Tinsley R. Harrison/1950 - Principles Of Internal Medicine.webp
Seasonal Structural And Functional Changes In The Rabbit Heart;V. A. Frolov;https://raw.githubusercontent.com/peatysharing/bibliography/main/V.%20A.%20Frolov/1984%20-%20V.%20A.%20Frolov%20-%20Seasonal%20Structural%20And%20Functional%20Changes%20In%20The%20Rabbit%20Heart.pdf;https://mega.nz/file/JwZiSaZQ#MbnlOxocBI1013Q0RzxAoO-zndvMVHoz3FwfnhrJ8bw;1984;;;Article;img/cover page/V. A. Frolov/1984 - Seasonal Structural And Functional Changes In The Rabbit Heart.webp
The Influence Of Dostoevsky On The Creative Work Of A. A. Ukhtomskii;V. L. Merkulov;https://raw.githubusercontent.com/peatysharing/bibliography/main/V.%20L.%20Merkulov/1972%20-%20V.%20L.%20Merkulov%20-%20The%20Influence%20Of%20Dostoevsky%20On%20The%20Creative%20Work%20Of%20A.%20A.%20Ukhtomskii.pdf;https://mega.nz/file/RsonXK7b#wWGc3Rzaxrbp959DA43Y-BJClRA8JoFzNop4QjvTq7k;1972;;;Article;img/cover page/V. L. Merkulov/1972 - The Influence Of Dostoevsky On The Creative Work Of A. A. Ukhtomskii.webp
Blood Glucose Levels And Gluconeogenesis In Animal Transplantable Tumors;V. S. Shapot, V. A. Blinov;https://raw.githubusercontent.com/peatysharing/bibliography/main/V.%20S.%20Shapot/1974%20-%20V.%20S.%20Shapot%3B%20V.%20A.%20Blinov%20-%20Blood%20Glucose%20Levels%20And%20Gluconeogenesis%20In%20Animal%20Transplantable%20Tumors.pdf;https://mega.nz/file/g1ICjbiZ#3jCoaZL0Wr350zzk7NK4RikKRY9EsO2Lp-7PH5sy_GY;1974;;;Article;img/cover page/V. S. Shapot/1974 - Blood Glucose Levels And Gluconeogenesis In Animal Transplantable Tumors.webp
Glucose And The Dextran 'ana-phylactoid' Inflammation;V. W. Adamkiewicz, Lidia M. Adamkiewicz;https://raw.githubusercontent.com/peatysharing/bibliography/main/V.%20W.%20Adamkiewicz/1960%20-%20V.%20W.%20Adamkiewicz%3B%20Lidia%20M.%20Adamkiewicz%20-%20Glucose%20And%20The%20Dextran%20%27ana-phylactoid%27%20Inflammation.pdf;https://mega.nz/file/0wYSlbpR#CQrnUdq4BSzKdef6HakLgdQNl3ibxloaRaWTF3ze1LA;1960;;;Article;img/cover page/V. W. Adamkiewicz/1960 - Glucose and the detran ana-phylactoid inflammation.webp
Man's Search For Meaning;Viktor E. Frankl;https://raw.githubusercontent.com/peatysharing/bibliography/main/Viktor%20E.%20Frankl/1984%20-%20Viktor%20E.%20Frankl%20-%20Man%27s%20Search%20For%20Meaning.pdf;https://mega.nz/file/Ak43GQqC#dMT-dA933aV4bXlb46cdhRpiwuyc0aRZRJso5jk0dTw;1984;https://ln5.sync.com/dl/190a34670/r6thtcpy-raiwwh6b-834d472m-5yeyvv27;Psychology;Book;img/cover page/Viktor E. Frankl/1984 - Man's Search For Meaning.webp
Nature As Teacher, How I Discovered New Principles In The Working Of Nature;Viktor Schauberger;https://raw.githubusercontent.com/peatysharing/bibliography/main/Viktor%20Schauberger/1998%20-%20Viktor%20Schauberger%20-%20Nature%20As%20Teacher%2C%20How%20I%20Discovered%20New%20Principles%20In%20The%20Working%20Of%20Nature.pdf;https://mega.nz/file/I1xzVYaY#oBL53h-ihBblFJtE_nAmP34Os3Nem1HB0jSyc9-GU6k;1998;;;;img/cover page/Viktor Schauberger/1998 - Nature As Teacher, How I Discovered New Principles In The Working Of Nature.webp
The Water Wizard, The Extraordinary Properties Of Natural Water;Viktor Schauberger;https://raw.githubusercontent.com/peatysharing/bibliography/main/Viktor%20Schauberger/1999%20-%20Viktor%20Schauberger%20-%20The%20Water%20Wizard%2C%20The%20Extraordinary%20Properties%20Of%20Natural%20Water.pdf;https://mega.nz/file/QoxA0SpQ#lhzNMlyVDfWP0jBt3QByEY31ciCNs9Eh4Q2HCMK0i1M;1999;;;;img/cover page/Viktor Schauberger/1999 - The Water Wizard, The Extraordinary Properties Of Natural Water.webp
Energy Evolution;Viktor Schauberger;https://raw.githubusercontent.com/peatysharing/bibliography/main/Viktor%20Schauberger/2000%20-%20Viktor%20Schauberger%20-%20Energy%20Evolution.pdf;https://mega.nz/file/V9pmiaZa#uoDuidIHEHVOGvkwP6AhQu0aMpt-f8sFMy79tqIB784;2000;;;;img/cover page/Viktor Schauberger/2000 - Energy Evolution.webp
The Fertile Earth, Nature's Energies In Agriculture, Soil Fertilisation And Forestry;Viktor Schauberger, Callum Coats;https://raw.githubusercontent.com/peatysharing/bibliography/main/Viktor%20Schauberger/2001%20-%20Viktor%20Schauberger%3B%20Callum%20Coats%20-%20The%20Fertile%20Earth%2C%20Nature%27s%20Energies%20In%20Agriculture%2C%20Soil%20Fertilisation%20And%20Forestry.pdf;https://mega.nz/file/1o4DXaQJ#JoZ2Bab-bjdKvNRl9nvXJEzwhNgkb17lNoyp-iSKz6s;2001;;;;img/cover page/Viktor Schauberger/2001 - The Fertile Earth, Nature's Energies In Agriculture, Soil Fertilisation And Forestry.webp
The Influence Of The Hypophysis On Metabolism, Growth And Sexual Organs Of Male Rats And Rabbits;Vladimir Korenchevsky;https://raw.githubusercontent.com/peatysharing/bibliography/main/Vladimir%20Korenchevsky/1930%20-%20Vladimir%20Korenchevsky%20-%20The%20Influence%20Of%20The%20Hypophysis%20On%20Metabolism%2C%20Growth%20And%20Sexual%20Organs%20Of%20Male%20Rats%20And%20Rabbits.pdf;https://mega.nz/file/AoRSVT6R#yQapHgHYPQXDJ8LggytYZjOb-vkqon_L5YU8VnUE80s;1930;;;Article;img/cover page/Vladimir Korenchevsky/1930 - The Influence Of The Hypophysis On Metabolism, Growth And Sexual Organs Of Male Rats And Rabbits.webp
Effects Of Sex And Thyroid Hormones On The Process Of Ageing In Female Rats;Vladimir Korenchevsky;https://raw.githubusercontent.com/peatysharing/bibliography/main/Vladimir%20Korenchevsky/1948%20-%20Vladimir%20Korenchevsky%20-%20Effects%20Of%20Sex%20And%20Thyroid%20Hormones%20On%20The%20Process%20Of%20Ageing%20In%20Female%20Rats.pdf;https://mega.nz/file/RpBBQZYT#weCJPFl4aRtaA6-mrhQJgNIJAjszZY-1H539Cgd10n8;1948;;;Article;img/cover page/Vladimir Korenchevsky/1948 - Effects Of Sex And Thyroid Hormones On The Process Of Ageing In Female Rats.webp
Treatment Of Senescent Male Rats With Cortisone Acetate Alone Or Together With Sex And Thyroid Hormones;Vladimir Korenchevsky;https://raw.githubusercontent.com/peatysharing/bibliography/main/Vladimir%20Korenchevsky/1956%20-%20Vladimir%20Korenchevsky%20-%20Treatment%20Of%20Senescent%20Male%20Rats%20With%20Cortisone%20Acetate%20Alone%20Or%20Together%20With%20Sex%20And%20Thyroid%20Hormones.pdf;https://mega.nz/file/p0RGnIaY#oS7j-C23_Ln-DDEzOWhoS14Nfh941QdDtfaGVcmgJto;1956;;;Article;img/cover page/Vladimir Korenchevsky/1956 - Treatment Of Senescent Male Rats With Cortisone Acetate Alone Or Together With Sex And Thyroid Hormones.webp
Physiological and Pathological Ageing;Vladimir Korenchevsky;https://raw.githubusercontent.com/peatysharing/bibliography/main/Vladimir%20Korenchevsky/1961%20-%20Vladimir%20Korenchevsky%20-%20Physiological%20and%20Pathological%20Ageing.pdf;https://mega.nz/file/otQyRRzL#_k1Pawo3UgJHgx7v8FN1rvwht4sNpBOLWfBfKxlQFHg;1961;;;;img/cover page/Vladimir Korenchevsky/1961 - Physiological and Pathological Ageing.webp
La Géochimie [part 1];Vladimir Vernadsky;https://raw.githubusercontent.com/peatysharing/bibliography/main/Vladimir%20Vernadsky/1924%20-%20Vladimir%20Vernadsky%20-%20La%20G%C3%A9ochimie%20%5Bpart%201%5D.pdf;https://mega.nz/file/MkRzTKqR#7ZC8yq36Gsp89-wUTc7RMVMfrdd1qJEguvMe7_naNZo;1924;;;;img/cover page/Vladimir Vernadsky/1924 - La Géochimie.webp
La Géochimie [part 2];Vladimir Vernadsky;https://raw.githubusercontent.com/peatysharing/bibliography/main/Vladimir%20Vernadsky/1924%20-%20Vladimir%20Vernadsky%20-%20La%20G%C3%A9ochimie%20%5Bpart%202%5D.pdf;https://mega.nz/file/MkRzTKqR#7ZC8yq36Gsp89-wUTc7RMVMfrdd1qJEguvMe7_naNZo;1924;;;;img/cover page/Vladimir Vernadsky/1924 - La Géochimie.webp
Biosphere;Vladimir Vernadsky;https://raw.githubusercontent.com/peatysharing/bibliography/main/Vladimir%20Vernadsky/1926%20-%20Vernadsky%20-%20Biosphere.pdf;https://mega.nz/file/E9pSwTTS#FkfGD1NZ0fbktdeP7TC6WQ7qlVhIbGvXkZoh1sloAUo;1926;https://ln5.sync.com/dl/7b7098520/df2pbub4-h76x9cz5-7k27f3k4-qs2vpzyr;Biogeochemistry;Book;img/cover page/Vladimir Vernadsky/1926 - Biosphere.webp
The Biosphere And The Noosphere;Vladimir Vernadsky;https://raw.githubusercontent.com/peatysharing/bibliography/main/Vladimir%20Vernadsky/1945%20-%20Vladimiar%20Vernadsky%20-%20The%20Biosphere%20And%20The%20Noosphere.pdf;https://mega.nz/file/UlIiAaBR#nf2PFeJIU56uxYDpMfesqLr6ehXnzbmhOy6GFPgDMr4;1945;https://ln5.sync.com/dl/939e04cb0/3tyqmhvt-jqmdgu97-niw5s3y3-wqycgeub;Biology;Article;img/cover page/Vladimir Vernadsky/1945 - The Biosphere And The Noosphere.webp
Poems Of William Blake;W. B. Yeats;https://raw.githubusercontent.com/peatysharing/bibliography/main/William%20Blake/1905%20-%20W.%20B.%20Yeats%20-%20Poems%20Of%20William%20Blake.pdf;https://mega.nz/file/0hZwlK6K#oMSGLZOTvxqe5UsIuy4Pyb6oXNhmZbkrKxShccyJzvs;1905;;;Book;img/cover page/William Blake/1905 - Poems Of William Blake.webp
A Time To Die;W. Donner Denckla;https://raw.githubusercontent.com/peatysharing/bibliography/main/W.%20Donner%20Denckla/1975%20-%20W.%20Donner%20Denckla%20-%20A%20Time%20To%20Die.pdf;https://mega.nz/file/004QyJSL#3tWm3JNIacUiWrpdn32XukEh0KS8N4bQoKT12rtTvGU;1975;;;Article;img/cover page/W. Donner Denckla/1975 - A Time To Die.webp
Pituitary Inhibitor Of Thyroxine;W. Donner Denckla;https://raw.githubusercontent.com/peatysharing/bibliography/main/W.%20Donner%20Denckla/1975%20-%20W.%20Donner%20Denckla%20-%20Pituitary%20Inhibitor%20Of%20Thyroxine.pdf;https://mega.nz/file/l8AQAC7S#bR4QK96_A3ZwRbryhaEIMsJXWOPu06UcTul-FPkdNZA;1975;;;Article;img/cover page/W. Donner Denckla/1975 - Pituitary Inhibitor Of Thyroxine.webp
The Syndrome Of Mild Peristalsis;Walter C. Alvarez;https://raw.githubusercontent.com/peatysharing/bibliography/main/Walter%20C.%20Alvarez/1917%20-%20Walter%20C.%20Alvarez%20-%20The%20Syndrome%20Of%20Mild%20Peristalsis.pdf;https://mega.nz/file/dwpRDQBJ#qhPeAX4E5pKVoGFt2HWHtNKTxCadEzGrxG0o4ep0no0;1917;;;Article;img/cover page/Walter C. Alvarez/1917 - The Syndrome Of Mild Peristalsis.webp
The Metabolic Gradient Underlying Peristalsis;Walter C. Alvarez;https://raw.githubusercontent.com/peatysharing/bibliography/main/Walter%20C.%20Alvarez/1919%20-%20Walter%20C.%20Alvarez%20-%20The%20Metabolic%20Gradient%20Underlying%20Peristalsis.pdf;https://mega.nz/file/FpQWyBqI#Ae1al9He8Rvj9jgCGDeA-9wI_l2RjlnUnrbLubuDkRU;1919;;;Article;img/cover page/Walter C. Alvarez/1919 - The Metabolic Gradient Underlying Peristalsis.webp
New Methods Of Studying Gastric Peristalsis;Walter C. Alvarez;https://raw.githubusercontent.com/peatysharing/bibliography/main/Walter%20C.%20Alvarez/1922%20-%20Walter%20C.%20Alvarez%20-%20New%20Methods%20Of%20Studying%20Gastric%20Peristalsis.pdf;https://mega.nz/file/FwI2lCwS#C74pWhQXY_i9h09GbZmUL-8G4eBlx6ypUIP51XeL6T0;1922;;;Article;img/cover page/Walter C. Alvarez/1922 - New Methods Of Studying Gastric Peristalsis.webp
Reverse Peristalsis In The Bowel, A Precursor Of Vomiting;Walter C. Alvarez;https://raw.githubusercontent.com/peatysharing/bibliography/main/Walter%20C.%20Alvarez/1925%20-%20Walter%20C.%20Alvarez%20-%20Reverse%20Peristalsis%20In%20The%20Bowel%2C%20A%20Precursor%20Of%20Vomiting.pdf;https://mega.nz/file/Qhp0jRxZ#iX1jXVPLSMrvIgoKzg7n9iJ2Ezr4sJiShdUgJ9hzTzM;1925;;;Article;img/cover page/Walter C. Alvarez/1925 - Reverse Peristalsis In The Bowel, A Precursor Of Vomiting.webp
The Mechanics Of The Digestive Tract - An Introduction To Gastroenterology;Walter C. Alvarez;https://raw.githubusercontent.com/peatysharing/bibliography/main/Walter%20C.%20Alvarez/1928%20-%20Walter%20C.%20Alvarez%20-%20The%20Mechanics%20Of%20The%20Digestive%20Tract%20-%20An%20Introduction%20To%20Gastroenterology.pdf;https://mega.nz/file/sx5wxC7a#BDq3qNTZviraNT2i0XzyLgENKNEDp2nORm0B6gRw3tk;1928;;;;img/cover page/Walter C. Alvarez/1928 - The Mechanics Of The Digestive Tract - An Introduction To Gastroenterology.webp
Nervousness Indigestion and Pain;Walter C. Alvarez;https://raw.githubusercontent.com/peatysharing/bibliography/main/Walter%20C.%20Alvarez/1943%20-%20Walter%20C.%20Alvarez%20-%20Nervousness%20Indigestion%20and%20Pain.pdf;https://mega.nz/file/51AyTASY#2h5Hw16eFWHcMFg4V6pRn8F2JNjiqdZW6W_P0s71I-k;1943;;;;img/cover page/Walter C. Alvarez/1943 - Nervousness Indigestion and Pain.webp
An Introduction To Gastro-Enterology;Walter C. Alvarez;https://raw.githubusercontent.com/peatysharing/bibliography/main/Walter%20C.%20Alvarez/1979%20-%20Walter%20C.%20Alvarez%20-%20An%20Introduction%20To%20Gastro-Enterology.pdf;https://mega.nz/file/IsxTTDJL#DdW_-D1S6mxxDUojHzMi1GwhBPSG-UxbMCLVjtv79qc;1979;;;;img/cover page/Walter C. Alvarez/1979 - An Introduction To Gastro-Enterology.webp
Some Conditions Affecting The Discharge Of Food From The Stomach;Walter Cannon;https://raw.githubusercontent.com/peatysharing/bibliography/main/Walter%20Cannon/1909%20-%20Walter%20Cannon%20-%20Some%20Conditions%20Affecting%20The%20Discharge%20Of%20Food%20From%20The%20Stomach.pdf;https://mega.nz/file/4xxFUS6Q#QPRcv4qySPyGSJsazmd90yFwEG3SrYao7olTRDLTDqQ;1909;;;Article;img/cover page/Walter Cannon/1909 - Some Conditions Affecting The Discharge Of Food From The Stomach.webp
Medical Control Of Vivisection;Walter Cannon;https://raw.githubusercontent.com/peatysharing/bibliography/main/Walter%20Cannon/1910%20-%20Walter%20Cannon%20-%20Medical%20Control%20Of%20Vivisection.pdf;https://mega.nz/file/x9YnDAJB#OzxbhrJMTig_H4NZughoK52A9Is9ipV95vCdLNGK0b8;1910;;;;img/cover page/Walter Cannon/1910 - Medical Control Of Vivisection.webp
The Mechanical Factors Of Digestion;Walter Cannon;https://raw.githubusercontent.com/peatysharing/bibliography/main/Walter%20Cannon/1911%20-%20Walter%20Cannon%20-%20The%20Mechanical%20Factors%20Of%20Digestion.pdf;https://mega.nz/file/Y1owlZZT#a_3HCin6sRejG9IueLSBH0drzL3UP7XUlbpqvtyGbho;1911;https://ln5.sync.com/dl/051b07720/wgsyrf2z-5zbannt2-x58kfyse-v7bmbyf8;Digestion;Book;img/cover page/Walter Cannon/1911 - The Mechanical Factors Of Digestion.webp
Bodily Changes In Pain, Hunger, Fear, And Rage;Walter Cannon;https://raw.githubusercontent.com/peatysharing/bibliography/main/Walter%20Cannon/1915%20-%20Walter%20Cannon%20-%20Bodily%20Changes%20In%20Pain%2C%20Hunger%2C%20Fear%2C%20And%20Rage.pdf;https://mega.nz/file/sshBQBKS#jTQPM7uOP3V7743RKJ597hwrz8l47LOTnPUt7NsWO3Q;1915;;;;img/cover page/Walter Cannon/1915 - Bodily Changes In Pain, Hunger, Fear, And Rage.webp
A Laboratory Course In Physiology;Walter Cannon;https://raw.githubusercontent.com/peatysharing/bibliography/main/Walter%20Cannon/1923%20-%20Walter%20Cannon%20-%20A%20Laboratory%20Course%20In%20Physiology.pdf;https://mega.nz/file/4w4HXKTL#NK5DbkQKn5yJwfiygyLz94hyToIxbbMUQ4qnF-KN3hk;1923;;;Book;img/cover page/Walter Cannon/1923 - A Laboratory Course In Physiology.webp
Traumatic Shock;Walter Cannon;https://raw.githubusercontent.com/peatysharing/bibliography/main/Walter%20Cannon/1923%20-%20Walter%20Cannon%20-%20Traumatic%20Shock.pdf;https://mega.nz/file/IpBTyLga#E6GS6zxAeSiFzKetSXfum0ktOl5aT0EjJe5G5cjm2Ls;1923;https://ln5.sync.com/dl/44ac01130/erzig8yf-vcms6rpf-egham7di-igvy5k3e;Digestion;Book;img/cover page/Walter Cannon/1923 - Traumatic Shock.webp
Organization For Physiological Homeostasis;Walter Cannon;https://raw.githubusercontent.com/peatysharing/bibliography/main/Walter%20Cannon/1929%20-%20Walter%20Cannon%20-%20Organization%20For%20Physiological%20Homeostasis.pdf;https://mega.nz/file/t9pmBJZQ#epe9TIqQtQ30hV9Q0DOreCaXeOYN1YiGXQesicTzETU;1929;;;Article;img/cover page/Walter Cannon/1929 - Organization For Physiological Homeostasis.webp
Exercises celebrating twenty-five years as George Higginson Professor of Physiology;Walter Cannon;https://raw.githubusercontent.com/peatysharing/bibliography/main/Walter%20Cannon/1931%20-%20Walter%20Cannon%20-%20Exercises%20celebrating%20twenty-five%20years%20as%20George%20Higginson%20Professor%20of%20Physiology.pdf;https://mega.nz/file/JopXRbSI#6idXw7RXHmmUNy5Jrb_4Am7axOcOgPLvhDhX2R3Q9xo;1931;;;Book;img/cover page/Walter Cannon/1931 - Exercises celebrating twenty-five years as George Higginson Professor of Physiology.webp
The Wisdom Of The Body;Walter Cannon;https://raw.githubusercontent.com/peatysharing/bibliography/main/Walter%20Cannon/1932%20-%20Walter%20Cannon%20-%20The%20Wisdom%20Of%20The%20Body.pdf;https://mega.nz/file/MwhgCRqa#C6hsogOUiC9B1DGEpCyVE4fRmsN8GMUZ5uYSQ_IIaNo;1932;;;Book;img/cover page/Walter Cannon/1932 - The Wisdom Of The Body.webp
Some Modern Extensions Of Beaumonts Studies On Alexis St. Martin;Walter Cannon;https://raw.githubusercontent.com/peatysharing/bibliography/main/Walter%20Cannon/1933%20-%20Walter%20Cannon%20-%20Some%20Modern%20Extensions%20Of%20Beaumonts%20Studies%20On%20Alexis%20St.%20Martin.pdf;https://mega.nz/file/J1Rg2AoB#vBmx6OA5G10bIQTzuq7ePsuFDjSOfDDLKbhMjQLS-Xs;1933;;;Book;img/cover page/Walter Cannon/1933 - Some Modern Extensions Of Beaumonts Studies On Alexis St. Martin.webp
Digestion And Health;Walter Cannon;https://raw.githubusercontent.com/peatysharing/bibliography/main/Walter%20Cannon/1937%20-%20Walter%20Cannon%20-%20Digestion%20And%20Health.pdf;https://mega.nz/file/1kBTjKZB#3Rrh4VBR-PnA53EtKuJ12-cmTHF5wY6R4wbhNlHYkAc;1937;https://ln5.sync.com/dl/afda87340/sydgjpaq-6k7ztsw3-y5jcpcgh-bzh6zmf9;Digestion;Book;img/cover page/Walter Cannon/1937 - Digestion And Health.webp
Voodoo Death;Walter Cannon;https://raw.githubusercontent.com/peatysharing/bibliography/main/Walter%20Cannon/1942%20-%20Walter%20Cannon%20-%20Voodoo%20Death.pdf;https://mega.nz/file/ZxYByDxZ#dZGysQewqzHuCifM6O53ReGHFKhTPjts2-hT4SBWtEA;1942;;;Article;img/cover page/Walter Cannon/1942 - Voodoo Death.webp
The Way Of An Investigator;Walter Cannon;https://raw.githubusercontent.com/peatysharing/bibliography/main/Walter%20Cannon/1945%20-%20Walter%20Cannon%20-%20The%20Way%20Of%20An%20Investigator.pdf;https://mega.nz/file/BthyhbYT#95ZmO2ddy4jyRw1cIFi0Xhh6SX2NFnAwd8T48-0hm6k;1945;;;Book;img/cover page/Walter Cannon/1945 - The Way Of An Investigator.webp
The Supersensitivity Of Denervated Structures;Walter Cannon;https://raw.githubusercontent.com/peatysharing/bibliography/main/Walter%20Cannon/1949%20-%20Walter%20Cannon%20-%20The%20Supersensitivity%20Of%20Denervated%20Structures.pdf;https://mega.nz/file/ZkYhVSYR#CvCuUjeSLYtaPylP-rHr_Fug4r2OhBvx6SqDrvIzhmk;1949;;;Book;img/cover page/Walter Cannon/1949 - The Supersensitivity Of Denervated Structures.webp
The Movements Of The Food In The Oesophagus;Walter Cannon, A. Moser;https://raw.githubusercontent.com/peatysharing/bibliography/main/Walter%20Cannon/1898%20-%20Walter%20Cannon%3B%20A.%20Moser%20-%20The%20Movements%20Of%20The%20Food%20In%20The%20Oesophagus.pdf;https://mega.nz/file/goQEHL5A#p2VGWftlsxyHqr6SzNxdD6iiYPMReSAe_MgGgOFUGFI;1898;;;Article;img/cover page/Walter Cannon/1898 - The Movements Of The Food In The Oesophagus.webp
Autonomic Neuro-Effector System;Walter Cannon, Arturo Rosenblueth;https://raw.githubusercontent.com/peatysharing/bibliography/main/Walter%20Cannon/1937%20-%20Walter%20Cannon%3B%20Arturo%20Rosenblueth%20-%20Autonomic%20Neuro-Effector%20System.pdf;https://mega.nz/file/F0gG3C4Q#BihXlCd1z1U06D2VQa1J2GUBz-V4v7SozNSbPz-k60E;1937;;;Book;img/cover page/Walter Cannon/1937 - Autonomic Neuro-Effector System.webp
The Movements Of The Stomach And Intestines In Some Surgical Conditions;Walter Cannon, Fred Murphy;https://raw.githubusercontent.com/peatysharing/bibliography/main/Walter%20Cannon/1906%20-%20Walter%20Cannon%3B%20Fred%20Murphy%20-%20The%20Movements%20Of%20The%20Stomach%20And%20Intestines%20In%20Some%20Surgical%20Conditions.pdf;https://mega.nz/file/0tZVnDJT#etpVXXMygRWM2XeCrhQnPgXlYbL3s87YKw99Hj6MlGw;1906;;;Article;img/cover page/Walter Cannon/1906 - The Movements Of The Stomach And Intestines In Some Surgical Conditions.webp
Gastro-Enterostomy And Pyloroplasty;Walter Cannon, John Bapst Blake;https://raw.githubusercontent.com/peatysharing/bibliography/main/Walter%20Cannon/1905%20-%20Walter%20Cannon%3B%20John%20Bapst%20Blake%20-%20Gastro-Enterostomy%20And%20Pyloroplasty.pdf;https://mega.nz/file/1pB0BRzY#JCRQb--dykxZl6RrT1hWEPmQ1K0IJFtBj2dzPhqYiVA;1905;;;;img/cover page/Walter Cannon/1905 - Gastro-Enterostomy And Pyloroplasty.webp
The Effects On Biologic Systems Of Higher Order Transitions In Water;Walter Drost-Hansen;https://raw.githubusercontent.com/peatysharing/bibliography/main/Walter%20Drost-Hansen/1963%20-%20Walter%20Drost-Hansen%20-%20The%20Effects%20On%20Biologic%20Systems%20Of%20Higher%20Order%20Transitions%20In%20Water.pdf;https://mega.nz/file/Y5Y0gbwL#B1QmOEYn0FJRJZZ_uoEuijSkCHiVVhIHwcvmVRS3Xto;1963;;;;img/cover page/Walter Drost-Hansen/1963 - The Effects On Biologic Systems Of Higher Order Transitions In Water.webp
Viscosity Of Water At Various Temperatures;Walter Drost-Hansen;https://raw.githubusercontent.com/peatysharing/bibliography/main/Walter%20Drost-Hansen/1969%20-%20Walter%20Drost-Hansen%20-%20Viscosity%20Of%20Water%20At%20Various%20Temperatures.pdf;https://mega.nz/file/NpghTZzC#dmyAdeyt3wCxnyVCTtle9mre6j_vCa8kAyJEnpVnj20;1969;;;Article;img/cover page/Walter Drost-Hansen/1969 - Viscosity Of Water At Various Temperatures.webp
Water At Biological Interface, Structural And Functional, Aspects;Walter Drost-Hansen;https://raw.githubusercontent.com/peatysharing/bibliography/main/Walter%20Drost-Hansen/1978%20-%20Walter%20Drost-Hansen%20-%20Water%20At%20Biological%20Interface%2C%20Structural%20And%20Functional%2C%20Aspects.pdf;https://mega.nz/file/80RVxLQD#Ap1OqR-s5bccsb8_AfFSNdHwLtiA49MIFfJOTPvj-hM;1978;;;;img/cover page/Walter Drost-Hansen/1978 - Water At Biological Interface, Structural And Functional, Aspects.webp
A Role For Water In Growth, Metabolism, And Intracellular Organization;Walter Drost-Hansen;https://raw.githubusercontent.com/peatysharing/bibliography/main/Walter%20Drost-Hansen/1980%20-%20Walter%20Drost-Hansen%20-%20A%20Role%20For%20Water%20In%20Growth%2C%20Metabolism%2C%20And%20Intracellular%20Organization.pdf;https://mega.nz/file/s9QUlbJY#0KVeuqBmxaUii61BAdtda-4IXO8HslzqhdNx4LwjbRQ;1980;https://ln5.sync.com/dl/9d9db8870/d9ap7j3c-bxgrc2ri-e8aqugiw-myacjqkv;Biology;Article;img/cover page/Walter Drost-Hansen/1980 - A Role For Water In Growth, Metabolism, And Intracellular Organization.webp
On The Biochemistry And Cell Physiology Of Water;Walter Drost-Hansen;https://raw.githubusercontent.com/peatysharing/bibliography/main/Walter%20Drost-Hansen/1991%20-%20Walter%20Drost-Hansen%20-%20On%20The%20Biochemistry%20And%20Cell%20Physiology%20Of%20Water.pdf;https://mega.nz/file/d4pHRRBQ#F4zPhwUOk3ohiIj1FxeKLh4eZzaZdbmj0A3IIyewoSU;1991;https://ln5.sync.com/dl/faab957e0/rvruh4p4-8nkqrpr6-mk3j3dj6-4ytssq6c;Biochemistry;Article;img/cover page/Walter Drost-Hansen/1991 - On The Biochemistry And Cell Physiology Of Water.webp
Vicinal Hydration Of Biopolymers Cell Biological Consequences;Walter Drost-Hansen;https://raw.githubusercontent.com/peatysharing/bibliography/main/Walter%20Drost-Hansen/2006%20-%20Walter%20Drost-Hansen%20-%20Vicinal%20Hydration%20Of%20Biopolymers%20Cell%20Biological%20Consequences.pdf;https://mega.nz/file/EogEBB6Y#m1XsYzrKba9nTJsX77sfSKWpKWPryE0NkLbuIw6CnZE;2006;;;;img/cover page/Walter Drost-Hansen/2006 - Vicinal Hydration Of Biopolymers Cell Biological Consequences.webp
Cell-associated Water. Proceedings Of A Workshop On Cell-associated Water Held In Boston, Massachusetts;Walter Drost-Hansen, James S. Clegg;https://raw.githubusercontent.com/peatysharing/bibliography/main/Walter%20Drost-Hansen/1979%20-%20Walter%20Drost-Hansen%3B%20James%20S.%20Clegg%20-%20Cell-associated%20Water.%20Proceedings%20Of%20A%20Workshop%20On%20Cell-associated%20Water%20Held%20In%20Boston%2C%20Massachusetts.pdf;https://mega.nz/file/stJUWQyY#r_UctHruGj4YNZgMHPEzYyEuQ6DDFCRJiP9djAQlvrc;1979;;;Article;img/cover page/Walter Drost-Hansen/1979 - Cell-associated Water. Proceedings Of A Workshop On Cell-associated Water Held In Boston, Massachusetts.webp
Dr. Wilfrid E. Shute's Complete Updated Vitamin E Book;Wilfred E. Shute;https://raw.githubusercontent.com/peatysharing/bibliography/main/Wilfred%20E.%20Shute/1975%20-%20Wilfred%20E.%20Shute%20-%20Dr.%20Wilfrid%20E.%20Shute%27s%20Complete%20Updated%20Vitamin%20E%20Book.pdf;https://mega.nz/file/gxB1BAIY#n1vHiE1KTSL4QSmGVbjkkbm_hSJVAzGC_eskA9ePgWU;1975;;;Book;img/cover page/Wilfred E. Shute/1975 - Dr. Wilfrid E. Shute's Complete Updated Vitamin E Book.webp
Your Child And Vitamin E;Wilfred E. Shute;https://raw.githubusercontent.com/peatysharing/bibliography/main/Wilfred%20E.%20Shute/1979%20-%20Wilfred%20E.%20Shute%20-%20Your%20Child%20And%20Vitamin%20E.pdf;https://mega.nz/file/5wB1VYZD#h6RhcsC0m9UakQD99yn1_6-HGwqKPApT6rLJ6PpQC4g;1979;;;Book;img/cover page/Wilfred E. Shute/1979 - Your Child And Vitamin E.webp
Vitamin E In Angina Pectoris;Wilfred E. Shute, E. V. Shute, A. B. Vogelsang;https://raw.githubusercontent.com/peatysharing/bibliography/main/Wilfred%20E.%20Shute/1948%20-%20Wilfred%20E.%20Shute%3B%20E.%20V.%20Shute%3B%20A.%20B.%20Vogelsang%20-%20Vitamin%20E%20In%20Angina%20Pectoris.pdf;https://mega.nz/file/JtACGbBY#KzT4h5EC9bnzVkiZB5H8_Y7CM2lSSKpqdcxjkUFfPpQ;1948;;;Article;img/cover page/Wilfred E. Shute/1948 - Vitamin E In Angina Pectoris.webp
The Physiological And Biochemical Basis For The Use Of Vitamin E In Cardiovascular Diseases;Wilfred E. Shute, E. V. Shute, Arthrur Vogelsang;https://raw.githubusercontent.com/peatysharing/bibliography/main/Wilfred%20E.%20Shute/1949%20-%20Wilfred%20E.%20Shute%3B%20E.%20V.%20Shute%3B%20Arthrur%20Vogelsang%20-%20The%20Physiological%20And%20Biochemical%20Basis%20For%20The%20Use%20Of%20Vitamin%20E%20In%20Cardiovascular%20Diseases.pdf;https://mega.nz/file/Yt5XGCLb#Aw01Y0bcKKn2Ix-kAUmBiBnT9DEIrNSuiyHWSocvSvE;1949;;;Article;img/cover page/Wilfred E. Shute/1949 - The Physiological And Biochemical Basis For The Use Of Vitamin E In Cardiovascular Diseases.webp
Hyperthyroidism Treated By Oestrogens;Wilfred E. Shute, Evan V. Shute;https://raw.githubusercontent.com/peatysharing/bibliography/main/Wilfred%20E.%20Shute/1942%20-%20Wilfred%20E.%20Shute%3B%20Evan%20V.%20Shute%20-%20Hyperthyroidism%20Treated%20By%20Oestrogens.pdf;https://mega.nz/file/8pYhTJBS#6zpghThY54OjdeoNAyUW0JBdsaIEM_-Xw5rCzHyOu5I;1942;;;Article;img/cover page/Wilfred E. Shute/1942 - Hyperthyroidism Treated By Oestrogens.webp
Vitamin E For Ailing And Healthy Hearts;Wilfred E. Shute, Harald J. Taub;https://raw.githubusercontent.com/peatysharing/bibliography/main/Wilfred%20E.%20Shute/1972%20-%20Wilfred%20E.%20Shute%3B%20Harald%20J.%20Taub%20-%20Vitamin%20E%20For%20Ailing%20And%20Healthy%20Hearts.pdf;https://mega.nz/file/FhxjnSTI#T93fxFaVChzpzUah5PR7a9hrw-mREfuT2kmEiEb4v9I;1972;;;Book;img/cover page/Wilfred E. Shute/1972 - Vitamin E For Ailing And Healthy Hearts.webp
Health Preserver, Defining The Versatility Of Vitamin E;Wilfred E. Shute, Karen Shute Berry, Barbara Shute Carnahan;https://raw.githubusercontent.com/peatysharing/bibliography/main/Wilfred%20E.%20Shute/1977%20-%20Wilfred%20E.%20Shute%3B%20Karen%20Shute%20Berry%3B%20Barbara%20Shute%20Carnahan%20-%20Health%20Preserver%2C%20Defining%20The%20Versatility%20Of%20Vitamin%20E.pdf;https://mega.nz/file/koJBECTI#kUzoXkXYRCLakUW6zpwRElBZKkHOacR9jGy08GalFpc;1977;;;Book;img/cover page/Wilfred E. Shute/1977 - Health Preserver, Defining The Versatility Of Vitamin E.webp
The Mass Psychology Of Fascism;Wilhelm Reich;https://raw.githubusercontent.com/peatysharing/bibliography/main/Wilhelm%20Reich/1933%20-%20Wilhelm%20Reich%20-%20The%20Mass%20Psychology%20Of%20Fascism.pdf;https://mega.nz/file/tsYW1KBA#Z_nQsNSPAS1NPcdcdxXFBooM8oIqRr9Z8wqpiopmGWc;1933;;;;img/cover page/Wilhelm Reich/1933 - The Mass Psychology Of Fascism.webp
The Sexual Revolution - Toward A Self-Governing Character Structure;Wilhelm Reich;https://raw.githubusercontent.com/peatysharing/bibliography/main/Wilhelm%20Reich/1945%20-%20Wilhelm%20Reich%20-%20The%20Sexual%20Revolution%20-%20Toward%20A%20Self-Governing%20Character%20Structure.pdf;https://mega.nz/file/Rhg1hBya#y_MEiWWwimjXgwKOtwa6vZKEIEAXQ6KEa0kGmMudH_o;1945;;;;img/cover page/Wilhelm Reich/1945 - The Sexual Revolution - Toward A Self-Governing Character Structure.webp
Character analysis;Wilhelm Reich;https://raw.githubusercontent.com/peatysharing/bibliography/main/Wilhelm%20Reich/1950%20-%20Wilhelm%20Reich%20-%20Character%20analysis.pdf;https://mega.nz/file/UkxSSCZJ#U5ScBopxGdwnVQVg5XQWTTyrm4eXlbDq12E3Mm1CU7c;1950;;;;img/cover page/Wilhelm Reich/1950 - Character analysis.webp
Ether, God And Devil - Cosmic Superimposition;Wilhelm Reich;https://raw.githubusercontent.com/peatysharing/bibliography/main/Wilhelm%20Reich/1953%20-%20Wilhelm%20Reich%20-%20Ether%2C%20God%20And%20Devil%20-%20Cosmic%20Superimposition.pdf;https://mega.nz/file/llgHSKAL#sWJBJ3X46QeqTYaTST4izFFwN-G00cssshkwP92kj3s;1953;;;;img/cover page/Wilhelm Reich/1953 - Ether, God And Devil - Cosmic Superimposition.webp
The Invasion Of Compulsory Sex Morality;Wilhelm Reich;https://raw.githubusercontent.com/peatysharing/bibliography/main/Wilhelm%20Reich/1971%20-%20Wilhelm%20Reich%20-%20The%20Invasion%20Of%20Compulsory%20Sex%20Morality.pdf;https://mega.nz/file/o5hUiKyK#I-2Gmuca-0yGRgyzBnOh38kjk_CudYXVPxgH6zUFGrw;1971;;;;img/cover page/Wilhelm Reich/1971 - The Invasion Of Compulsory Sex Morality.webp
The Discovery Of The Orgone, Volume 1 - The Function Of The Orgasm;Wilhelm Reich;https://raw.githubusercontent.com/peatysharing/bibliography/main/Wilhelm%20Reich/1973%20-%20Wilhelm%20Reich%20-%20The%20Discovery%20Of%20The%20Orgone%2C%20Volume%201%20%20-%20The%20Function%20Of%20The%20Orgasm.pdf;https://mega.nz/file/wppzXTaa#zUerGnHAlMJRjGazCVNExCwa18OcxpxP_rxwHEGbIXA;1973;;;;img/cover page/Wilhelm Reich/1973 - The Discovery Of The Orgone, Volume 1 - The Function Of The Orgasm.webp
The Discovery Of The Orgone, Volume 2 - The Cancer Biopathy;Wilhelm Reich;https://raw.githubusercontent.com/peatysharing/bibliography/main/Wilhelm%20Reich/1973%20-%20Wilhelm%20Reich%20-%20The%20Discovery%20Of%20The%20Orgone%2C%20Volume%202%20-%20%20The%20Cancer%20Biopathy.pdf;https://mega.nz/file/I0RAVAKR#SvqOH9m0dfUw3dJH7MZ8kjsiq7fFxJj_f134nB7tvMc;1973;;;;img/cover page/Wilhelm Reich/1973 - The Discovery Of The Orgone, Volume 2 - The Cancer Biopathy.webp
The bion experiments on the origin of life;Wilhelm Reich;https://raw.githubusercontent.com/peatysharing/bibliography/main/Wilhelm%20Reich/1979%20-%20Wilhelm%20Reich%20-%20The%20bion%20experiments%20on%20the%20origin%20of%20life.pdf;https://mega.nz/file/sw5gAQwK#zfQhANhgX2t2MwhIZ3sHOhfmfj_aV0dJ8Y7CX5JaTfc;1979;;;;img/cover page/Wilhelm Reich/1979 - The bion experiments on the origin of life.webp
Growth Factors And TPA Stimulate DNA Synthesis And Alter The Morphology Of Cultured Terminally Differentiated Adult Rat Cardiac Muscle Cells;William C. Claycomb, R. L. Moses;https://raw.githubusercontent.com/peatysharing/bibliography/main/William%20C.%20Claycomb/1988%20-%20William%20C.%20Claycomb%3B%20R.%20L.%20Moses%20-%20Growth%20Factors%20And%20TPA%20Stimulate%20DNA%20Synthesis%20And%20Alter%20The%20Morphology%20Of%20Cultured%20Terminally%20Differentiated%20Adult%20Rat%20Cardiac%20Muscle%20Cells.pdf;https://mega.nz/file/dpZwiCCA#ieo9h8-aghqJqvo1SZJljFauWRYrINKIAyJbx0BrQmI;1988;;;Article;img/cover page/William C. Claycomb/1988 - Growth Factors And TPA Stimulate DNA Synthesis And Alter The Morphology Of Cultured Terminally Differentiated Adult Rat Cardiac Muscle Cells.webp
On The Occurence Of Methyl Guanidine In The Urine Of Parathyroidectomized Animals;William F. Koch;https://raw.githubusercontent.com/peatysharing/bibliography/main/William%20F.%20Koch/1912%20-%20William%20F.%20Koch%20-%20On%20The%20Occurence%20Of%20Methyl%20Guanidine%20In%20The%20Urine%20Of%20Parathyroidectomized%20Animals.pdf;https://mega.nz/file/Q9JwRJob#apRu7QuhjSGWGWPlUtkBPDsE8t557821Cpws1oKUWzo;1912;;;Article;img/cover page/William F. Koch/1912 - On The Occurence Of Methyl Guanidine In The Urine Of Parathyroidectomized Animals.webp
Chemical Consequences Of The Removal Of The Parathyroid Glands;William F. Koch;https://raw.githubusercontent.com/peatysharing/bibliography/main/William%20F.%20Koch/1913%20-%20William%20F.%20Koch%20-%20Chemical%20Consequences%20Of%20The%20Removal%20Of%20The%20Parathyroid%20Glands.pdf;https://mega.nz/file/NtYkDCoT#iH1_sXAFZq5gDKe4lvR1c9xQx89s9T_sNCY9--tK9l4;1913;https://ln5.sync.com/dl/853773a10/jg9p8fys-w2a6s5yd-2bx6wiaw-fn2iswqv;Endocrinology;Article;img/cover page/William F. Koch/1913 - Chemical Consequences Of The Removal Of The Parathyroid Glands.webp
The Physiology Of The Parathyroid Glands;William F. Koch;https://raw.githubusercontent.com/peatysharing/bibliography/main/William%20F.%20Koch/1916%20-%20William%20F.%20Koch%20-%20The%20Physiology%20Of%20The%20Parathyroid%20Glands.pdf;https://mega.nz/file/U5Ij2RhI#cCmYytrdIgCmY-0sjkg7D0Y3DZ0QLFjL80_P6nWeu0w;1916;https://ln5.sync.com/dl/c358de1b0/7upt6xiu-5niv853j-z8fy98bh-fi7u2g9y;Endocrinology;Article;img/cover page/William F. Koch/1916 - The Physiology Of The Parathyroid Glands.webp
Tetany And The Parathyroid Glands;William F. Koch;https://raw.githubusercontent.com/peatysharing/bibliography/main/William%20F.%20Koch/1918%20-%20William%20F.%20Koch%20-%20Tetany%20And%20The%20Parathyroid%20Glands.pdf;https://mega.nz/file/1lBSkYgK#Hbc7YkyYghoQXJ1HQMcuqJve_2Ll1v72yrFg1F8N0mY;1918;;;;img/cover page/William F. Koch/1918 - Tetany And The Parathyroid Glands.webp
A New And Successful Diagnosis And Treatment Of Cancer;William F. Koch;https://raw.githubusercontent.com/peatysharing/bibliography/main/William%20F.%20Koch/1920%20-%20William%20F.%20Koch%20-%20A%20New%20And%20Successful%20Diagnosis%20And%20Treatment%20Of%20Cancer.pdf;https://mega.nz/file/shB0BZIb#t_a6DG4gput1F4YWnGla28GfTwrNVxTSnAtOGTrjm_0;1920;https://ln5.sync.com/dl/a221b0810/q43jab5p-63zcmcaa-z3rzgarb-h8cbkpzj;Cancer;Article;img/cover page/William F. Koch/1920 - A New And Successful Diagnosis And Treatment Of Cancer.webp
Cancer Its Function And Cure. The Evolution Of The Immunity Process;William F. Koch;https://raw.githubusercontent.com/peatysharing/bibliography/main/William%20F.%20Koch/1925%20-%20William%20F.%20Koch%20-%20Cancer%20Its%20Function%20And%20Cure.%20The%20Evolution%20Of%20The%20Immunity%20Process.pdf;https://mega.nz/file/Yo5nzDAI#BukRWSFNUVfWgsS-tJKwpVWcSZTZDThiAOIxo0bYys0;1925;;;Article;img/cover page/William F. Koch/1925 - Cancer Its Function And Cure. The Evolution Of The Immunity Process.webp
Cancer Supplementary Points;William F. Koch;https://raw.githubusercontent.com/peatysharing/bibliography/main/William%20F.%20Koch/1926%20-%20William%20F.%20Koch%20-%20Cancer%20Supplementary%20Points.pdf;https://mega.nz/file/c8hQVY6a#7RXTtnyBqhb8S3tCj3UXZEKe0dD9s1PDQ4nqIpLRtFk;1926;https://ln5.sync.com/dl/db1293070/8xxmjzb2-usbj7n36-3ea7a4ma-ufs5vb45;Cancer;Article;img/cover page/William F. Koch/1926 - Cancer Supplementary Points.webp
The Prevention Of Cancer;William F. Koch;https://raw.githubusercontent.com/peatysharing/bibliography/main/William%20F.%20Koch/1926%20-%20William%20F.%20Koch%20-%20The%20Prevention%20Of%20Cancer.pdf;https://mega.nz/file/dxIXnZZS#O_1CrEQ-tSX69RImdAMf7UXc9PwzXJjU_zIapt9yqYU;1926;https://ln5.sync.com/dl/efde8ae60/47rivnvh-nydxm3fe-m4urjezn-nv46p4t2;Cancer;Article;img/cover page/William F. Koch/1926 - The Prevention Of Cancer.webp
Blood Chemistry In Malignancy;William F. Koch;https://raw.githubusercontent.com/peatysharing/bibliography/main/William%20F.%20Koch/1927%20-%20William%20F.%20Koch%20-%20Blood%20Chemistry%20In%20Malignancy.pdf;https://mega.nz/file/c1AxmZxb#m91lbDxHSDedvjPguMAKQRDKG8wNlsvOFhvtQfHx6hA;1927;;;Article;img/cover page/William F. Koch/1927 - Blood Chemistry In Malignancy.webp
The Koch Cancer Treatment And Its Investigations;William F. Koch;https://raw.githubusercontent.com/peatysharing/bibliography/main/William%20F.%20Koch/1927%20-%20William%20F.%20Koch%20-%20The%20Koch%20Cancer%20Treatment%20And%20Its%20Investigations.pdf;https://mega.nz/file/5opFXJQI#mls6ABg3xgeo6HnDacDfwwXXy2kMwYFDBrmxXpHz008;1927;;;;img/cover page/William F. Koch/1927 - The Koch Cancer Treatment And Its Investigations.webp
Natural Immunity - Its Curative Chemistry In Neoplasia - Allergy - Infection;William F. Koch;https://raw.githubusercontent.com/peatysharing/bibliography/main/William%20F.%20Koch/1936%20-%20William%20F.%20Koch%20-%20Natural%20Immunity%20-%20Its%20Curative%20Chemistry%20In%20Neoplasia%20-%20Allergy%20-%20Infection.pdf;https://mega.nz/file/IpA1gbYR#_vrjzwM67PbKdE7MLjdqR22HU7LwMoKev5_74Uk4rSI;1936;;;;img/cover page/William F. Koch/1936 - Natural Immunity - Its Curative Chemistry In Neoplasia - Allergy - Infection.webp
Natural Immunity Via Aerobic Glycolysis As Conveyed By Carbonyl And Ethylene Groups;William F. Koch;https://raw.githubusercontent.com/peatysharing/bibliography/main/William%20F.%20Koch/1938%20-%20William%20F.%20Koch%20-%20Natural%20Immunity%20Via%20Aerobic%20Glycolysis%20As%20Conveyed%20By%20Carbonyl%20And%20Ethylene%20Groups.pdf;https://mega.nz/file/QhQBEDKR#4q_oOKdFZZqANxA7NGF7pDt4sEQA9ioZSMP_Nc2plas;1938;https://ln5.sync.com/dl/c4d785b70/h3phfhfr-2p98mwgs-mptarxzb-u5zcfgih;Immunology;Article;img/cover page/William F. Koch/1938 - Natural Immunity Via Aerobic Glycolysis As Conveyed By Carbonyl And Ethylene Groups.webp
Pathogenesis And Immunity As Conveyed By Ethylene And Carbonyl Groups;William F. Koch;https://raw.githubusercontent.com/peatysharing/bibliography/main/William%20F.%20Koch/1938%20-%20William%20F.%20Koch%20-%20Pathogenesis%20And%20Immunity%20As%20Conveyed%20By%20Ethylene%20And%20Carbonyl%20Groups.pdf;https://mega.nz/file/B5QyhZgI#gb5v242EKkQNLfE33mIj2ZLHyGQ4hqPUi40BXHAhZ6U;1938;;;Article;img/cover page/William F. Koch/1938 - Pathogenesis And Immunity As Conveyed By Ethylene And Carbonyl Groups.webp
Clinical Demonstration Of The Laws Of Chemical Structure That Determines Immunity To Disease, And Their Application In The Treatment Of Patients;William F. Koch;https://raw.githubusercontent.com/peatysharing/bibliography/main/William%20F.%20Koch/1939%20-%20William%20F.%20Koch%20-%20Clinical%20Demonstration%20Of%20The%20Laws%20Of%20Chemical%20Structure%20That%20Determines%20Immunity%20To%20Disease%2C%20And%20Their%20Application%20In%20The%20Treatment%20Of%20Patients.pdf;https://mega.nz/file/ZkgUjZbQ#3Xhgw7ouZbi1clbZoY86ja6iCFhS7E7WjpBoUisIQT0;1939;https://ln5.sync.com/dl/ec1f7c780/saq8uj5v-rajnbgfv-w3ykn4vu-e9jvdbpn;Biology;Article;img/cover page/William F. Koch/1939 - Clinical Demonstration Of The Laws Of Chemical Structure That Determines Immunity To Disease, And Their Application In The Treatment Of Patients.webp
The Basic Chemistry Of Our Diet;William F. Koch;https://raw.githubusercontent.com/peatysharing/bibliography/main/William%20F.%20Koch/1940%20-%20William%20F.%20Koch%20-%20The%20Basic%20Chemistry%20Of%20Our%20Diet.pdf;https://mega.nz/file/5o5jEJBB#DnSDMA4LK3okEnDRWUYdXOocpakImMjQlu2QJq8P0cE;1940;https://ln5.sync.com/dl/ca16381b0/8cgfi48m-9jhbbf2d-vdwxfucd-wp4gwxuc;Nutrition;Article;img/cover page/William F. Koch/1940 - The Basic Chemistry Of Our Diet.webp
A Brief History Of The Development Of The Koch Synthetic Antitoxins;William F. Koch;https://raw.githubusercontent.com/peatysharing/bibliography/main/William%20F.%20Koch/1941%20-%20William%20F.%20Koch%20-%20A%20Brief%20History%20Of%20The%20Development%20Of%20The%20Koch%20Synthetic%20Antitoxins.pdf;https://mega.nz/file/w5BWHBIa#Zf5Om4p6Vx_1NSYzEhZoEQHs9yrelGeiy2i9lGXZFds;1941;https://ln5.sync.com/dl/ff7c78e70/5zejj7h6-b2xe55wt-hhtafgqn-5krspfft;Biology;Article;img/cover page/William F. Koch/1941 - A Brief History Of The Development Of The Koch Synthetic Antitoxins.webp
An Efficient Single Dose Treatment For Diabetes On A Full Carbohydrate Diet Without Insulin;William F. Koch;https://raw.githubusercontent.com/peatysharing/bibliography/main/William%20F.%20Koch/1941%20-%20William%20F.%20Koch%20-%20An%20Efficient%20Single%20Dose%20Treatment%20For%20Diabetes%20On%20A%20Full%20Carbohydrate%20Diet%20Without%20Insulin.pdf;https://mega.nz/file/AsJRALra#BrhghGDvqXHuoT5lIjTDUR4lrk_BWmt0YjoJFbLdpBA;1941;;;Article;img/cover page/William F. Koch/1941 - An Efficient Single Dose Treatment For Diabetes On A Full Carbohydrate Diet Without Insulin.webp
Principles Of The Koch Therapy Introduced In 1918;William F. Koch;https://raw.githubusercontent.com/peatysharing/bibliography/main/William%20F.%20Koch/1941%20-%20William%20F.%20Koch%20-%20Principles%20Of%20The%20Koch%20Therapy%20Introduced%20In%201918.pdf;https://mega.nz/file/YoY3jJ7C#QDM09b0iAqG3zDeMoUr-Kfev3G-WD7wWer4p1yZyT_M;1941;;;Article;img/cover page/William F. Koch/1941 - Principles Of The Koch Therapy Introduced In 1918.webp
Relation Of Focal Infection To Cancer And Allergy In Causation And Recovery;William F. Koch;https://raw.githubusercontent.com/peatysharing/bibliography/main/William%20F.%20Koch/1941%20-%20William%20F.%20Koch%20-%20Relation%20Of%20Focal%20Infection%20To%20Cancer%20And%20Allergy%20In%20Causation%20And%20Recovery.pdf;https://mega.nz/file/EpxnEQLQ#8P2wddjI_E_SLA3DHfOkt8At-F-JDi_LysOJEgY2fIk;1941;;;Article;img/cover page/William F. Koch/1941 - Relation Of Focal Infection To Cancer And Allergy In Causation And Recovery.webp
Carbonyl Therapy;William F. Koch;https://raw.githubusercontent.com/peatysharing/bibliography/main/William%20F.%20Koch/1950%20-%20William%20F.%20Koch%20-%20Carbonyl%20Therapy.pdf;https://mega.nz/file/FgoigL6D#FlxeKSR9L2sYUI6XiRBx0hAgszX8-Fzb4uTFTQ6paNA;1950;;;;img/cover page/William F. Koch/1950 - Carbonyl Therapy.webp
Neoplastic And Viral Parasitism Their Basic Chemistry And It's Clinical Reversal;William F. Koch;https://raw.githubusercontent.com/peatysharing/bibliography/main/William%20F.%20Koch/1963%20-%20William%20F.%20Koch%20-%20Neoplastic%20And%20Viral%20Parasitism%20Their%20Basic%20Chemistry%20And%20It%27s%20Clinical%20Reversal.pdf;https://mega.nz/file/olgUlQKS#1tjbH9u2F1T6mSf-RMvS8mxAFDgf-v1Pu-uY2CF2RQM;1963;;;Article;img/cover page/William F. Koch/1963 - Neoplastic And Viral Parasitism Their Basic Chemistry And It's Clinical Reversal.webp
The Dr. Koch Concept;William F. Koch;https://raw.githubusercontent.com/peatysharing/bibliography/main/William%20F.%20Koch/1966%20-%20William%20F.%20Koch%20-%20The%20Dr.%20Koch%20Concept.pdf;https://mega.nz/file/19p0yQgA#ZoRJqJIHzsTPzd1XP52Mh8NQ5AwrKsEXHhgPbQQcxM4;1966;;;Article;img/cover page/William F. Koch/1966 - The Dr. Koch Concept.webp
The Functional Carbonyl Group In Pathogenesis And It's Reversal;William F. Koch;https://raw.githubusercontent.com/peatysharing/bibliography/main/William%20F.%20Koch/1967%20-%20William%20F.%20Koch%20-%20The%20Functional%20Carbonyl%20Group%20In%20Pathogenesis%20And%20It%27s%20Reversal.pdf;https://mega.nz/file/1ow0kaoJ#My-U1rQRthkg9H8laAqlSysChp-sutnG-ncnKu7DciU;1967;;;Article;img/cover page/William F. Koch/1967 - The Functional Carbonyl Group In Pathogenesis And It's Reversal.webp
The Koch Cancer Treatment And Its Investigations. A Vindication;William F. Koch;https://raw.githubusercontent.com/peatysharing/bibliography/main/William%20F.%20Koch/1927%20-%20William%20F.%20Koch%20-%20The%20Koch%20Cancer%20Treatment%20And%20Its%20Investigations.%20A%20Vindication.pdf;https://mega.nz/file/Bk5GWZwA#HjlGXTbBiruVtJ-zQfw3__Nnfr9zTjcHWcBChakpZI0;1927;;;;img/cover page/William F. Koch/1927 - The Koch Cancer Treatment And Its Investigations. A Vindication.webp
William F. Koch - Case Reports;William F. Koch;https://raw.githubusercontent.com/peatysharing/bibliography/main/William%20F.%20Koch/1931%20-%20William%20F.%20Koch%20-%20Case%20Reports.pdf;https://mega.nz/file/ApQiXTaC#3eK6pKTg2U7IIgC-WShEVyDe6cJwOfyuo1N9JdwaQi0;1931;;;;img/cover page/William F. Koch/1931 - Case Reports.webp
Letter From Koch Laboratories To Physicians Regarding Glyoxylide ;William F. Koch;https://raw.githubusercontent.com/peatysharing/bibliography/main/William%20F.%20Koch/1936%20-%20William%20F.%20Koch%20-%20Letter%20From%20Koch%20Laboratories%20To%20Physicians%20Regarding%20Glyoxylide%20.pdf;https://mega.nz/file/E941DDDT#7uhfIuDWnFv5Q1-qV-V_bIN4Q7EugQ_P7wm0n4UGGTs;1936;;;;img/cover page/William F. Koch/1936 - Letter From Koch Laboratories To Physicians Regarding Glyoxylide.webp
Ethylene Keto And Quinone Groups In Natural Immunity, Allergy, Neoplasia, And Infection;William F. Koch;https://raw.githubusercontent.com/peatysharing/bibliography/main/William F. Koch/1937 - William F. Koch -  Ethylene Keto And Quinone Groups In Natural Immunity, Allergy, Neoplasia, And Infection.pdf;https://mega.nz/file/V1oXkTyB#5rozuExI35ddrh0JxdPDBNN8HldAEMqbZusS-Z1kkic;1937;;;;img/cover page/William F. Koch/1937 - Ethylene Keto And Quinone Groups In Natural Immunity, Allergy, Neoplasia, And Infection.webp
Should The Cancer Remedy Act Of 1938 Be Repealed ;William F. Koch;https://raw.githubusercontent.com/peatysharing/bibliography/main/William%20F.%20Koch/1938%20-%20William%20F.%20Koch%20-%20Should%20The%20Cancer%20Remedy%20Act%20Of%201938%20Be%20Repealed%20.pdf;https://mega.nz/file/ppoAQZIR#4KSgp85SykmAvcMAyPko6MdP-dQR_dMmR3-cP7HxJXg;1938;;;;img/cover page/William F. Koch/1938 - Should The Cancer Remedy Act Of 1938 Be Repealed.webp
National Immunity Clinical Demonstration Of The Laws Of Chemical Structure That Determine Immunity To Disease, And Their Application In The Treatment Of Patients ;William F. Koch;https://raw.githubusercontent.com/peatysharing/bibliography/main/William%20F.%20Koch/1939%20-%20William%20F.%20Koch%20-%20National%20Immunity%20Clinical%20Demonstration%20Of%20The%20Laws%20Of%20Chemical%20Structure%20That%20Determine%20Immunity%20To%20Disease,%20And%20Their%20Application%20In%20The%20Treatment%20Of%20Patients%20.pdf;https://mega.nz/file/olBAhQyK#CyikZHcIxv80BOM8d9GfC2VLJx3tKijOQWOq4lZkP40;1939;;;;img/cover page/William F. Koch/1939 - National Immunity Clinical Demonstration Of The Laws Of Chemical Structure That Determine Immunity To Disease, And Their Application In The Treatment Of Patients.webp
The Chemistry Of Natural Immunity;William F. Koch;https://raw.githubusercontent.com/peatysharing/bibliography/main/William%20F.%20Koch/1939%20-%20William%20F.%20Koch%20-%20The%20Chemistry%20Of%20Natural%20Immunity.pdf;https://mega.nz/file/BhAUyCaI#IOBTOCPc5FWgCn-iifNJTLaUJcKGnX9ejkUR9ci6ljo;1939;;;;img/cover page/William F. Koch/1939 - The Chemistry Of Natural Immunity.webp
Chemistry’S Victory Over Disease ;William F. Koch;https://raw.githubusercontent.com/peatysharing/bibliography/main/William%20F.%20Koch/1941%20-%20William%20F.%20Koch%20-%20Chemistry%E2%80%99S%20Victory%20Over%20Disease%20.pdf;https://mega.nz/file/x4YCmYTT#4D4t-xP4SRYvoWyz_8q62IE61Lt3SnkWXnTxpiURqWk;1941;;;;img/cover page/William F. Koch/1941 - Chemistry’S Victory Over Disease.webp
Relation Of Focal Infection To Cancer And Allergy In Causation And Recovery;William F. Koch;https://raw.githubusercontent.com/peatysharing/bibliography/main/William%20F.%20Koch/1941 - William F. Koch - Relation Of Focal Infection To Cancer And Allergy In Causation And Recovery.pdf;https://mega.nz/file/V9IGHbgA#NJgdip-Pt6vnVhiMF9vis9d-bwcmuSACru_zHes5SPU;1941;;;;img/cover page/William F. Koch/1941 - Relation Of Focal Infection To Cancer And Allergy In Causation And Recovery.webp
The Cure Of Diabetes ;William F. Koch;https://raw.githubusercontent.com/peatysharing/bibliography/main/William%20F.%20Koch/1941%20-%20William%20F.%20Koch%20-%20The%20Cure%20Of%20Diabetes%20.pdf;https://mega.nz/file/wxx2SawA#zG2cjKpdaKuqoCVYXSU9sQSDEVtWHcglu0ezEcdMh08;1941;;;;img/cover page/William F. Koch/1941 - The Cure Of Diabetes.webp
Letter To C. A. Abbott, M.D. Regarding Fda Harassment Of Physicians;William F. Koch;https://raw.githubusercontent.com/peatysharing/bibliography/main/William%20F.%20Koch/1942 - William F. Koch - Letter To C. A. Abbott, M.D. Regarding Fda Harassment Of Physicians.pdf;https://mega.nz/file/lhASHQJL#nDX-o3_oOtqLio8syni3C4rFOL1Vr-9H5hMKo_sqt2w;1942;;;;img/cover page/William F. Koch/1942 - Letter To C. A. Abbott, M.D. Regarding Fda Harassment Of Physicians.webp
Ltr Koch To Physician Regarding Treatment And Federal Government And FBI Interference;William F. Koch;https://raw.githubusercontent.com/peatysharing/bibliography/main/William%20F.%20Koch/1942 - William F. Koch - Ltr Koch To Physician Regarding Treatment And Federal Government And FBI Interference.pdf;https://mega.nz/file/E4QWFawA#Ws7jgzAHEtIQI3niVUp__ua8X6WCLzTPBWmDw10BYlo;1942;;;;img/cover page/William F. Koch/1942 - Ltr Koch To Physician Regarding Treatment And Federal Government And FBI Interference.webp
The Survival Factor in Neoplastic and Viral Diseases;William F. Koch;https://raw.githubusercontent.com/peatysharing/bibliography/main/William%20F.%20Koch/1958%20-%20William%20F.%20Koch%20-%20The%20Survival%20Factor%20In%20Neoplastic%20And%20Viral%20Diseases.pdf;https://mega.nz/file/kx5GmSpI#NBPPa31dKHhRzBJd0lQRdy3bz97Y0JFWMldOG8zVS40;1958;;;;img/cover page/William F. Koch/1958 - The Survival Factor in Neoplastic and Viral Diseases.webp
The Survival Factor in Neoplastic and Viral Diseases;William F. Koch;https://raw.githubusercontent.com/peatysharing/bibliography/main/William%20F.%20Koch/1961 - William F. Koch - The Survival Factor In Neoplastic And Viral Diseases.pdf;https://mega.nz/file/ZgIVCZhS#droEaKNvIedbd1P4UrvgghaQAjzH0UXwL3OknxKI-yg;1961;;;;img/cover page/William F. Koch/1961 - The Survival Factor in Neoplastic and Viral Diseases.webp
Dr. Koch’s Explanation Of The Function Of His Reagents ;William F. Koch;https://raw.githubusercontent.com/peatysharing/bibliography/main/William%20F.%20Koch/William%20F.%20Koch%20-%20Dr.%20Koch%E2%80%99s%20Explanation%20Of%20The%20Function%20Of%20His%20Reagents%20.pdf;https://mega.nz/file/opoGlBKL#I98QPsx5t5CrigAJCf45EDoF5QgIDWtfxKYY16EthCw;;;;;img/cover page/William F. Koch/Dr. Koch’s Explanation Of The Function Of His Reagents.webp
Letter To Physicians, A Follow-Up Regarding Sec. 503 FDA Ruling On Labeling And Koch;William F. Koch;https://raw.githubusercontent.com/peatysharing/bibliography/main/William F. Koch/William F. Koch -  Letter To Physicians, A Follow-Up Regarding Sec. 503 FDA Ruling On Labeling And Koch.pdf;https://mega.nz/file/JgJSRRLa#Dj7Hdt1WJGmH8lw1oiQqgUMc0gbUMs1W_Q9A18k3z5c;;;;;img/cover page/William F. Koch/Letter To Physicians, A Follow-Up Regarding Sec. 503 FDA Ruling On Labeling And Koch.webp
Mitochondria And Their Clinical Aspects, Proven Reversibility Of Cancer ;William F. Koch;https://raw.githubusercontent.com/peatysharing/bibliography/main/William F. Koch/William F. Koch - Mitochondria And Their Clinical Aspects, Proven Reversibility Of Cancer .pdf;https://mega.nz/file/5kJmAbDT#sAM2Kds62bL4wyr5myYYYwUzzA2VgVZPYMVdAtoLf2A;;;;;img/cover page/William F. Koch/Mitochondria And Their Clinical Aspects, Proven Reversibility Of Cancer.webp
The Function Of Cancer;William F. Koch;https://raw.githubusercontent.com/peatysharing/bibliography/main/William F. Koch/William F. Koch - The Function Of Cancer.pdf;https://mega.nz/file/x9Rn1BBB#-WQl1xgzKWwECsk4VADrIR5rCvo-mmhbzBd15JLV0jQ;;;;;img/cover page/William F. Koch/The Function Of Cancer.webp
Human Hepatitis B Vaccine From Recombinant Yeast;William J. McAleer, Eugene B. Buynak, Robert Z. Maigetter, D. Eugene Wampler, William J. Miller, Maurice R. Hilleman;https://raw.githubusercontent.com/peatysharing/bibliography/main/Maurice%20R.%20Hilleman/1981%20-%20William%20J.%20McAleer%3B%20Eugene%20B.%20Buynak%3B%20Robert%20Z.%20Maigetter%3B%20D.%20Eugene%20Wampler%3B%20William%20J.%20Miller%3B%20Maurice%20R.%20Hilleman%20-%20Human%20Hepatitis%20B%20Vaccine%20From%20Recombinant%20Yeast.pdf;https://mega.nz/file/x0gkHYoC#68yLaTDafyiOxYO9DpNng7HTeHhlBGlT_YyiRrFxywA;1981;;;Article;img/cover page/Maurice R. Hilleman/1981 - Human Hepatitis B Vaccine From Recombinant Yeast.webp
Synectics. The Development Of Creative Capacity;William J.J. Gordon;https://raw.githubusercontent.com/peatysharing/bibliography/main/William%20J.J.%20Gordon/1961%20-%20William%20J.J.%20Gordon%20-%20Synectics.%20The%20Development%20Of%20Creative%20Capacity.pdf;https://mega.nz/file/gwYx2ADB#gFpG9VXWLFKQiiURJpBn231hROTaygiuiRw8EHWawPg;1961;;;;img/cover page/William J.J. Gordon/1961 - Synectics. The Development Of Creative Capacity.webp
Effects Of Pregnancy And Differential Environments On Rat Cerebral Cortical Depth;William L. Hamilton, Marian C. Diamond, Ruth E. Johnson, Carol A;https://raw.githubusercontent.com/peatysharing/bibliography/main/Marian%20Diamond/1977%20-%20William%20L.%20Hamilton%2C%20Marian%20C.%20Diamond%2C%20Ruth%20E.%20Johnson%2C%20Carol%20A%20-%20Effects%20Of%20Pregnancy%20And%20Differential%20Environments%20On%20Rat%20Cerebral%20Cortical%20Depth.pdf;https://mega.nz/file/hlgDwB7J#r_i7nEfAgfYhdZLQH5WngOWBXRSsSK9JACh5wmujmWA;1977;;;Article;img/cover page/Marian C. Diamond/1977 - Effects Of Pregnancy And Differential Environments On Rat Cerebral Cortical Depth.webp
Political Writings Of William Morris;William Morris;https://raw.githubusercontent.com/peatysharing/bibliography/main/William%20Morris/1973%20-%20William%20Morris%20-%20Political%20Writings%20Of%20William%20Morris.pdf;https://mega.nz/file/l4ByFYbQ#O6LDxLfNxOutMvRdKP4lzzi0o-D0E57PrCEx4vlT8JM;1973;;;Book;img/cover page/William Morris/1973 - Political Writings Of William Morris.webp
Respiratory Experiments On Man;Yandell Henderson;https://raw.githubusercontent.com/peatysharing/bibliography/main/Yandell%20Henderson/1914%20-%20Yandell%20Henderson%20-%20Respiratory%20Experiments%20On%20Man.pdf;https://mega.nz/file/xtJSCYZS#5qT9ID_TO6xZg_E3IVCTr9sdAo0QWZh9bApmpPz57rc;1914;https://ln5.sync.com/dl/245136650/fvekgya4-xcgntkwz-zpe2qncr-gnuehgit;Respiration;Article;img/cover page/Yandell Henderson/1914 - Respiratory Experiments On Man.webp
The Time That The Breath Can Be Held As An Index For Acidosis;Yandell Henderson;https://raw.githubusercontent.com/peatysharing/bibliography/main/Yandell%20Henderson/1914%20-%20Yandell%20Henderson%20-%20The%20Time%20That%20The%20Breath%20Can%20Be%20Held%20As%20An%20Index%20For%20Acidosis.pdf;https://mega.nz/file/F0pjEbrR#u-gWnIJgwDQXrlYrEowWMJk8LCyXlVvPgI0J0licawg;1914;https://ln5.sync.com/dl/7f96e8c80/xa9s2237-nchyerwx-aifqkaqt-572ni7v7;Respiration;Article;img/cover page/Yandell Henderson/1914 - The Time That The Breath Can Be Held As An Index For Acidosis.webp
Resuscitation Apparatus;Yandell Henderson;https://raw.githubusercontent.com/peatysharing/bibliography/main/Yandell%20Henderson/1916%20-%20Yandell%20Henderson%20-%20Resuscitation%20Apparatus.pdf;https://mega.nz/file/kogFiCwS#56z16sNnl57GYoOgR1SIpDOMy075TAgBy-RyrXwP4iE;1916;https://ln5.sync.com/dl/708b43860/t78p2xz2-rcw4tpgu-9bet32bt-4jfqatpf;Respiration;Article;img/cover page/Yandell Henderson/1916 - Resuscitation Apparatus.webp
The Therapeutic Use Of Carbon Dioxide After Anesthesia And Operation;Yandell Henderson;https://raw.githubusercontent.com/peatysharing/bibliography/main/Yandell%20Henderson/1920%20-%20Yandell%20Henderson%20-%20The%20Therapeutic%20Use%20Of%20Carbon%20Dioxide%20After%20Anesthesia%20And%20Operation.pdf;https://mega.nz/file/0tJnyDqA#QfrA_4cYW687vFv5upQ3XVIjr709tLCV_K_xUQh4nRI;1920;https://ln5.sync.com/dl/4b8cd8fe0/jage4srq-w76z3ynm-5pearxyk-z35d3bf9;Respiration;Article;img/cover page/Yandell Henderson/1920 - The Therapeutic Use Of Carbon Dioxide After Anesthesia And Operation.webp
Physiological Regulation Of The Acid-base Balance Of The Blood And Some Related Functions;Yandell Henderson;https://raw.githubusercontent.com/peatysharing/bibliography/main/Yandell%20Henderson/1925%20-%20Yandell%20Henderson%20-%20Physiological%20Regulation%20Of%20The%20Acid-base%20Balance%20Of%20The%20Blood%20And%20Some%20Related%20Functions.pdf;https://mega.nz/file/5ggElIiK#ErCNVzVfCANTva_4A4h7lcg1HZnoPL7wCGuXraqAFcM;1925;;;Article;img/cover page/Yandell Henderson/1925 - Physiological Regulation Of The Acid-base Balance Of The Blood And Some Related Functions.webp
The Dangers Of Carbon Monoxide Poisoning And Measures To Lessen These Dangers;Yandell Henderson;https://raw.githubusercontent.com/peatysharing/bibliography/main/Yandell%20Henderson/1930%20-%20Yandell%20Henderson%20-%20The%20Dangers%20Of%20Carbon%20Monoxide%20Poisoning%20And%20Measures%20To%20Lessen%20These%20Dangers.pdf;https://mega.nz/file/AtZWTTrD#QzXWR6ntcm8YsNuX7OOqMlk_iKXQqlLTnX0PWhsnS-8;1930;;;Article;img/cover page/Yandell Henderson/1930 - The Dangers Of Carbon Monoxide Poisoning And Measures To Lessen These Dangers.webp
Household Health Hazards;Yandell Henderson;https://raw.githubusercontent.com/peatysharing/bibliography/main/Yandell%20Henderson/1933%20-%20Yandell%20Henderson%20-%20Household%20Health%20Hazards.pdf;https://mega.nz/file/dpAwQIyT#sDzNJapg3L6ljQ_2IaM_BYuhWzDwxLfONf667C8mlIw;1933;;;Article;img/cover page/Yandell Henderson/1933 - Household Health Hazards.webp
Use Of Inhalations Of Carbon Dioxide To Prevent Posoperative Pulmonary Complications;Yandell Henderson;https://raw.githubusercontent.com/peatysharing/bibliography/main/Yandell%20Henderson/1933%20-%20Yandell%20Henderson%20-%20Use%20Of%20Inhalations%20Of%20Carbon%20Dioxide%20To%20Prevent%20Posoperative%20Pulmonary%20Complications.pdf;https://mega.nz/file/o1AQjTaL#FsgDAUPSTu5l0PWyG_WDzwuTjvvriX4abRwfNNLvDpM;1933;https://ln5.sync.com/dl/8e4820960/hcptwfsh-3mh3xq4i-hkitnp5g-dp8q646w;Respiration;Article;img/cover page/Yandell Henderson/1933 - Use Of Inhalations Of Carbon Dioxide To Prevent Posoperative Pulmonary Complications.webp
Resuscitation 1;Yandell Henderson;https://raw.githubusercontent.com/peatysharing/bibliography/main/Yandell%20Henderson/1934%20-%20Yandell%20Henderson%20-%20Resuscitation%201.pdf;https://mega.nz/file/9pogCaSB#YNbY1kILyy954Io0BSMBNabfGB0USWmiCobfDc25ckg;1934;;;Article;img/cover page/Yandell Henderson/1934 - Resuscitation 1.webp
Resuscitation 2;Yandell Henderson;https://raw.githubusercontent.com/peatysharing/bibliography/main/Yandell%20Henderson/1934%20-%20Yandell%20Henderson%20-%20Resuscitation%202.pdf;https://mega.nz/file/gogGkChY#NOfeZk45lK_U_4C6cleutO7JparXv5dIkZW3WnYf-CA;1934;;;Article;img/cover page/Yandell Henderson/1934 - Resuscitation 2.webp
Resuscitation;Yandell Henderson;https://raw.githubusercontent.com/peatysharing/bibliography/main/Yandell%20Henderson/1935%20-%20Yandell%20Henderson%20-%20Resuscitation.pdf;https://mega.nz/file/klIkVSgD#w0_K1CjJ2SbJn1w_3AjO7ifkdVtCi8UrS-apiBv1lVg;1935;;;Article;img/cover page/Yandell Henderson/1935 - Resuscitation.webp
Treatment Of Acute Alcoholism;Yandell Henderson;https://raw.githubusercontent.com/peatysharing/bibliography/main/Yandell%20Henderson/1936%20-%20Yandell%20Henderson%20-%20Treatment%20Of%20Acute%20Alcoholism.pdf;https://mega.nz/file/E8wwiS7R#eHVeplwg6yDjG0HJRjs9Qp1KAgFZfGd0DhZhpTlXEv4;1936;;;Article;img/cover page/Yandell Henderson/1936 - Treatment Of Acute Alcoholism.webp
How Breathing Begins At Birth;Yandell Henderson;https://raw.githubusercontent.com/peatysharing/bibliography/main/Yandell%20Henderson/1937%20-%20Yandell%20Henderson%20-%20How%20Breathing%20Begins%20At%20Birth.pdf;https://mega.nz/file/Mwh30SqC#VYThgsNH375PrcHowsDJT1UZMTNyc0dUukl_B8JRmjo;1937;;;Article;img/cover page/Yandell Henderson/1937 - How Breathing Begins At Birth.webp
Resuscitation;Yandell Henderson;https://raw.githubusercontent.com/peatysharing/bibliography/main/Yandell%20Henderson/1937%20-%20Yandell%20Henderson%20-%20Resuscitation.pdf;https://mega.nz/file/w9J1mJKI#Ap-dE-m5uBtYLcuhKT_XqIk9t0QYB1jiZ4P3vImOEEc;1937;;;Article;img/cover page/Yandell Henderson/1937 - Resuscitation.webp
Adventures In Respiration Modes Of Asphyxiation And Methods;Yandell Henderson;https://raw.githubusercontent.com/peatysharing/bibliography/main/Yandell%20Henderson/1938%20-%20Yandell%20Henderson%20-%20Adventures%20In%20Respiration%20Modes%20Of%20Asphyxiation%20And%20Methods.pdf;https://mega.nz/file/9hwCFJLL#m3kda4Qr3YRq-HAmczHpLOkzscQRCZtlyQ8l1viQ6bw;1938;https://ln5.sync.com/dl/4120d2840/uvrgahbu-bcnmbzy2-3et2vcm5-4tys4a8q;Respiration;Book;img/cover page/Yandell Henderson/1938 - Adventures In Respiration Modes Of Asphyxiation And Methods.webp
Resuscitation;Yandell Henderson;https://raw.githubusercontent.com/peatysharing/bibliography/main/Yandell%20Henderson/1938%20-%20Yandell%20Henderson%20-%20Resuscitation.pdf;https://mega.nz/file/R9IQjAKK#xjYi8NGjdX5qHGp7pf44aW21YvitZTA4iWtLIJOUHto;1938;;;Article;img/cover page/Yandell Henderson/1938 - Resuscitation.webp
Lack Of Evidence For Chronic Carbon Monoxide Poisoning;Yandell Henderson;https://raw.githubusercontent.com/peatysharing/bibliography/main/Yandell%20Henderson/1940%20-%20Yandell%20Henderson%20-%20Lack%20Of%20Evidence%20For%20Chronic%20Carbon%20Monoxide%20Poisoning.pdf;https://mega.nz/file/10ZWTZhR#BflTLF1HL2ZRKaVwb-LD_B0JFPH4w0QA0FJDvjMzr1s;1940;;;Article;img/cover page/Yandell Henderson/1940 - Lack Of Evidence For Chronic Carbon Monoxide Poisoning.webp
Artificial Respiration And Inhalation;Yandell Henderson;https://raw.githubusercontent.com/peatysharing/bibliography/main/Yandell%20Henderson/1941%20-%20Yandell%20Henderson%20-%20Artificial%20Respiration%20And%20Inhalation.pdf;https://mega.nz/file/Vt4ShaSA#K1cdvgG5J7a3AwEAsQ1sC6iHfXbPz-Oyb1QoT5zdjyA;1941;https://ln5.sync.com/dl/8e7d4e650/xmezp89a-nexg6v8c-es98m5ux-ctqdmi5e;Respiration;Article;img/cover page/Yandell Henderson/1941 - Artificial Respiration And Inhalation.webp
For A Better Means Of Estimating The Need For Restoration Of The Blood Volume;Yandell Henderson;https://raw.githubusercontent.com/peatysharing/bibliography/main/Yandell%20Henderson/1943%20-%20Yandell%20Henderson%20-%20For%20A%20Better%20Means%20Of%20Estimating%20The%20Need%20For%20Restoration%20Of%20The%20Blood%20Volume.pdf;https://mega.nz/file/U8RFjCSL#3zxP8TyG5qe2GMrZzU-TlvaSQaNLkXl835zBUgrVzXc;1943;;;Article;img/cover page/Yandell Henderson/1943 - For A Better Means Of Estimating The Need For Restoration Of The Blood Volume.webp
Noxious Gases;Yandell Henderson;https://raw.githubusercontent.com/peatysharing/bibliography/main/Yandell%20Henderson/1943%20-%20Yandell%20Henderson%20-%20Noxious%20Gases.pdf;https://mega.nz/file/gwI2WRKJ#TkRYn-y369jSJat8H6bdh3U2Pp_GTch7f_kkWvFQRq8;1943;https://ln5.sync.com/dl/d8a004a50/hg43cfnk-nmxm3vaj-2w3kbqt6-ph3sqdhv;Respiration;Book;img/cover page/Yandell Henderson/1943 - Noxious Gases.webp
Contamination Of Air With Carbon Monoxide;Yandell Henderson, Howard W. Haggard;https://raw.githubusercontent.com/peatysharing/bibliography/main/Yandell%20Henderson/1922%20-%20Yandell%20Henderson%2C%20Howard%20W.%20Haggard%20-%20Contamination%20Of%20Air%20With%20Carbon%20Monoxide.pdf;https://mega.nz/file/t8Ig2TJL#-yf_eBzmkk8s39PMlkEmbgiyf4pDmbj6_cOIYhj_dFg;1922;;;Article;img/cover page/Yandell Henderson/1922 - Contamination Of Air With Carbon Monoxide.webp
Formation of Conditioned Reflex Response to a Magnetic Field in Fish;Yu. A. Kholodov;https://raw.githubusercontent.com/peatysharing/bibliography/main/Yu.%20A.%20Kholodov/1964%20-%20Yu.%20A.%20Kholodov%20-%20Formation%20of%20Conditioned%20Reflex%20Response%20to%20a%20Magnetic%20Field%20in%20Fish.pdf;https://mega.nz/file/01IngKJJ#QrQo1t2c2VPr8JMTu6Vp3hfDImGJLrS9K3kttQfIA_A;1964;;;;img/cover page/Yu. A. Kholodov/1964 - Formation of Conditioned Reflex Response to a Magnetic Field in Fish.webp
The Effect of Electromagnetic and Magnetic Fields on the Central Nervous System;Yu. A. Kholodov;https://raw.githubusercontent.com/peatysharing/bibliography/main/Yu.%20A.%20Kholodov/1967%20-%20Yu.%20A.%20Kholodov%20-%20The%20Effect%20of%20Electromagnetic%20and%20Magnetic%20Fields%20on%20the%20Central%20Nervous%20System.pdf;https://mega.nz/file/t45yzASS#bZ7fgvYVnAxkYqWj1aCcB4oIZ7N1r1EbZqTUPVQezuA;1967;;;;img/cover page/Yu. A. Kholodov/1967 - The Effect of Electromagnetic and Magnetic Fields on the Central Nervous System.webp
Influence of Magnetic Fields on Biological Objects;Yu. A. Kholodov;https://raw.githubusercontent.com/peatysharing/bibliography/main/Yu.%20A.%20Kholodov/1974%20-%20Yu.%20A.%20Kholodov%20-%20Influence%20of%20Magnetic%20Fields%20on%20Biological%20Objects.pdf;https://mega.nz/file/F0InBKgL#Uag5bRD3sMh3Rl6s_V78PDxC4U2A95312kh9HpLzrBo;1974;;;;img/cover page/Yu. A. Kholodov/1974 - Influence of Magnetic Fields on Biological Objects.webp
Effect of A Constant Magnetic Field on Conditioned Reflexes in Sea Fish;Yu. A. Kholodov, G. L. Verevkina;https://raw.githubusercontent.com/peatysharing/bibliography/main/Yu.%20A.%20Kholodov/1963%20-%20Yu.%20A.%20Kholodov%3B%20G.%20L.%20Verevkina%20-%20Effect%20of%20A%20Constant%20Magnetic%20Field%20on%20Conditioned%20Reflexes%20in%20Sea%20Fish.pdf;https://mega.nz/file/VgozHCoT#Ize2GCYiQXlYgoUECgsSSJTZmUoKK2CvuaPX88Y-m2I;1963;;;;img/cover page/Yu. A. Kholodov/1963 - Effect of A Constant Magnetic Field on Conditioned Reflexes in Sea Fish.webp
Photoreactivation Of Superoxide Dismutase By Intensive Red (Laser) Light;Yuri Andreevich Vladimirov, Elena A. Gorbatenkova, Nokolai V. Paramonov;https://raw.githubusercontent.com/peatysharing/bibliography/main/Yuri%20Andreevich%20Vladimirov/1988%20-%20Yuri%20Andreevich%20Vladimirov%3B%20Elena%20A.%20Gorbatenkova%3B%20Nokolai%20V.%20Paramonov%20-%20Photoreactivation%20Of%20Superoxide%20Dismutase%20By%20Intensive%20Red%20%28Laser%29%20Light.pdf;https://mega.nz/file/B0RjUQLZ#vVTfM41byaPzjJI3w63l-hHrFZ8zhl-2w1MACx9lMzs;1988;;;Article;img/cover page/Yuri Andreevich Vladimirov/1988 - Photoreactivation Of Superoxide Dismutase By Intensive Red (Laser) Light.webp
Psychology and Space;Yuri Gagarin, Vladimir Lebedev;https://raw.githubusercontent.com/peatysharing/bibliography/main/Yuri%20Gagarin/2003%20%281970%29%20-%20Yuri%20Gagarin%3B%20Vladimir%20Lebedev%20-%20Psychology%20and%20Space.pdf;https://mega.nz/file/slZBDKaJ#MNSJy6aAlMh8nAMBfJ_P-Loeu8IvRyJ_EmoZbDU6--A;2003;;;;img/cover page/Yuri Gagarin/2003 - Psychology and Space.webp
Excerpt About Maximum Safe Daily Dosage Of Caffeine (Principles Of Internal Medicine (4th));;https://raw.githubusercontent.com/peatysharing/bibliography/main/Multiple%20Researchers/1962%20-%20Principles%20Of%20Internal%20Medicine%20%284th%29%20-%20Excerpt%20About%20Maximum%20Safe%20Daily%20Dosage%20Of%20Caffeine.pdf;https://mega.nz/file/xxxGDCiB#4XOXeOAZLmoYSm0FVsbvLJxQp1-Q7BD56N99YQKlJBs;1962;;;;img/cover page/Multiple Researchers/1962 - Excerpt About Maximum Safe Daily Dosage Of Caffeine.webp
Psychological Research In The Ussr, Volume 1;;https://raw.githubusercontent.com/peatysharing/bibliography/main/Multiple%20Researchers/1966%20-%20Psychological%20Research%20In%20The%20Ussr%2C%20Volume%201.pdf;https://mega.nz/file/Yh5ATbpY#ONyZSO9oEaVOhJRo95YYhzGkn4lfcamNEqur5luqbzE;1966;;;Book;img/cover page/Multiple Researchers/1966 - Psychological Research In The Ussr, Volume 1.webp
Biology Today (Part 1);;https://raw.githubusercontent.com/peatysharing/bibliography/main/Multiple%20Researchers/1972%20-%20Biology%20Today%20%28Part%201%29.pdf;https://mega.nz/file/IlA3HATb#4x221ya8A_j1h4OaDilDlX2HDf204E4RPHjcPZ_oRk8;1972;;;Book;img/cover page/Multiple Researchers/1972 - Biology Today.webp
Biology Today (Part 2);;https://raw.githubusercontent.com/peatysharing/bibliography/main/Multiple%20Researchers/1972%20-%20Biology%20Today%20%28Part%202%29.pdf;https://mega.nz/file/dhAy3aoI#auK77lcVwBpcpBasvD85ssuNaO0YRAotqAz14luYBlM;1972;;;Book;img/cover page/Multiple Researchers/1972 - Biology Today.webp
Ascorbic Acid And The Catabolism Of Cholesterol;;https://raw.githubusercontent.com/peatysharing/bibliography/main/No%20Authors/1973%20-%20Ascorbic%20Acid%20And%20The%20Catabolism%20Of%20Cholesterol.pdf;https://mega.nz/file/5lYUQRhK#aKXTenTVqK8H53ziINsS91WpdD4YOG4kov9YrDtjN04;1973;;;Article;img/cover page/No Authors/1973 - Ascorbic Acid And The Catabolism Of Cholesterol.webp
Brain Biochemistry And Intrauterine Growth;;https://raw.githubusercontent.com/peatysharing/bibliography/main/No%20Authors/1973%20-%20Brain%20Biochemistry%20And%20Intrauterine%20Growth.pdf;https://mega.nz/file/ExxwUI5L#507G7IjVfc9jkYdr-2ngMa82kfqKO0qis82WoA5FqBQ;1973;;;Article;img/cover page/No Authors/1973 - Brain Biochemistry And Intrauterine Growth.webp
Maternal Dietary Supplementation And Infant Birth Weight;;https://raw.githubusercontent.com/peatysharing/bibliography/main/No%20Authors/1973%20-%20Maternal%20Dietary%20Supplementation%20And%20Infant%20Birth%20Weight.pdf;https://mega.nz/file/woQjVCaa#8kOJXXfSh4b_3Xs83YKR37nXmowqyAPfa-03Z7vP5Jk;1973;;;Article;img/cover page/No Authors/1973 - Maternal Dietary Supplementation And Infant Birth Weight.webp
Oral Contraceptives And Vitamin B6;;https://raw.githubusercontent.com/peatysharing/bibliography/main/No%20Authors/1973%20-%20Oral%20Contraceptives%20And%20Vitamin%20B6.pdf;https://mega.nz/file/ohgwAJqR#fnlyum09XC8YJom3GmG2BKDfR1zwwiuwWySbBNZoKew;1973;;;Article;img/cover page/No Authors/1973 - Oral Contraceptives And Vitamin B6.webp
Riboflavin And Adrenal Cortex;;https://raw.githubusercontent.com/peatysharing/bibliography/main/No%20Authors/1973%20-%20Riboflavin%20And%20Adrenal%20Cortex.pdf;https://mega.nz/file/lh5zmLhS#Wc7WnVF-CqPqa-E_hWwKzv7C2ckslpi5Jhz3mMMblMY;1973;;;Article;img/cover page/No Authors/1973 - Riboflavin And Adrenal Cortex.webp
The Growth Of Children Given Stimulant Drugs;;https://raw.githubusercontent.com/peatysharing/bibliography/main/No%20Authors/1973%20-%20The%20Growth%20Of%20Children%20Given%20Stimulant%20Drugs.pdf;https://mega.nz/file/1xgjyajb#py2dRbFHzs-8SlkNCkzyQaTdMu8gjMhSLF5Rjb2kW4U;1973;;;Article;img/cover page/No Authors/1973 - The Growth Of Children Given Stimulant Drugs.webp
Membrane Structure And Mechanisms Of Biological Energy;;https://raw.githubusercontent.com/peatysharing/bibliography/main/Multiple%20Researchers/1974%20-%20Membrane%20Structure%20And%20Mechanisms%20Of%20Biological%20Energy.pdf;https://mega.nz/file/lgwEFDzb#gaja421az5x2kr-hlrMsKL7fQtHMRvmFeFfg89hhHSg;1974;;;Article;img/cover page/Multiple Researchers/1974 - Membrane Structure And Mechanisms Of Biological Energy.webp
Thymic Function In Malnutrition;;https://raw.githubusercontent.com/peatysharing/bibliography/main/No%20Authors/1974%20-%20Thymic%20Function%20In%20Malnutrition.pdf;https://mega.nz/file/ZkwAmCzZ#MqZvMOlNPrPrW7jo96aNr0NHHs5WLR6cAhNNAHOpf08;1974;;;Article;img/cover page/No Authors/1974 - Thymic Function In Malnutrition.webp
New Evidence Favors Breast-Feeding;;https://raw.githubusercontent.com/peatysharing/bibliography/main/No%20Authors/1975%20-%20New%20Evidence%20Favors%20Breast-Feeding.pdf;https://mega.nz/file/I5xmVDoa#5-u3MxkC082j4nDW-X6oFpSGWcpX6ZYuzWtzQbws9v8;1975;;;Article;img/cover page/No Authors/1975 - New Evidence Favors Breast-Feeding.webp
Immune Deficiency In Malnutrition;;https://raw.githubusercontent.com/peatysharing/bibliography/main/No%20Authors/1975%20-%20Immune%20Deficiency%20In%20Malnutrition.pdf;https://mega.nz/file/QghjBYrQ#0G8bITebPrdljIIJoKIpbyRb-35qEtGFFT2wbtobpt8;1975;;;Article;img/cover page/No Authors/1975 - Immune Deficiency In Malnutrition.webp
Progesterone In Large Amounts Has Immunosuppressive Effect;;https://raw.githubusercontent.com/peatysharing/bibliography/main/No%20Authors/1976%20-%20Progesterone%20In%20Large%20Amounts%20Has%20Immunosuppressive%20Effect.pdf;https://mega.nz/file/tkZgHBBD#zoWCrsf2pHN4WKUPe6-QBDzYmGLSgUoCuNHendqyixU;1976;;;Article;img/cover page/No Authors/1976 - Progesterone In Large Amounts Has Immunosuppressive Effect.webp
G. Imre mention;;https://raw.githubusercontent.com/peatysharing/bibliography/main/G.%20Imre/1977%20-%20G.%20Imre%20mention.pdf;https://mega.nz/file/E5RDyYTa#jbFIJSubt7ZuGdTErmSjjgQzNfWU4J7y05P6iAouExQ;1977;;;;img/cover page/G. Imre/1977 - G. Imre mention.webp
JAMA Questions And Answers;;https://raw.githubusercontent.com/peatysharing/bibliography/main/No%20Authors/1978%20-%20JAMA%20Questions%20And%20Answers.pdf;https://mega.nz/file/51JDAZqY#LacKYKGIGrkZk4Md5A2ukdypmLGE5No73A9sBa7psMI;1978;;;Article;img/cover page/No Authors/1978 - JAMA Questions And Answers.webp
